timestamp,current_occupancy,occupied_cells,light_states,ac_state,ac_temperature,active_profile,grid_rows,grid_columns,detection_confidence
2026-10-09 15:39:59,2,"[""r4c3"", ""r4c4"", ""r4c5"", ""r4c6"", ""r4c7"", ""r4c8"", ""r5c3"", ""r5c4"", ""r5c5"", ""r5c6"", ""r5c7"", ""r5c8"", ""r6c3"", ""r6c4"", ""r6c5"", ""r6c6"", ""r6c7"", ""r6c8""]","{""r1c1"": false, ""r1c2"": false, ""r1c3"": false, ""r1c4"": false, ""r1c5"": false, ""r1c6"": false, ""r1c7"": false, ""r1c8"": false, ""r2c1"": false, ""r2c2"": false, ""r2c3"": false, ""r2c4"": false, ""r2c5"": false, ""r2c6"": false, ""r2c7"": false, ""r2c8"": false, ""r3c1"": false, ""r3c2"": false, ""r3c3"": false, ""r3c4"": false, ""r3c5"": false, ""r3c6"": false, ""r3c7"": false, ""r3c8"": false, ""r4c1"": false, ""r4c2"": false, ""r4c3"": false, ""r4c4"": false, ""r4c5"": false, ""r4c6"": false, ""r4c7"": false, ""r4c8"": false, ""r5c1"": false, ""r5c2"": false, ""r5c3"": false, ""r5c4"": false, ""r5c5"": false, ""r5c6"": false, ""r5c7"": false, ""r5c8"": false, ""r6c1"": false, ""r6c2"": false, ""r6c3"": false, ""r6c4"": false, ""r6c5"": false, ""r6c6"": false, ""r6c7"": false, ""r6c8"": false}",ON,23,Balanced,6,8,0.6416859030723572
2026-10-09 15:40:00,1,"[""r4c3"", ""r4c4"", ""r4c5"", ""r4c6"", ""r5c3"", ""r5c4"", ""r5c5"", ""r5c6"", ""r6c3"", ""r6c4"", ""r6c5"", ""r6c6""]","{""r1c1"": false, ""r1c2"": false, ""r1c3"": false, ""r1c4"": false, ""r1c5"": false, ""r1c6"": false, ""r1c7"": false, ""r1c8"": false, ""r2c1"": false, ""r2c2"": false, ""r2c3"": false, ""r2c4"": false, ""r2c5"": false, ""r2c6"": false, ""r2c7"": false, ""r2c8"": false, ""r3c1"": false, ""r3c2"": false, ""r3c3"": false, ""r3c4"": false, ""r3c5"": false, ""r3c6"": false, ""r3c7"": false, ""r3c8"": false, ""r4c1"": false, ""r4c2"": false, ""r4c3"": false, ""r4c4"": false, ""r4c5"": false, ""r4c6"": false, ""r4c7"": false, ""r4c8"": false, ""r5c1"": false, ""r5c2"": false, ""r5c3"": false, ""r5c4"": false, ""r5c5"": false, ""r5c6"": false, ""r5c7"": false, ""r5c8"": false, ""r6c1"": false, ""r6c2"": false, ""r6c3"": false, ""r6c4"": false, ""r6c5"": false, ""r6c6"": false, ""r6c7"": false, ""r6c8"": false}",ON,23,Balanced,6,8,0.7750857472419739
2026-10-09 15:40:00,2,"[""r4c3"", ""r4c4"", ""r4c5"", ""r4c6"", ""r5c3"", ""r5c4"", ""r5c5"", ""r5c6"", ""r5c7"", ""r5c8"", ""r6c3"", ""r6c4"", ""r6c5"", ""r6c6"", ""r6c7"", ""r6c8""]","{""r1c1"": false, ""r1c2"": false, ""r1c3"": false, ""r1c4"": false, ""r1c5"": false, ""r1c6"": false, ""r1c7"": false, ""r1c8"": false, ""r2c1"": false, ""r2c2"": false, ""r2c3"": false, ""r2c4"": false, ""r2c5"": false, ""r2c6"": false, ""r2c7"": false, ""r2c8"": false, ""r3c1"": false, ""r3c2"": false, ""r3c3"": false, ""r3c4"": false, ""r3c5"": false, ""r3c6"": false, ""r3c7"": false, ""r3c8"": false, ""r4c1"": false, ""r4c2"": false, ""r4c3"": false, ""r4c4"": false, ""r4c5"": false, ""r4c6"": false, ""r4c7"": false, ""r4c8"": false, ""r5c1"": false, ""r5c2"": false, ""r5c3"": false, ""r5c4"": false, ""r5c5"": false, ""r5c6"": false, ""r5c7"": false, ""r5c8"": false, ""r6c1"": false, ""r6c2"": false, ""r6c3"": false, ""r6c4"": false, ""r6c5"": false, ""r6c6"": false, ""r6c7"": false, ""r6c8"": false}",ON,23,Balanced,6,8,0.6617370545864105
2026-10-09 15:40:01,1,"[""r4c3"", ""r4c4"", ""r4c5"", ""r4c6"", ""r4c7"", ""r4c8"", ""r5c3"", ""r5c4"", ""r5c5"", ""r5c6"", ""r5c7"", ""r5c8"", ""r6c3"", ""r6c4"", ""r6c5"", ""r6c6"", ""r6c7"", ""r6c8""]","{""r1c1"": false, ""r1c2"": false, ""r1c3"": false, ""r1c4"": false, ""r1c5"": false, ""r1c6"": false, ""r1c7"": false, ""r1c8"": false, ""r2c1"": false, ""r2c2"": false, ""r2c3"": false, ""r2c4"": false, ""r2c5"": false, ""r2c6"": false, ""r2c7"": false, ""r2c8"": false, ""r3c1"": false, ""r3c2"": false, ""r3c3"": false, ""r3c4"": false, ""r3c5"": false, ""r3c6"": false, ""r3c7"": false, ""r3c8"": false, ""r4c1"": false, ""r4c2"": false, ""r4c3"": false, ""r4c4"": false, ""r4c5"": false, ""r4c6"": false, ""r4c7"": false, ""r4c8"": false, ""r5c1"": false, ""r5c2"": false, ""r5c3"": false, ""r5c4"": false, ""r5c5"": false, ""r5c6"": false, ""r5c7"": false, ""r5c8"": false, ""r6c1"": false, ""r6c2"": false, ""r6c3"": false, ""r6c4"": false, ""r6c5"": false, ""r6c6"": false, ""r6c7"": false, ""r6c8"": false}",ON,23,Balanced,6,8,0.7660233974456787
2026-10-09 15:40:01,2,"[""r1c1"", ""r1c2"", ""r1c3"", ""r1c4"", ""r1c5"", ""r1c6"", ""r1c7"", ""r1c8"", ""r2c1"", ""r2c2"", ""r2c3"", ""r2c4"", ""r2c5"", ""r2c6"", ""r2c7"", ""r2c8"", ""r3c1"", ""r3c2"", ""r3c3"", ""r3c4"", ""r3c5"", ""r3c6"", ""r3c7"", ""r3c8"", ""r4c1"", ""r4c2"", ""r4c3"", ""r4c4"", ""r4c5"", ""r4c6"", ""r4c7"", ""r4c8"", ""r5c1"", ""r5c2"", ""r5c3"", ""r5c4"", ""r5c5"", ""r5c6"", ""r5c7"", ""r5c8"", ""r6c1"", ""r6c2"", ""r6c3"", ""r6c4"", ""r6c5"", ""r6c6"", ""r6c7"", ""r6c8""]","{""r1c1"": false, ""r1c2"": false, ""r1c3"": false, ""r1c4"": false, ""r1c5"": false, ""r1c6"": false, ""r1c7"": false, ""r1c8"": false, ""r2c1"": false, ""r2c2"": false, ""r2c3"": false, ""r2c4"": false, ""r2c5"": false, ""r2c6"": false, ""r2c7"": false, ""r2c8"": false, ""r3c1"": false, ""r3c2"": false, ""r3c3"": false, ""r3c4"": false, ""r3c5"": false, ""r3c6"": false, ""r3c7"": false, ""r3c8"": false, ""r4c1"": false, ""r4c2"": false, ""r4c3"": false, ""r4c4"": false, ""r4c5"": false, ""r4c6"": false, ""r4c7"": false, ""r4c8"": false, ""r5c1"": false, ""r5c2"": false, ""r5c3"": false, ""r5c4"": false, ""r5c5"": false, ""r5c6"": false, ""r5c7"": false, ""r5c8"": false, ""r6c1"": false, ""r6c2"": false, ""r6c3"": false, ""r6c4"": false, ""r6c5"": false, ""r6c6"": false, ""r6c7"": false, ""r6c8"": false}",ON,23,Balanced,6,8,0.761149525642395
2026-10-09 15:40:01,1,"[""r1c1"", ""r1c2"", ""r1c3"", ""r1c4"", ""r1c5"", ""r1c6"", ""r1c7"", ""r1c8"", ""r2c1"", ""r2c2"", ""r2c3"", ""r2c4"", ""r2c5"", ""r2c6"", ""r2c7"", ""r2c8"", ""r3c1"", ""r3c2"", ""r3c3"", ""r3c4"", ""r3c5"", ""r3c6"", ""r3c7"", ""r3c8"", ""r4c1"", ""r4c2"", ""r4c3"", ""r4c4"", ""r4c5"", ""r4c6"", ""r4c7"", ""r4c8"", ""r5c1"", ""r5c2"", ""r5c3"", ""r5c4"", ""r5c5"", ""r5c6"", ""r5c7"", ""r5c8"", ""r6c1"", ""r6c2"", ""r6c3"", ""r6c4"", ""r6c5"", ""r6c6"", ""r6c7"", ""r6c8""]","{""r1c1"": false, ""r1c2"": false, ""r1c3"": false, ""r1c4"": false, ""r1c5"": false, ""r1c6"": false, ""r1c7"": false, ""r1c8"": false, ""r2c1"": false, ""r2c2"": false, ""r2c3"": false, ""r2c4"": false, ""r2c5"": false, ""r2c6"": false, ""r2c7"": false, ""r2c8"": false, ""r3c1"": false, ""r3c2"": false, ""r3c3"": false, ""r3c4"": false, ""r3c5"": false, ""r3c6"": false, ""r3c7"": false, ""r3c8"": false, ""r4c1"": false, ""r4c2"": false, ""r4c3"": false, ""r4c4"": false, ""r4c5"": false, ""r4c6"": false, ""r4c7"": false, ""r4c8"": false, ""r5c1"": false, ""r5c2"": false, ""r5c3"": false, ""r5c4"": false, ""r5c5"": false, ""r5c6"": false, ""r5c7"": false, ""r5c8"": false, ""r6c1"": false, ""r6c2"": false, ""r6c3"": false, ""r6c4"": false, ""r6c5"": false, ""r6c6"": false, ""r6c7"": false, ""r6c8"": false}",ON,23,Balanced,6,8,0.8921828866004944
2026-10-09 15:40:02,2,"[""r1c1"", ""r1c2"", ""r1c3"", ""r1c4"", ""r1c5"", ""r1c6"", ""r1c7"", ""r1c8"", ""r2c1"", ""r2c2"", ""r2c3"", ""r2c4"", ""r2c5"", ""r2c6"", ""r2c7"", ""r2c8"", ""r3c1"", ""r3c2"", ""r3c3"", ""r3c4"", ""r3c5"", ""r3c6"", ""r3c7"", ""r3c8"", ""r4c1"", ""r4c2"", ""r4c3"", ""r4c4"", ""r4c5"", ""r4c6"", ""r4c7"", ""r4c8"", ""r5c1"", ""r5c2"", ""r5c3"", ""r5c4"", ""r5c5"", ""r5c6"", ""r5c7"", ""r5c8"", ""r6c1"", ""r6c2"", ""r6c3"", ""r6c4"", ""r6c5"", ""r6c6"", ""r6c7"", ""r6c8""]","{""r1c1"": false, ""r1c2"": false, ""r1c3"": false, ""r1c4"": false, ""r1c5"": false, ""r1c6"": false, ""r1c7"": false, ""r1c8"": false, ""r2c1"": false, ""r2c2"": false, ""r2c3"": false, ""r2c4"": false, ""r2c5"": false, ""r2c6"": false, ""r2c7"": false, ""r2c8"": false, ""r3c1"": false, ""r3c2"": false, ""r3c3"": false, ""r3c4"": false, ""r3c5"": false, ""r3c6"": false, ""r3c7"": false, ""r3c8"": false, ""r4c1"": false, ""r4c2"": false, ""r4c3"": false, ""r4c4"": false, ""r4c5"": false, ""r4c6"": false, ""r4c7"": false, ""r4c8"": false, ""r5c1"": false, ""r5c2"": false, ""r5c3"": false, ""r5c4"": false, ""r5c5"": false, ""r5c6"": false, ""r5c7"": false, ""r5c8"": false, ""r6c1"": false, ""r6c2"": false, ""r6c3"": false, ""r6c4"": false, ""r6c5"": false, ""r6c6"": false, ""r6c7"": false, ""r6c8"": false}",ON,23,Balanced,6,8,0.7943847477436066
2026-10-09 15:40:02,1,"[""r1c1"", ""r1c2"", ""r1c3"", ""r1c4"", ""r1c5"", ""r1c6"", ""r1c7"", ""r1c8"", ""r2c1"", ""r2c2"", ""r2c3"", ""r2c4"", ""r2c5"", ""r2c6"", ""r2c7"", ""r2c8"", ""r3c1"", ""r3c2"", ""r3c3"", ""r3c4"", ""r3c5"", ""r3c6"", ""r3c7"", ""r3c8"", ""r4c1"", ""r4c2"", ""r4c3"", ""r4c4"", ""r4c5"", ""r4c6"", ""r4c7"", ""r4c8"", ""r5c1"", ""r5c2"", ""r5c3"", ""r5c4"", ""r5c5"", ""r5c6"", ""r5c7"", ""r5c8"", ""r6c2"", ""r6c3"", ""r6c4"", ""r6c5"", ""r6c6"", ""r6c7"", ""r6c8""]","{""r1c1"": false, ""r1c2"": false, ""r1c3"": false, ""r1c4"": false, ""r1c5"": false, ""r1c6"": false, ""r1c7"": false, ""r1c8"": false, ""r2c1"": false, ""r2c2"": false, ""r2c3"": false, ""r2c4"": false, ""r2c5"": false, ""r2c6"": false, ""r2c7"": false, ""r2c8"": false, ""r3c1"": false, ""r3c2"": false, ""r3c3"": false, ""r3c4"": false, ""r3c5"": false, ""r3c6"": false, ""r3c7"": false, ""r3c8"": false, ""r4c1"": false, ""r4c2"": false, ""r4c3"": false, ""r4c4"": false, ""r4c5"": false, ""r4c6"": false, ""r4c7"": false, ""r4c8"": false, ""r5c1"": false, ""r5c2"": false, ""r5c3"": false, ""r5c4"": false, ""r5c5"": false, ""r5c6"": false, ""r5c7"": false, ""r5c8"": false, ""r6c1"": false, ""r6c2"": false, ""r6c3"": false, ""r6c4"": false, ""r6c5"": false, ""r6c6"": false, ""r6c7"": false, ""r6c8"": false}",ON,23,Balanced,6,8,0.8903363943099976
2026-10-09 15:40:02,2,"[""r1c1"", ""r1c2"", ""r1c3"", ""r1c4"", ""r1c5"", ""r1c6"", ""r1c7"", ""r1c8"", ""r2c1"", ""r2c2"", ""r2c3"", ""r2c4"", ""r2c5"", ""r2c6"", ""r2c7"", ""r2c8"", ""r3c1"", ""r3c2"", ""r3c3"", ""r3c4"", ""r3c5"", ""r3c6"", ""r3c7"", ""r3c8"", ""r4c2"", ""r4c3"", ""r4c4"", ""r4c5"", ""r4c6"", ""r4c7"", ""r4c8"", ""r5c2"", ""r5c3"", ""r5c4"", ""r5c5"", ""r5c6"", ""r5c7"", ""r5c8"", ""r6c2"", ""r6c3"", ""r6c4"", ""r6c5"", ""r6c6"", ""r6c7"", ""r6c8""]","{""r1c1"": false, ""r1c2"": false, ""r1c3"": false, ""r1c4"": false, ""r1c5"": false, ""r1c6"": false, ""r1c7"": false, ""r1c8"": false, ""r2c1"": false, ""r2c2"": false, ""r2c3"": false, ""r2c4"": false, ""r2c5"": false, ""r2c6"": false, ""r2c7"": false, ""r2c8"": false, ""r3c1"": false, ""r3c2"": false, ""r3c3"": false, ""r3c4"": false, ""r3c5"": false, ""r3c6"": false, ""r3c7"": false, ""r3c8"": false, ""r4c1"": false, ""r4c2"": false, ""r4c3"": false, ""r4c4"": false, ""r4c5"": false, ""r4c6"": false, ""r4c7"": false, ""r4c8"": false, ""r5c1"": false, ""r5c2"": false, ""r5c3"": false, ""r5c4"": false, ""r5c5"": false, ""r5c6"": false, ""r5c7"": false, ""r5c8"": false, ""r6c1"": false, ""r6c2"": false, ""r6c3"": false, ""r6c4"": false, ""r6c5"": false, ""r6c6"": false, ""r6c7"": false, ""r6c8"": false}",ON,23,Balanced,6,8,0.7276534736156464
2026-10-09 15:40:02,3,"[""r2c2"", ""r2c3"", ""r2c4"", ""r2c5"", ""r2c6"", ""r2c7"", ""r2c8"", ""r3c2"", ""r3c3"", ""r3c4"", ""r3c5"", ""r3c6"", ""r3c7"", ""r3c8"", ""r4c2"", ""r4c3"", ""r4c4"", ""r4c5"", ""r4c6"", ""r4c7"", ""r4c8"", ""r5c2"", ""r5c3"", ""r5c4"", ""r5c5"", ""r5c6"", ""r5c7"", ""r5c8"", ""r6c2"", ""r6c3"", ""r6c4"", ""r6c5"", ""r6c6"", ""r6c7"", ""r6c8""]","{""r1c1"": false, ""r1c2"": false, ""r1c3"": false, ""r1c4"": false, ""r1c5"": false, ""r1c6"": false, ""r1c7"": false, ""r1c8"": false, ""r2c1"": false, ""r2c2"": false, ""r2c3"": false, ""r2c4"": false, ""r2c5"": false, ""r2c6"": false, ""r2c7"": false, ""r2c8"": false, ""r3c1"": false, ""r3c2"": false, ""r3c3"": false, ""r3c4"": false, ""r3c5"": false, ""r3c6"": false, ""r3c7"": false, ""r3c8"": false, ""r4c1"": false, ""r4c2"": false, ""r4c3"": false, ""r4c4"": false, ""r4c5"": false, ""r4c6"": false, ""r4c7"": false, ""r4c8"": false, ""r5c1"": false, ""r5c2"": false, ""r5c3"": false, ""r5c4"": false, ""r5c5"": false, ""r5c6"": false, ""r5c7"": false, ""r5c8"": false, ""r6c1"": false, ""r6c2"": false, ""r6c3"": false, ""r6c4"": false, ""r6c5"": false, ""r6c6"": false, ""r6c7"": false, ""r6c8"": false}",ON,23,Balanced,6,8,0.7405889431635538
2026-10-09 15:40:02,2,"[""r2c2"", ""r2c3"", ""r2c4"", ""r2c5"", ""r2c6"", ""r2c7"", ""r2c8"", ""r3c2"", ""r3c3"", ""r3c4"", ""r3c5"", ""r3c6"", ""r3c7"", ""r3c8"", ""r4c2"", ""r4c3"", ""r4c4"", ""r4c5"", ""r4c6"", ""r4c7"", ""r4c8"", ""r5c2"", ""r5c3"", ""r5c4"", ""r5c5"", ""r5c6"", ""r5c7"", ""r5c8"", ""r6c2"", ""r6c3"", ""r6c4"", ""r6c5"", ""r6c6"", ""r6c7"", ""r6c8""]","{""r1c1"": false, ""r1c2"": false, ""r1c3"": false, ""r1c4"": false, ""r1c5"": false, ""r1c6"": false, ""r1c7"": false, ""r1c8"": false, ""r2c1"": false, ""r2c2"": false, ""r2c3"": false, ""r2c4"": false, ""r2c5"": false, ""r2c6"": false, ""r2c7"": false, ""r2c8"": false, ""r3c1"": false, ""r3c2"": false, ""r3c3"": false, ""r3c4"": false, ""r3c5"": false, ""r3c6"": false, ""r3c7"": false, ""r3c8"": false, ""r4c1"": false, ""r4c2"": false, ""r4c3"": false, ""r4c4"": false, ""r4c5"": false, ""r4c6"": false, ""r4c7"": false, ""r4c8"": false, ""r5c1"": false, ""r5c2"": false, ""r5c3"": false, ""r5c4"": false, ""r5c5"": false, ""r5c6"": false, ""r5c7"": false, ""r5c8"": false, ""r6c1"": false, ""r6c2"": false, ""r6c3"": false, ""r6c4"": false, ""r6c5"": false, ""r6c6"": false, ""r6c7"": false, ""r6c8"": false}",ON,23,Balanced,6,8,0.8148726224899292
2026-10-09 15:40:02,1,"[""r2c2"", ""r2c3"", ""r2c4"", ""r2c5"", ""r2c6"", ""r2c7"", ""r2c8"", ""r3c2"", ""r3c3"", ""r3c4"", ""r3c5"", ""r3c6"", ""r3c7"", ""r3c8"", ""r4c2"", ""r4c3"", ""r4c4"", ""r4c5"", ""r4c6"", ""r4c7"", ""r4c8"", ""r5c2"", ""r5c3"", ""r5c4"", ""r5c5"", ""r5c6"", ""r5c7"", ""r5c8"", ""r6c2"", ""r6c3"", ""r6c4"", ""r6c5"", ""r6c6"", ""r6c7"", ""r6c8""]","{""r1c1"": false, ""r1c2"": false, ""r1c3"": false, ""r1c4"": false, ""r1c5"": false, ""r1c6"": false, ""r1c7"": false, ""r1c8"": false, ""r2c1"": false, ""r2c2"": false, ""r2c3"": false, ""r2c4"": false, ""r2c5"": false, ""r2c6"": false, ""r2c7"": false, ""r2c8"": false, ""r3c1"": false, ""r3c2"": false, ""r3c3"": false, ""r3c4"": false, ""r3c5"": false, ""r3c6"": false, ""r3c7"": false, ""r3c8"": false, ""r4c1"": false, ""r4c2"": false, ""r4c3"": false, ""r4c4"": false, ""r4c5"": false, ""r4c6"": false, ""r4c7"": false, ""r4c8"": false, ""r5c1"": false, ""r5c2"": false, ""r5c3"": false, ""r5c4"": false, ""r5c5"": false, ""r5c6"": false, ""r5c7"": false, ""r5c8"": false, ""r6c1"": false, ""r6c2"": false, ""r6c3"": false, ""r6c4"": false, ""r6c5"": false, ""r6c6"": false, ""r6c7"": false, ""r6c8"": false}",ON,23,Balanced,6,8,0.8523906469345093
2026-10-09 15:40:02,2,"[""r3c2"", ""r3c3"", ""r3c4"", ""r3c5"", ""r3c6"", ""r3c7"", ""r3c8"", ""r4c1"", ""r4c2"", ""r4c3"", ""r4c4"", ""r4c5"", ""r4c6"", ""r4c7"", ""r4c8"", ""r5c1"", ""r5c2"", ""r5c3"", ""r5c4"", ""r5c5"", ""r5c6"", ""r5c7"", ""r5c8"", ""r6c1"", ""r6c2"", ""r6c3"", ""r6c4"", ""r6c5"", ""r6c6"", ""r6c7"", ""r6c8""]","{""r1c1"": false, ""r1c2"": false, ""r1c3"": false, ""r1c4"": false, ""r1c5"": false, ""r1c6"": false, ""r1c7"": false, ""r1c8"": false, ""r2c1"": false, ""r2c2"": false, ""r2c3"": false, ""r2c4"": false, ""r2c5"": false, ""r2c6"": false, ""r2c7"": false, ""r2c8"": false, ""r3c1"": false, ""r3c2"": false, ""r3c3"": false, ""r3c4"": false, ""r3c5"": false, ""r3c6"": false, ""r3c7"": false, ""r3c8"": false, ""r4c1"": false, ""r4c2"": false, ""r4c3"": false, ""r4c4"": false, ""r4c5"": false, ""r4c6"": false, ""r4c7"": false, ""r4c8"": false, ""r5c1"": false, ""r5c2"": false, ""r5c3"": false, ""r5c4"": false, ""r5c5"": false, ""r5c6"": false, ""r5c7"": false, ""r5c8"": false, ""r6c1"": false, ""r6c2"": false, ""r6c3"": false, ""r6c4"": false, ""r6c5"": false, ""r6c6"": false, ""r6c7"": false, ""r6c8"": false}",ON,23,Balanced,6,8,0.8074864745140076
2026-10-09 15:40:02,3,"[""r3c3"", ""r3c4"", ""r3c5"", ""r3c6"", ""r3c7"", ""r3c8"", ""r4c1"", ""r4c2"", ""r4c3"", ""r4c4"", ""r4c5"", ""r4c6"", ""r4c7"", ""r4c8"", ""r5c1"", ""r5c2"", ""r5c3"", ""r5c4"", ""r5c5"", ""r5c6"", ""r5c7"", ""r5c8"", ""r6c1"", ""r6c2"", ""r6c3"", ""r6c4"", ""r6c5"", ""r6c6"", ""r6c7"", ""r6c8""]","{""r1c1"": false, ""r1c2"": false, ""r1c3"": false, ""r1c4"": false, ""r1c5"": false, ""r1c6"": false, ""r1c7"": false, ""r1c8"": false, ""r2c1"": false, ""r2c2"": false, ""r2c3"": false, ""r2c4"": false, ""r2c5"": false, ""r2c6"": false, ""r2c7"": false, ""r2c8"": false, ""r3c1"": false, ""r3c2"": false, ""r3c3"": false, ""r3c4"": false, ""r3c5"": false, ""r3c6"": false, ""r3c7"": false, ""r3c8"": false, ""r4c1"": false, ""r4c2"": false, ""r4c3"": false, ""r4c4"": false, ""r4c5"": false, ""r4c6"": false, ""r4c7"": false, ""r4c8"": false, ""r5c1"": false, ""r5c2"": false, ""r5c3"": false, ""r5c4"": false, ""r5c5"": false, ""r5c6"": false, ""r5c7"": false, ""r5c8"": false, ""r6c1"": false, ""r6c2"": false, ""r6c3"": false, ""r6c4"": false, ""r6c5"": false, ""r6c6"": false, ""r6c7"": false, ""r6c8"": false}",ON,23,Balanced,6,8,0.8037258187929789
2026-10-09 15:40:03,4,"[""r4c3"", ""r4c4"", ""r4c5"", ""r4c6"", ""r4c7"", ""r4c8"", ""r5c1"", ""r5c2"", ""r5c3"", ""r5c4"", ""r5c5"", ""r5c6"", ""r5c7"", ""r5c8"", ""r6c1"", ""r6c2"", ""r6c3"", ""r6c4"", ""r6c5"", ""r6c6"", ""r6c7"", ""r6c8""]","{""r1c1"": false, ""r1c2"": false, ""r1c3"": false, ""r1c4"": false, ""r1c5"": false, ""r1c6"": false, ""r1c7"": false, ""r1c8"": false, ""r2c1"": false, ""r2c2"": false, ""r2c3"": false, ""r2c4"": false, ""r2c5"": false, ""r2c6"": false, ""r2c7"": false, ""r2c8"": false, ""r3c1"": false, ""r3c2"": false, ""r3c3"": false, ""r3c4"": false, ""r3c5"": false, ""r3c6"": false, ""r3c7"": false, ""r3c8"": false, ""r4c1"": false, ""r4c2"": false, ""r4c3"": false, ""r4c4"": false, ""r4c5"": false, ""r4c6"": false, ""r4c7"": false, ""r4c8"": false, ""r5c1"": false, ""r5c2"": false, ""r5c3"": false, ""r5c4"": false, ""r5c5"": false, ""r5c6"": false, ""r5c7"": false, ""r5c8"": false, ""r6c1"": false, ""r6c2"": false, ""r6c3"": false, ""r6c4"": false, ""r6c5"": false, ""r6c6"": false, ""r6c7"": false, ""r6c8"": false}",ON,23,Balanced,6,8,0.8003535568714142
2026-10-09 15:40:03,3,"[""r4c3"", ""r4c4"", ""r4c5"", ""r4c6"", ""r4c7"", ""r4c8"", ""r5c1"", ""r5c2"", ""r5c3"", ""r5c4"", ""r5c5"", ""r5c6"", ""r5c7"", ""r5c8"", ""r6c1"", ""r6c2"", ""r6c3"", ""r6c4"", ""r6c5"", ""r6c6"", ""r6c7"", ""r6c8""]","{""r1c1"": false, ""r1c2"": false, ""r1c3"": false, ""r1c4"": false, ""r1c5"": false, ""r1c6"": false, ""r1c7"": false, ""r1c8"": false, ""r2c1"": false, ""r2c2"": false, ""r2c3"": false, ""r2c4"": false, ""r2c5"": false, ""r2c6"": false, ""r2c7"": false, ""r2c8"": false, ""r3c1"": false, ""r3c2"": false, ""r3c3"": false, ""r3c4"": false, ""r3c5"": false, ""r3c6"": false, ""r3c7"": false, ""r3c8"": false, ""r4c1"": false, ""r4c2"": false, ""r4c3"": false, ""r4c4"": false, ""r4c5"": false, ""r4c6"": false, ""r4c7"": false, ""r4c8"": false, ""r5c1"": false, ""r5c2"": false, ""r5c3"": false, ""r5c4"": false, ""r5c5"": false, ""r5c6"": false, ""r5c7"": false, ""r5c8"": false, ""r6c1"": false, ""r6c2"": false, ""r6c3"": false, ""r6c4"": false, ""r6c5"": false, ""r6c6"": false, ""r6c7"": false, ""r6c8"": false}",ON,23,Balanced,6,8,0.7497583627700806
2026-10-09 15:40:04,4,"[""r4c3"", ""r4c4"", ""r4c5"", ""r4c6"", ""r4c7"", ""r4c8"", ""r5c1"", ""r5c2"", ""r5c3"", ""r5c4"", ""r5c5"", ""r5c6"", ""r5c7"", ""r5c8"", ""r6c1"", ""r6c2"", ""r6c3"", ""r6c4"", ""r6c5"", ""r6c6"", ""r6c7"", ""r6c8""]","{""r1c1"": false, ""r1c2"": false, ""r1c3"": false, ""r1c4"": false, ""r1c5"": false, ""r1c6"": false, ""r1c7"": false, ""r1c8"": false, ""r2c1"": false, ""r2c2"": false, ""r2c3"": false, ""r2c4"": false, ""r2c5"": false, ""r2c6"": false, ""r2c7"": false, ""r2c8"": false, ""r3c1"": false, ""r3c2"": false, ""r3c3"": false, ""r3c4"": false, ""r3c5"": false, ""r3c6"": false, ""r3c7"": false, ""r3c8"": false, ""r4c1"": false, ""r4c2"": false, ""r4c3"": false, ""r4c4"": false, ""r4c5"": false, ""r4c6"": false, ""r4c7"": false, ""r4c8"": false, ""r5c1"": false, ""r5c2"": false, ""r5c3"": false, ""r5c4"": false, ""r5c5"": false, ""r5c6"": false, ""r5c7"": false, ""r5c8"": false, ""r6c1"": false, ""r6c2"": false, ""r6c3"": false, ""r6c4"": false, ""r6c5"": false, ""r6c6"": false, ""r6c7"": false, ""r6c8"": false}",ON,23,Balanced,6,8,0.7388573884963989
2026-10-09 15:40:04,3,"[""r4c3"", ""r4c4"", ""r4c5"", ""r4c6"", ""r4c7"", ""r4c8"", ""r5c1"", ""r5c2"", ""r5c3"", ""r5c4"", ""r5c5"", ""r5c6"", ""r5c7"", ""r5c8"", ""r6c1"", ""r6c2"", ""r6c3"", ""r6c4"", ""r6c5"", ""r6c6"", ""r6c7"", ""r6c8""]","{""r1c1"": false, ""r1c2"": false, ""r1c3"": false, ""r1c4"": false, ""r1c5"": false, ""r1c6"": false, ""r1c7"": false, ""r1c8"": false, ""r2c1"": false, ""r2c2"": false, ""r2c3"": false, ""r2c4"": false, ""r2c5"": false, ""r2c6"": false, ""r2c7"": false, ""r2c8"": false, ""r3c1"": false, ""r3c2"": false, ""r3c3"": false, ""r3c4"": false, ""r3c5"": false, ""r3c6"": false, ""r3c7"": false, ""r3c8"": false, ""r4c1"": false, ""r4c2"": false, ""r4c3"": false, ""r4c4"": false, ""r4c5"": false, ""r4c6"": false, ""r4c7"": false, ""r4c8"": false, ""r5c1"": false, ""r5c2"": false, ""r5c3"": false, ""r5c4"": false, ""r5c5"": false, ""r5c6"": false, ""r5c7"": false, ""r5c8"": false, ""r6c1"": false, ""r6c2"": false, ""r6c3"": false, ""r6c4"": false, ""r6c5"": false, ""r6c6"": false, ""r6c7"": false, ""r6c8"": false}",ON,23,Balanced,6,8,0.8126753767331442
2026-10-09 15:40:09,4,"[""r4c3"", ""r4c4"", ""r4c5"", ""r4c6"", ""r4c7"", ""r4c8"", ""r5c1"", ""r5c2"", ""r5c3"", ""r5c4"", ""r5c5"", ""r5c6"", ""r5c7"", ""r5c8"", ""r6c1"", ""r6c2"", ""r6c3"", ""r6c4"", ""r6c5"", ""r6c6"", ""r6c7"", ""r6c8""]","{""r1c1"": false, ""r1c2"": false, ""r1c3"": false, ""r1c4"": false, ""r1c5"": false, ""r1c6"": false, ""r1c7"": false, ""r1c8"": false, ""r2c1"": false, ""r2c2"": false, ""r2c3"": false, ""r2c4"": false, ""r2c5"": false, ""r2c6"": false, ""r2c7"": false, ""r2c8"": false, ""r3c1"": false, ""r3c2"": false, ""r3c3"": false, ""r3c4"": false, ""r3c5"": false, ""r3c6"": false, ""r3c7"": false, ""r3c8"": false, ""r4c1"": false, ""r4c2"": false, ""r4c3"": false, ""r4c4"": false, ""r4c5"": false, ""r4c6"": false, ""r4c7"": false, ""r4c8"": false, ""r5c1"": false, ""r5c2"": false, ""r5c3"": false, ""r5c4"": false, ""r5c5"": false, ""r5c6"": false, ""r5c7"": false, ""r5c8"": false, ""r6c1"": false, ""r6c2"": false, ""r6c3"": false, ""r6c4"": false, ""r6c5"": false, ""r6c6"": false, ""r6c7"": false, ""r6c8"": false}",ON,23,Balanced,6,8,0.7470127493143082
2026-10-09 15:40:09,3,"[""r4c3"", ""r4c4"", ""r4c5"", ""r4c6"", ""r4c7"", ""r4c8"", ""r5c1"", ""r5c2"", ""r5c3"", ""r5c4"", ""r5c5"", ""r5c6"", ""r5c7"", ""r5c8"", ""r6c1"", ""r6c2"", ""r6c3"", ""r6c4"", ""r6c5"", ""r6c6"", ""r6c7"", ""r6c8""]","{""r1c1"": false, ""r1c2"": false, ""r1c3"": false, ""r1c4"": false, ""r1c5"": false, ""r1c6"": false, ""r1c7"": false, ""r1c8"": false, ""r2c1"": false, ""r2c2"": false, ""r2c3"": false, ""r2c4"": false, ""r2c5"": false, ""r2c6"": false, ""r2c7"": false, ""r2c8"": false, ""r3c1"": false, ""r3c2"": false, ""r3c3"": false, ""r3c4"": false, ""r3c5"": false, ""r3c6"": false, ""r3c7"": false, ""r3c8"": false, ""r4c1"": false, ""r4c2"": false, ""r4c3"": false, ""r4c4"": false, ""r4c5"": false, ""r4c6"": false, ""r4c7"": false, ""r4c8"": false, ""r5c1"": false, ""r5c2"": false, ""r5c3"": false, ""r5c4"": false, ""r5c5"": false, ""r5c6"": false, ""r5c7"": false, ""r5c8"": false, ""r6c1"": false, ""r6c2"": false, ""r6c3"": false, ""r6c4"": false, ""r6c5"": false, ""r6c6"": false, ""r6c7"": false, ""r6c8"": false}",ON,23,Balanced,6,8,0.8291217883427938
2026-10-09 15:40:09,3,"[""r4c3"", ""r4c4"", ""r4c5"", ""r4c6"", ""r4c7"", ""r4c8"", ""r5c1"", ""r5c2"", ""r5c3"", ""r5c4"", ""r5c5"", ""r5c6"", ""r5c7"", ""r5c8"", ""r6c1"", ""r6c2"", ""r6c3"", ""r6c4"", ""r6c5"", ""r6c6"", ""r6c7"", ""r6c8""]","{""r1c1"": false, ""r1c2"": false, ""r1c3"": false, ""r1c4"": false, ""r1c5"": false, ""r1c6"": false, ""r1c7"": false, ""r1c8"": false, ""r2c1"": false, ""r2c2"": false, ""r2c3"": false, ""r2c4"": false, ""r2c5"": false, ""r2c6"": false, ""r2c7"": false, ""r2c8"": false, ""r3c1"": false, ""r3c2"": false, ""r3c3"": false, ""r3c4"": false, ""r3c5"": false, ""r3c6"": false, ""r3c7"": false, ""r3c8"": false, ""r4c1"": false, ""r4c2"": false, ""r4c3"": true, ""r4c4"": true, ""r4c5"": true, ""r4c6"": true, ""r4c7"": false, ""r4c8"": false, ""r5c1"": false, ""r5c2"": false, ""r5c3"": true, ""r5c4"": true, ""r5c5"": true, ""r5c6"": true, ""r5c7"": false, ""r5c8"": false, ""r6c1"": false, ""r6c2"": false, ""r6c3"": true, ""r6c4"": true, ""r6c5"": true, ""r6c6"": false, ""r6c7"": false, ""r6c8"": false}",ON,23,Balanced,6,8,0.8155448238054911
2026-10-09 15:40:10,4,"[""r4c3"", ""r4c4"", ""r4c5"", ""r4c6"", ""r4c7"", ""r4c8"", ""r5c1"", ""r5c2"", ""r5c3"", ""r5c4"", ""r5c5"", ""r5c6"", ""r5c7"", ""r5c8"", ""r6c1"", ""r6c2"", ""r6c3"", ""r6c4"", ""r6c5"", ""r6c6"", ""r6c7"", ""r6c8""]","{""r1c1"": false, ""r1c2"": false, ""r1c3"": false, ""r1c4"": false, ""r1c5"": false, ""r1c6"": false, ""r1c7"": false, ""r1c8"": false, ""r2c1"": false, ""r2c2"": false, ""r2c3"": false, ""r2c4"": false, ""r2c5"": false, ""r2c6"": false, ""r2c7"": false, ""r2c8"": false, ""r3c1"": false, ""r3c2"": false, ""r3c3"": false, ""r3c4"": false, ""r3c5"": false, ""r3c6"": false, ""r3c7"": false, ""r3c8"": false, ""r4c1"": false, ""r4c2"": false, ""r4c3"": true, ""r4c4"": true, ""r4c5"": true, ""r4c6"": true, ""r4c7"": false, ""r4c8"": false, ""r5c1"": false, ""r5c2"": false, ""r5c3"": true, ""r5c4"": true, ""r5c5"": true, ""r5c6"": true, ""r5c7"": false, ""r5c8"": false, ""r6c1"": false, ""r6c2"": false, ""r6c3"": true, ""r6c4"": true, ""r6c5"": true, ""r6c6"": false, ""r6c7"": false, ""r6c8"": false}",ON,23,Balanced,6,8,0.7425537705421448
2026-10-09 15:40:10,3,"[""r4c3"", ""r4c4"", ""r4c5"", ""r4c6"", ""r4c7"", ""r4c8"", ""r5c1"", ""r5c2"", ""r5c3"", ""r5c4"", ""r5c5"", ""r5c6"", ""r5c7"", ""r5c8"", ""r6c1"", ""r6c2"", ""r6c3"", ""r6c4"", ""r6c5"", ""r6c6"", ""r6c7"", ""r6c8""]","{""r1c1"": false, ""r1c2"": false, ""r1c3"": false, ""r1c4"": false, ""r1c5"": false, ""r1c6"": false, ""r1c7"": false, ""r1c8"": false, ""r2c1"": false, ""r2c2"": false, ""r2c3"": false, ""r2c4"": false, ""r2c5"": false, ""r2c6"": false, ""r2c7"": false, ""r2c8"": false, ""r3c1"": false, ""r3c2"": false, ""r3c3"": false, ""r3c4"": false, ""r3c5"": false, ""r3c6"": false, ""r3c7"": false, ""r3c8"": false, ""r4c1"": false, ""r4c2"": false, ""r4c3"": true, ""r4c4"": true, ""r4c5"": true, ""r4c6"": true, ""r4c7"": false, ""r4c8"": false, ""r5c1"": false, ""r5c2"": false, ""r5c3"": true, ""r5c4"": true, ""r5c5"": true, ""r5c6"": true, ""r5c7"": false, ""r5c8"": false, ""r6c1"": false, ""r6c2"": false, ""r6c3"": true, ""r6c4"": true, ""r6c5"": true, ""r6c6"": false, ""r6c7"": false, ""r6c8"": false}",ON,23,Balanced,6,8,0.8143338561058044
2026-10-09 15:40:10,4,"[""r4c3"", ""r4c4"", ""r4c5"", ""r4c6"", ""r4c7"", ""r4c8"", ""r5c1"", ""r5c2"", ""r5c3"", ""r5c4"", ""r5c5"", ""r5c6"", ""r5c7"", ""r5c8"", ""r6c1"", ""r6c2"", ""r6c3"", ""r6c4"", ""r6c5"", ""r6c6"", ""r6c7"", ""r6c8""]","{""r1c1"": false, ""r1c2"": false, ""r1c3"": false, ""r1c4"": false, ""r1c5"": false, ""r1c6"": false, ""r1c7"": false, ""r1c8"": false, ""r2c1"": false, ""r2c2"": false, ""r2c3"": false, ""r2c4"": false, ""r2c5"": false, ""r2c6"": false, ""r2c7"": false, ""r2c8"": false, ""r3c1"": false, ""r3c2"": false, ""r3c3"": false, ""r3c4"": false, ""r3c5"": false, ""r3c6"": false, ""r3c7"": false, ""r3c8"": false, ""r4c1"": false, ""r4c2"": false, ""r4c3"": true, ""r4c4"": true, ""r4c5"": true, ""r4c6"": true, ""r4c7"": false, ""r4c8"": false, ""r5c1"": false, ""r5c2"": false, ""r5c3"": true, ""r5c4"": true, ""r5c5"": true, ""r5c6"": true, ""r5c7"": false, ""r5c8"": false, ""r6c1"": false, ""r6c2"": false, ""r6c3"": true, ""r6c4"": true, ""r6c5"": true, ""r6c6"": false, ""r6c7"": false, ""r6c8"": false}",ON,23,Balanced,6,8,0.75923752784729
2026-10-09 15:40:10,3,"[""r4c3"", ""r4c4"", ""r4c5"", ""r4c6"", ""r4c7"", ""r4c8"", ""r5c1"", ""r5c2"", ""r5c3"", ""r5c4"", ""r5c5"", ""r5c6"", ""r5c7"", ""r5c8"", ""r6c1"", ""r6c2"", ""r6c3"", ""r6c4"", ""r6c5"", ""r6c6"", ""r6c7"", ""r6c8""]","{""r1c1"": false, ""r1c2"": false, ""r1c3"": false, ""r1c4"": false, ""r1c5"": false, ""r1c6"": false, ""r1c7"": false, ""r1c8"": false, ""r2c1"": false, ""r2c2"": false, ""r2c3"": false, ""r2c4"": false, ""r2c5"": false, ""r2c6"": false, ""r2c7"": false, ""r2c8"": false, ""r3c1"": false, ""r3c2"": false, ""r3c3"": false, ""r3c4"": false, ""r3c5"": false, ""r3c6"": false, ""r3c7"": false, ""r3c8"": false, ""r4c1"": false, ""r4c2"": false, ""r4c3"": true, ""r4c4"": true, ""r4c5"": true, ""r4c6"": true, ""r4c7"": false, ""r4c8"": false, ""r5c1"": false, ""r5c2"": false, ""r5c3"": true, ""r5c4"": true, ""r5c5"": true, ""r5c6"": true, ""r5c7"": false, ""r5c8"": false, ""r6c1"": false, ""r6c2"": false, ""r6c3"": true, ""r6c4"": true, ""r6c5"": true, ""r6c6"": false, ""r6c7"": false, ""r6c8"": false}",ON,23,Balanced,6,8,0.8053963581720988
2026-10-09 15:40:10,4,"[""r4c3"", ""r4c4"", ""r4c5"", ""r4c6"", ""r4c7"", ""r4c8"", ""r5c1"", ""r5c2"", ""r5c3"", ""r5c4"", ""r5c5"", ""r5c6"", ""r5c7"", ""r5c8"", ""r6c1"", ""r6c2"", ""r6c3"", ""r6c4"", ""r6c5"", ""r6c6"", ""r6c7"", ""r6c8""]","{""r1c1"": false, ""r1c2"": false, ""r1c3"": false, ""r1c4"": false, ""r1c5"": false, ""r1c6"": false, ""r1c7"": false, ""r1c8"": false, ""r2c1"": false, ""r2c2"": false, ""r2c3"": false, ""r2c4"": false, ""r2c5"": false, ""r2c6"": false, ""r2c7"": false, ""r2c8"": false, ""r3c1"": false, ""r3c2"": false, ""r3c3"": false, ""r3c4"": false, ""r3c5"": false, ""r3c6"": false, ""r3c7"": false, ""r3c8"": false, ""r4c1"": false, ""r4c2"": false, ""r4c3"": true, ""r4c4"": true, ""r4c5"": true, ""r4c6"": true, ""r4c7"": false, ""r4c8"": false, ""r5c1"": false, ""r5c2"": false, ""r5c3"": true, ""r5c4"": true, ""r5c5"": true, ""r5c6"": true, ""r5c7"": false, ""r5c8"": false, ""r6c1"": false, ""r6c2"": false, ""r6c3"": true, ""r6c4"": true, ""r6c5"": true, ""r6c6"": false, ""r6c7"": false, ""r6c8"": false}",ON,23,Balanced,6,8,0.739104300737381
2026-10-09 15:40:11,4,"[""r4c3"", ""r4c4"", ""r4c5"", ""r4c6"", ""r4c7"", ""r4c8"", ""r5c1"", ""r5c2"", ""r5c3"", ""r5c4"", ""r5c5"", ""r5c6"", ""r5c7"", ""r5c8"", ""r6c1"", ""r6c2"", ""r6c3"", ""r6c4"", ""r6c5"", ""r6c6"", ""r6c7"", ""r6c8""]","{""r1c1"": false, ""r1c2"": false, ""r1c3"": false, ""r1c4"": false, ""r1c5"": false, ""r1c6"": false, ""r1c7"": false, ""r1c8"": false, ""r2c1"": false, ""r2c2"": false, ""r2c3"": false, ""r2c4"": false, ""r2c5"": false, ""r2c6"": false, ""r2c7"": false, ""r2c8"": false, ""r3c1"": false, ""r3c2"": false, ""r3c3"": false, ""r3c4"": false, ""r3c5"": false, ""r3c6"": false, ""r3c7"": false, ""r3c8"": false, ""r4c1"": false, ""r4c2"": false, ""r4c3"": true, ""r4c4"": true, ""r4c5"": true, ""r4c6"": true, ""r4c7"": false, ""r4c8"": false, ""r5c1"": false, ""r5c2"": true, ""r5c3"": true, ""r5c4"": true, ""r5c5"": true, ""r5c6"": true, ""r5c7"": false, ""r5c8"": false, ""r6c1"": false, ""r6c2"": true, ""r6c3"": true, ""r6c4"": true, ""r6c5"": true, ""r6c6"": false, ""r6c7"": false, ""r6c8"": false}",ON,23,Balanced,6,8,0.7129416763782501
2026-10-09 15:40:11,4,"[""r4c3"", ""r4c4"", ""r4c5"", ""r4c6"", ""r4c7"", ""r4c8"", ""r5c1"", ""r5c2"", ""r5c3"", ""r5c4"", ""r5c5"", ""r5c6"", ""r5c7"", ""r5c8"", ""r6c1"", ""r6c2"", ""r6c3"", ""r6c4"", ""r6c5"", ""r6c6"", ""r6c7"", ""r6c8""]","{""r1c1"": false, ""r1c2"": false, ""r1c3"": false, ""r1c4"": false, ""r1c5"": false, ""r1c6"": false, ""r1c7"": false, ""r1c8"": false, ""r2c1"": false, ""r2c2"": false, ""r2c3"": false, ""r2c4"": false, ""r2c5"": false, ""r2c6"": false, ""r2c7"": false, ""r2c8"": false, ""r3c1"": false, ""r3c2"": false, ""r3c3"": false, ""r3c4"": false, ""r3c5"": false, ""r3c6"": false, ""r3c7"": false, ""r3c8"": false, ""r4c1"": false, ""r4c2"": false, ""r4c3"": true, ""r4c4"": true, ""r4c5"": true, ""r4c6"": true, ""r4c7"": true, ""r4c8"": false, ""r5c1"": false, ""r5c2"": true, ""r5c3"": true, ""r5c4"": true, ""r5c5"": true, ""r5c6"": true, ""r5c7"": true, ""r5c8"": false, ""r6c1"": false, ""r6c2"": true, ""r6c3"": true, ""r6c4"": true, ""r6c5"": true, ""r6c6"": true, ""r6c7"": true, ""r6c8"": false}",ON,23,Balanced,6,8,0.6729230508208275
2026-10-09 15:40:11,3,"[""r4c3"", ""r4c4"", ""r4c5"", ""r4c6"", ""r4c7"", ""r4c8"", ""r5c3"", ""r5c4"", ""r5c5"", ""r5c6"", ""r5c7"", ""r5c8"", ""r6c3"", ""r6c4"", ""r6c5"", ""r6c6"", ""r6c7"", ""r6c8""]","{""r1c1"": false, ""r1c2"": false, ""r1c3"": false, ""r1c4"": false, ""r1c5"": false, ""r1c6"": false, ""r1c7"": false, ""r1c8"": false, ""r2c1"": false, ""r2c2"": false, ""r2c3"": false, ""r2c4"": false, ""r2c5"": false, ""r2c6"": false, ""r2c7"": false, ""r2c8"": false, ""r3c1"": false, ""r3c2"": false, ""r3c3"": false, ""r3c4"": false, ""r3c5"": false, ""r3c6"": false, ""r3c7"": false, ""r3c8"": false, ""r4c1"": false, ""r4c2"": false, ""r4c3"": true, ""r4c4"": true, ""r4c5"": true, ""r4c6"": true, ""r4c7"": true, ""r4c8"": true, ""r5c1"": false, ""r5c2"": true, ""r5c3"": true, ""r5c4"": true, ""r5c5"": true, ""r5c6"": true, ""r5c7"": true, ""r5c8"": true, ""r6c1"": false, ""r6c2"": true, ""r6c3"": true, ""r6c4"": true, ""r6c5"": true, ""r6c6"": true, ""r6c7"": true, ""r6c8"": true}",ON,23,Balanced,6,8,0.7452422579129537
2026-10-09 15:40:11,4,"[""r4c3"", ""r4c4"", ""r4c5"", ""r4c6"", ""r4c7"", ""r4c8"", ""r5c1"", ""r5c2"", ""r5c3"", ""r5c4"", ""r5c5"", ""r5c6"", ""r5c7"", ""r5c8"", ""r6c1"", ""r6c2"", ""r6c3"", ""r6c4"", ""r6c5"", ""r6c6"", ""r6c7"", ""r6c8""]","{""r1c1"": false, ""r1c2"": false, ""r1c3"": false, ""r1c4"": false, ""r1c5"": false, ""r1c6"": false, ""r1c7"": false, ""r1c8"": false, ""r2c1"": false, ""r2c2"": false, ""r2c3"": false, ""r2c4"": false, ""r2c5"": false, ""r2c6"": false, ""r2c7"": false, ""r2c8"": false, ""r3c1"": false, ""r3c2"": false, ""r3c3"": false, ""r3c4"": false, ""r3c5"": false, ""r3c6"": false, ""r3c7"": false, ""r3c8"": false, ""r4c1"": false, ""r4c2"": false, ""r4c3"": true, ""r4c4"": true, ""r4c5"": true, ""r4c6"": true, ""r4c7"": true, ""r4c8"": true, ""r5c1"": false, ""r5c2"": true, ""r5c3"": true, ""r5c4"": true, ""r5c5"": true, ""r5c6"": true, ""r5c7"": true, ""r5c8"": true, ""r6c1"": false, ""r6c2"": true, ""r6c3"": true, ""r6c4"": true, ""r6c5"": true, ""r6c6"": true, ""r6c7"": true, ""r6c8"": true}",ON,23,Balanced,6,8,0.698880210518837
2026-10-09 15:40:12,5,"[""r4c1"", ""r4c2"", ""r4c3"", ""r4c4"", ""r4c5"", ""r4c6"", ""r4c7"", ""r4c8"", ""r5c1"", ""r5c2"", ""r5c3"", ""r5c4"", ""r5c5"", ""r5c6"", ""r5c7"", ""r5c8"", ""r6c1"", ""r6c2"", ""r6c3"", ""r6c4"", ""r6c5"", ""r6c6"", ""r6c7"", ""r6c8""]","{""r1c1"": false, ""r1c2"": false, ""r1c3"": false, ""r1c4"": false, ""r1c5"": false, ""r1c6"": false, ""r1c7"": false, ""r1c8"": false, ""r2c1"": false, ""r2c2"": false, ""r2c3"": false, ""r2c4"": false, ""r2c5"": false, ""r2c6"": false, ""r2c7"": false, ""r2c8"": false, ""r3c1"": false, ""r3c2"": false, ""r3c3"": false, ""r3c4"": false, ""r3c5"": false, ""r3c6"": false, ""r3c7"": false, ""r3c8"": false, ""r4c1"": false, ""r4c2"": false, ""r4c3"": true, ""r4c4"": true, ""r4c5"": true, ""r4c6"": true, ""r4c7"": true, ""r4c8"": true, ""r5c1"": false, ""r5c2"": true, ""r5c3"": true, ""r5c4"": true, ""r5c5"": true, ""r5c6"": true, ""r5c7"": true, ""r5c8"": true, ""r6c1"": false, ""r6c2"": true, ""r6c3"": true, ""r6c4"": true, ""r6c5"": true, ""r6c6"": true, ""r6c7"": true, ""r6c8"": true}",ON,21,Balanced,6,8,0.7481104135513306
2026-10-09 15:40:12,4,"[""r4c3"", ""r4c4"", ""r4c5"", ""r4c6"", ""r4c7"", ""r4c8"", ""r5c1"", ""r5c2"", ""r5c3"", ""r5c4"", ""r5c5"", ""r5c6"", ""r5c7"", ""r5c8"", ""r6c1"", ""r6c2"", ""r6c3"", ""r6c4"", ""r6c5"", ""r6c6"", ""r6c7"", ""r6c8""]","{""r1c1"": false, ""r1c2"": false, ""r1c3"": false, ""r1c4"": false, ""r1c5"": false, ""r1c6"": false, ""r1c7"": false, ""r1c8"": false, ""r2c1"": false, ""r2c2"": false, ""r2c3"": false, ""r2c4"": false, ""r2c5"": false, ""r2c6"": false, ""r2c7"": false, ""r2c8"": false, ""r3c1"": false, ""r3c2"": false, ""r3c3"": false, ""r3c4"": false, ""r3c5"": false, ""r3c6"": false, ""r3c7"": false, ""r3c8"": false, ""r4c1"": false, ""r4c2"": false, ""r4c3"": true, ""r4c4"": true, ""r4c5"": true, ""r4c6"": true, ""r4c7"": true, ""r4c8"": true, ""r5c1"": false, ""r5c2"": true, ""r5c3"": true, ""r5c4"": true, ""r5c5"": true, ""r5c6"": true, ""r5c7"": true, ""r5c8"": true, ""r6c1"": false, ""r6c2"": true, ""r6c3"": true, ""r6c4"": true, ""r6c5"": true, ""r6c6"": true, ""r6c7"": true, ""r6c8"": true}",ON,23,Balanced,6,8,0.7103285491466522
2026-10-09 15:40:12,5,"[""r4c1"", ""r4c3"", ""r4c4"", ""r4c5"", ""r4c6"", ""r4c7"", ""r4c8"", ""r5c1"", ""r5c2"", ""r5c3"", ""r5c4"", ""r5c5"", ""r5c6"", ""r5c7"", ""r5c8"", ""r6c1"", ""r6c2"", ""r6c3"", ""r6c4"", ""r6c5"", ""r6c6"", ""r6c7"", ""r6c8""]","{""r1c1"": false, ""r1c2"": false, ""r1c3"": false, ""r1c4"": false, ""r1c5"": false, ""r1c6"": false, ""r1c7"": false, ""r1c8"": false, ""r2c1"": false, ""r2c2"": false, ""r2c3"": false, ""r2c4"": false, ""r2c5"": false, ""r2c6"": false, ""r2c7"": false, ""r2c8"": false, ""r3c1"": false, ""r3c2"": false, ""r3c3"": false, ""r3c4"": false, ""r3c5"": false, ""r3c6"": false, ""r3c7"": false, ""r3c8"": false, ""r4c1"": false, ""r4c2"": false, ""r4c3"": true, ""r4c4"": true, ""r4c5"": true, ""r4c6"": true, ""r4c7"": true, ""r4c8"": true, ""r5c1"": false, ""r5c2"": true, ""r5c3"": true, ""r5c4"": true, ""r5c5"": true, ""r5c6"": true, ""r5c7"": true, ""r5c8"": true, ""r6c1"": false, ""r6c2"": true, ""r6c3"": true, ""r6c4"": true, ""r6c5"": true, ""r6c6"": true, ""r6c7"": true, ""r6c8"": true}",ON,21,Balanced,6,8,0.7365865349769593
2026-10-09 15:40:12,4,"[""r4c1"", ""r4c3"", ""r4c4"", ""r4c5"", ""r4c6"", ""r4c7"", ""r4c8"", ""r5c1"", ""r5c3"", ""r5c4"", ""r5c5"", ""r5c6"", ""r5c7"", ""r5c8"", ""r6c1"", ""r6c4"", ""r6c5"", ""r6c6"", ""r6c7"", ""r6c8""]","{""r1c1"": false, ""r1c2"": false, ""r1c3"": false, ""r1c4"": false, ""r1c5"": false, ""r1c6"": false, ""r1c7"": false, ""r1c8"": false, ""r2c1"": false, ""r2c2"": false, ""r2c3"": false, ""r2c4"": false, ""r2c5"": false, ""r2c6"": false, ""r2c7"": false, ""r2c8"": false, ""r3c1"": false, ""r3c2"": false, ""r3c3"": false, ""r3c4"": false, ""r3c5"": false, ""r3c6"": false, ""r3c7"": false, ""r3c8"": false, ""r4c1"": false, ""r4c2"": false, ""r4c3"": true, ""r4c4"": true, ""r4c5"": true, ""r4c6"": true, ""r4c7"": true, ""r4c8"": true, ""r5c1"": false, ""r5c2"": true, ""r5c3"": true, ""r5c4"": true, ""r5c5"": true, ""r5c6"": true, ""r5c7"": true, ""r5c8"": true, ""r6c1"": false, ""r6c2"": true, ""r6c3"": true, ""r6c4"": true, ""r6c5"": true, ""r6c6"": true, ""r6c7"": true, ""r6c8"": true}",ON,23,Balanced,6,8,0.6953312903642654
2026-10-09 15:40:12,5,"[""r4c3"", ""r4c4"", ""r4c5"", ""r4c6"", ""r4c7"", ""r4c8"", ""r5c1"", ""r5c2"", ""r5c3"", ""r5c4"", ""r5c5"", ""r5c6"", ""r5c7"", ""r5c8"", ""r6c1"", ""r6c2"", ""r6c3"", ""r6c4"", ""r6c5"", ""r6c6"", ""r6c7"", ""r6c8""]","{""r1c1"": false, ""r1c2"": false, ""r1c3"": false, ""r1c4"": false, ""r1c5"": false, ""r1c6"": false, ""r1c7"": false, ""r1c8"": false, ""r2c1"": false, ""r2c2"": false, ""r2c3"": false, ""r2c4"": false, ""r2c5"": false, ""r2c6"": false, ""r2c7"": false, ""r2c8"": false, ""r3c1"": false, ""r3c2"": false, ""r3c3"": false, ""r3c4"": false, ""r3c5"": false, ""r3c6"": false, ""r3c7"": false, ""r3c8"": false, ""r4c1"": false, ""r4c2"": false, ""r4c3"": true, ""r4c4"": true, ""r4c5"": true, ""r4c6"": true, ""r4c7"": true, ""r4c8"": true, ""r5c1"": false, ""r5c2"": true, ""r5c3"": true, ""r5c4"": true, ""r5c5"": true, ""r5c6"": true, ""r5c7"": true, ""r5c8"": true, ""r6c1"": false, ""r6c2"": true, ""r6c3"": true, ""r6c4"": true, ""r6c5"": true, ""r6c6"": true, ""r6c7"": true, ""r6c8"": true}",ON,21,Balanced,6,8,0.673847758769989
2026-10-09 15:40:12,4,"[""r4c3"", ""r4c4"", ""r4c5"", ""r4c6"", ""r4c7"", ""r4c8"", ""r5c1"", ""r5c2"", ""r5c3"", ""r5c4"", ""r5c5"", ""r5c6"", ""r5c7"", ""r5c8"", ""r6c1"", ""r6c2"", ""r6c3"", ""r6c4"", ""r6c5"", ""r6c6"", ""r6c7"", ""r6c8""]","{""r1c1"": false, ""r1c2"": false, ""r1c3"": false, ""r1c4"": false, ""r1c5"": false, ""r1c6"": false, ""r1c7"": false, ""r1c8"": false, ""r2c1"": false, ""r2c2"": false, ""r2c3"": false, ""r2c4"": false, ""r2c5"": false, ""r2c6"": false, ""r2c7"": false, ""r2c8"": false, ""r3c1"": false, ""r3c2"": false, ""r3c3"": false, ""r3c4"": false, ""r3c5"": false, ""r3c6"": false, ""r3c7"": false, ""r3c8"": false, ""r4c1"": false, ""r4c2"": false, ""r4c3"": true, ""r4c4"": true, ""r4c5"": true, ""r4c6"": true, ""r4c7"": true, ""r4c8"": true, ""r5c1"": false, ""r5c2"": true, ""r5c3"": true, ""r5c4"": true, ""r5c5"": true, ""r5c6"": true, ""r5c7"": true, ""r5c8"": true, ""r6c1"": false, ""r6c2"": true, ""r6c3"": true, ""r6c4"": true, ""r6c5"": true, ""r6c6"": true, ""r6c7"": true, ""r6c8"": true}",ON,23,Balanced,6,8,0.717646986246109
2026-10-09 15:40:13,5,"[""r4c3"", ""r4c4"", ""r4c5"", ""r4c6"", ""r4c7"", ""r4c8"", ""r5c1"", ""r5c2"", ""r5c3"", ""r5c4"", ""r5c5"", ""r5c6"", ""r5c7"", ""r5c8"", ""r6c1"", ""r6c2"", ""r6c3"", ""r6c4"", ""r6c5"", ""r6c6"", ""r6c7"", ""r6c8""]","{""r1c1"": false, ""r1c2"": false, ""r1c3"": false, ""r1c4"": false, ""r1c5"": false, ""r1c6"": false, ""r1c7"": false, ""r1c8"": false, ""r2c1"": false, ""r2c2"": false, ""r2c3"": false, ""r2c4"": false, ""r2c5"": false, ""r2c6"": false, ""r2c7"": false, ""r2c8"": false, ""r3c1"": false, ""r3c2"": false, ""r3c3"": false, ""r3c4"": false, ""r3c5"": false, ""r3c6"": false, ""r3c7"": false, ""r3c8"": false, ""r4c1"": false, ""r4c2"": false, ""r4c3"": true, ""r4c4"": true, ""r4c5"": true, ""r4c6"": true, ""r4c7"": true, ""r4c8"": true, ""r5c1"": false, ""r5c2"": true, ""r5c3"": true, ""r5c4"": true, ""r5c5"": true, ""r5c6"": true, ""r5c7"": true, ""r5c8"": true, ""r6c1"": false, ""r6c2"": true, ""r6c3"": true, ""r6c4"": true, ""r6c5"": true, ""r6c6"": true, ""r6c7"": true, ""r6c8"": true}",ON,21,Balanced,6,8,0.706241774559021
2026-10-09 15:40:13,6,"[""r4c3"", ""r4c4"", ""r4c5"", ""r4c6"", ""r4c7"", ""r4c8"", ""r5c1"", ""r5c2"", ""r5c3"", ""r5c4"", ""r5c5"", ""r5c6"", ""r5c7"", ""r5c8"", ""r6c1"", ""r6c2"", ""r6c3"", ""r6c4"", ""r6c5"", ""r6c6"", ""r6c7"", ""r6c8""]","{""r1c1"": false, ""r1c2"": false, ""r1c3"": false, ""r1c4"": false, ""r1c5"": false, ""r1c6"": false, ""r1c7"": false, ""r1c8"": false, ""r2c1"": false, ""r2c2"": false, ""r2c3"": false, ""r2c4"": false, ""r2c5"": false, ""r2c6"": false, ""r2c7"": false, ""r2c8"": false, ""r3c1"": false, ""r3c2"": false, ""r3c3"": false, ""r3c4"": false, ""r3c5"": false, ""r3c6"": false, ""r3c7"": false, ""r3c8"": false, ""r4c1"": false, ""r4c2"": false, ""r4c3"": true, ""r4c4"": true, ""r4c5"": true, ""r4c6"": true, ""r4c7"": true, ""r4c8"": true, ""r5c1"": false, ""r5c2"": true, ""r5c3"": true, ""r5c4"": true, ""r5c5"": true, ""r5c6"": true, ""r5c7"": true, ""r5c8"": true, ""r6c1"": false, ""r6c2"": true, ""r6c3"": true, ""r6c4"": true, ""r6c5"": true, ""r6c6"": true, ""r6c7"": true, ""r6c8"": true}",ON,21,Balanced,6,8,0.6716843247413635
2026-10-09 15:40:13,5,"[""r4c3"", ""r4c4"", ""r4c5"", ""r4c6"", ""r4c7"", ""r4c8"", ""r5c1"", ""r5c2"", ""r5c4"", ""r5c5"", ""r5c6"", ""r5c7"", ""r5c8"", ""r6c1"", ""r6c2"", ""r6c3"", ""r6c4"", ""r6c5"", ""r6c6"", ""r6c7"", ""r6c8""]","{""r1c1"": false, ""r1c2"": false, ""r1c3"": false, ""r1c4"": false, ""r1c5"": false, ""r1c6"": false, ""r1c7"": false, ""r1c8"": false, ""r2c1"": false, ""r2c2"": false, ""r2c3"": false, ""r2c4"": false, ""r2c5"": false, ""r2c6"": false, ""r2c7"": false, ""r2c8"": false, ""r3c1"": false, ""r3c2"": false, ""r3c3"": false, ""r3c4"": false, ""r3c5"": false, ""r3c6"": false, ""r3c7"": false, ""r3c8"": false, ""r4c1"": false, ""r4c2"": false, ""r4c3"": true, ""r4c4"": true, ""r4c5"": true, ""r4c6"": true, ""r4c7"": true, ""r4c8"": true, ""r5c1"": false, ""r5c2"": true, ""r5c3"": true, ""r5c4"": true, ""r5c5"": true, ""r5c6"": true, ""r5c7"": true, ""r5c8"": true, ""r6c1"": false, ""r6c2"": true, ""r6c3"": true, ""r6c4"": true, ""r6c5"": true, ""r6c6"": true, ""r6c7"": true, ""r6c8"": true}",ON,21,Balanced,6,8,0.6772836565971374
2026-10-09 15:40:13,6,"[""r4c4"", ""r4c5"", ""r4c6"", ""r4c7"", ""r4c8"", ""r5c1"", ""r5c2"", ""r5c3"", ""r5c4"", ""r5c5"", ""r5c6"", ""r5c7"", ""r5c8"", ""r6c1"", ""r6c2"", ""r6c3"", ""r6c4"", ""r6c5"", ""r6c6"", ""r6c7"", ""r6c8""]","{""r1c1"": false, ""r1c2"": false, ""r1c3"": false, ""r1c4"": false, ""r1c5"": false, ""r1c6"": false, ""r1c7"": false, ""r1c8"": false, ""r2c1"": false, ""r2c2"": false, ""r2c3"": false, ""r2c4"": false, ""r2c5"": false, ""r2c6"": false, ""r2c7"": false, ""r2c8"": false, ""r3c1"": false, ""r3c2"": false, ""r3c3"": false, ""r3c4"": false, ""r3c5"": false, ""r3c6"": false, ""r3c7"": false, ""r3c8"": false, ""r4c1"": false, ""r4c2"": false, ""r4c3"": true, ""r4c4"": true, ""r4c5"": true, ""r4c6"": true, ""r4c7"": true, ""r4c8"": true, ""r5c1"": false, ""r5c2"": true, ""r5c3"": true, ""r5c4"": true, ""r5c5"": true, ""r5c6"": true, ""r5c7"": true, ""r5c8"": true, ""r6c1"": false, ""r6c2"": true, ""r6c3"": true, ""r6c4"": true, ""r6c5"": true, ""r6c6"": true, ""r6c7"": true, ""r6c8"": true}",ON,21,Balanced,6,8,0.7054314712683359
2026-10-09 15:40:14,5,"[""r4c4"", ""r4c5"", ""r4c6"", ""r4c7"", ""r4c8"", ""r5c1"", ""r5c2"", ""r5c3"", ""r5c4"", ""r5c5"", ""r5c6"", ""r5c7"", ""r5c8"", ""r6c1"", ""r6c2"", ""r6c3"", ""r6c4"", ""r6c5"", ""r6c6"", ""r6c7"", ""r6c8""]","{""r1c1"": false, ""r1c2"": false, ""r1c3"": false, ""r1c4"": false, ""r1c5"": false, ""r1c6"": false, ""r1c7"": false, ""r1c8"": false, ""r2c1"": false, ""r2c2"": false, ""r2c3"": false, ""r2c4"": false, ""r2c5"": false, ""r2c6"": false, ""r2c7"": false, ""r2c8"": false, ""r3c1"": false, ""r3c2"": false, ""r3c3"": false, ""r3c4"": false, ""r3c5"": false, ""r3c6"": false, ""r3c7"": false, ""r3c8"": false, ""r4c1"": false, ""r4c2"": false, ""r4c3"": true, ""r4c4"": true, ""r4c5"": true, ""r4c6"": true, ""r4c7"": true, ""r4c8"": true, ""r5c1"": false, ""r5c2"": true, ""r5c3"": true, ""r5c4"": true, ""r5c5"": true, ""r5c6"": true, ""r5c7"": true, ""r5c8"": true, ""r6c1"": false, ""r6c2"": true, ""r6c3"": true, ""r6c4"": true, ""r6c5"": true, ""r6c6"": true, ""r6c7"": true, ""r6c8"": true}",ON,21,Balanced,6,8,0.7120786309242249
2026-10-09 15:40:14,6,"[""r4c4"", ""r4c5"", ""r4c6"", ""r4c7"", ""r4c8"", ""r5c1"", ""r5c2"", ""r5c3"", ""r5c4"", ""r5c5"", ""r5c6"", ""r5c7"", ""r5c8"", ""r6c1"", ""r6c2"", ""r6c3"", ""r6c4"", ""r6c5"", ""r6c6"", ""r6c7"", ""r6c8""]","{""r1c1"": false, ""r1c2"": false, ""r1c3"": false, ""r1c4"": false, ""r1c5"": false, ""r1c6"": false, ""r1c7"": false, ""r1c8"": false, ""r2c1"": false, ""r2c2"": false, ""r2c3"": false, ""r2c4"": false, ""r2c5"": false, ""r2c6"": false, ""r2c7"": false, ""r2c8"": false, ""r3c1"": false, ""r3c2"": false, ""r3c3"": false, ""r3c4"": false, ""r3c5"": false, ""r3c6"": false, ""r3c7"": false, ""r3c8"": false, ""r4c1"": false, ""r4c2"": false, ""r4c3"": true, ""r4c4"": true, ""r4c5"": true, ""r4c6"": true, ""r4c7"": true, ""r4c8"": true, ""r5c1"": false, ""r5c2"": true, ""r5c3"": true, ""r5c4"": true, ""r5c5"": true, ""r5c6"": true, ""r5c7"": true, ""r5c8"": true, ""r6c1"": false, ""r6c2"": true, ""r6c3"": true, ""r6c4"": true, ""r6c5"": true, ""r6c6"": true, ""r6c7"": true, ""r6c8"": true}",ON,21,Balanced,6,8,0.7346448302268982
2026-10-09 15:40:14,5,"[""r4c3"", ""r4c4"", ""r4c5"", ""r4c6"", ""r4c7"", ""r4c8"", ""r5c1"", ""r5c2"", ""r5c3"", ""r5c4"", ""r5c5"", ""r5c6"", ""r5c7"", ""r5c8"", ""r6c1"", ""r6c2"", ""r6c3"", ""r6c4"", ""r6c5"", ""r6c6"", ""r6c7"", ""r6c8""]","{""r1c1"": false, ""r1c2"": false, ""r1c3"": false, ""r1c4"": false, ""r1c5"": false, ""r1c6"": false, ""r1c7"": false, ""r1c8"": false, ""r2c1"": false, ""r2c2"": false, ""r2c3"": false, ""r2c4"": false, ""r2c5"": false, ""r2c6"": false, ""r2c7"": false, ""r2c8"": false, ""r3c1"": false, ""r3c2"": false, ""r3c3"": false, ""r3c4"": false, ""r3c5"": false, ""r3c6"": false, ""r3c7"": false, ""r3c8"": false, ""r4c1"": false, ""r4c2"": false, ""r4c3"": true, ""r4c4"": true, ""r4c5"": true, ""r4c6"": true, ""r4c7"": true, ""r4c8"": true, ""r5c1"": false, ""r5c2"": true, ""r5c3"": true, ""r5c4"": true, ""r5c5"": true, ""r5c6"": true, ""r5c7"": true, ""r5c8"": true, ""r6c1"": false, ""r6c2"": true, ""r6c3"": true, ""r6c4"": true, ""r6c5"": true, ""r6c6"": true, ""r6c7"": true, ""r6c8"": true}",ON,21,Balanced,6,8,0.7721739172935486
2026-10-09 15:40:14,6,"[""r4c3"", ""r4c4"", ""r4c5"", ""r4c6"", ""r4c7"", ""r4c8"", ""r5c1"", ""r5c2"", ""r5c3"", ""r5c4"", ""r5c5"", ""r5c6"", ""r5c7"", ""r5c8"", ""r6c1"", ""r6c2"", ""r6c3"", ""r6c4"", ""r6c5"", ""r6c6"", ""r6c7"", ""r6c8""]","{""r1c1"": false, ""r1c2"": false, ""r1c3"": false, ""r1c4"": false, ""r1c5"": false, ""r1c6"": false, ""r1c7"": false, ""r1c8"": false, ""r2c1"": false, ""r2c2"": false, ""r2c3"": false, ""r2c4"": false, ""r2c5"": false, ""r2c6"": false, ""r2c7"": false, ""r2c8"": false, ""r3c1"": false, ""r3c2"": false, ""r3c3"": false, ""r3c4"": false, ""r3c5"": false, ""r3c6"": false, ""r3c7"": false, ""r3c8"": false, ""r4c1"": false, ""r4c2"": false, ""r4c3"": true, ""r4c4"": true, ""r4c5"": true, ""r4c6"": true, ""r4c7"": true, ""r4c8"": true, ""r5c1"": false, ""r5c2"": true, ""r5c3"": true, ""r5c4"": true, ""r5c5"": true, ""r5c6"": true, ""r5c7"": true, ""r5c8"": true, ""r6c1"": false, ""r6c2"": true, ""r6c3"": true, ""r6c4"": true, ""r6c5"": true, ""r6c6"": true, ""r6c7"": true, ""r6c8"": true}",ON,21,Balanced,6,8,0.6538437157869339
2026-10-09 15:40:14,5,"[""r4c3"", ""r4c4"", ""r4c5"", ""r4c6"", ""r4c7"", ""r4c8"", ""r5c1"", ""r5c2"", ""r5c3"", ""r5c4"", ""r5c5"", ""r5c6"", ""r5c7"", ""r5c8"", ""r6c1"", ""r6c2"", ""r6c3"", ""r6c4"", ""r6c5"", ""r6c6"", ""r6c7"", ""r6c8""]","{""r1c1"": false, ""r1c2"": false, ""r1c3"": false, ""r1c4"": false, ""r1c5"": false, ""r1c6"": false, ""r1c7"": false, ""r1c8"": false, ""r2c1"": false, ""r2c2"": false, ""r2c3"": false, ""r2c4"": false, ""r2c5"": false, ""r2c6"": false, ""r2c7"": false, ""r2c8"": false, ""r3c1"": false, ""r3c2"": false, ""r3c3"": false, ""r3c4"": false, ""r3c5"": false, ""r3c6"": false, ""r3c7"": false, ""r3c8"": false, ""r4c1"": false, ""r4c2"": false, ""r4c3"": true, ""r4c4"": true, ""r4c5"": true, ""r4c6"": true, ""r4c7"": true, ""r4c8"": true, ""r5c1"": false, ""r5c2"": true, ""r5c3"": true, ""r5c4"": true, ""r5c5"": true, ""r5c6"": true, ""r5c7"": true, ""r5c8"": true, ""r6c1"": false, ""r6c2"": true, ""r6c3"": true, ""r6c4"": true, ""r6c5"": true, ""r6c6"": true, ""r6c7"": true, ""r6c8"": true}",ON,21,Balanced,6,8,0.7210342526435852
2026-10-09 15:40:15,6,"[""r4c3"", ""r4c4"", ""r4c5"", ""r4c6"", ""r4c7"", ""r4c8"", ""r5c1"", ""r5c2"", ""r5c3"", ""r5c4"", ""r5c5"", ""r5c6"", ""r5c7"", ""r5c8"", ""r6c1"", ""r6c2"", ""r6c3"", ""r6c4"", ""r6c5"", ""r6c6"", ""r6c7"", ""r6c8""]","{""r1c1"": false, ""r1c2"": false, ""r1c3"": false, ""r1c4"": false, ""r1c5"": false, ""r1c6"": false, ""r1c7"": false, ""r1c8"": false, ""r2c1"": false, ""r2c2"": false, ""r2c3"": false, ""r2c4"": false, ""r2c5"": false, ""r2c6"": false, ""r2c7"": false, ""r2c8"": false, ""r3c1"": false, ""r3c2"": false, ""r3c3"": false, ""r3c4"": false, ""r3c5"": false, ""r3c6"": false, ""r3c7"": false, ""r3c8"": false, ""r4c1"": false, ""r4c2"": false, ""r4c3"": true, ""r4c4"": true, ""r4c5"": true, ""r4c6"": true, ""r4c7"": true, ""r4c8"": true, ""r5c1"": false, ""r5c2"": true, ""r5c3"": true, ""r5c4"": true, ""r5c5"": true, ""r5c6"": true, ""r5c7"": true, ""r5c8"": true, ""r6c1"": false, ""r6c2"": true, ""r6c3"": true, ""r6c4"": true, ""r6c5"": true, ""r6c6"": true, ""r6c7"": true, ""r6c8"": true}",ON,21,Balanced,6,8,0.6520520150661469
2026-10-09 15:40:15,5,"[""r4c3"", ""r4c4"", ""r4c5"", ""r4c6"", ""r4c7"", ""r4c8"", ""r5c1"", ""r5c2"", ""r5c4"", ""r5c5"", ""r5c6"", ""r5c7"", ""r5c8"", ""r6c1"", ""r6c2"", ""r6c3"", ""r6c4"", ""r6c5"", ""r6c6"", ""r6c7"", ""r6c8""]","{""r1c1"": false, ""r1c2"": false, ""r1c3"": false, ""r1c4"": false, ""r1c5"": false, ""r1c6"": false, ""r1c7"": false, ""r1c8"": false, ""r2c1"": false, ""r2c2"": false, ""r2c3"": false, ""r2c4"": false, ""r2c5"": false, ""r2c6"": false, ""r2c7"": false, ""r2c8"": false, ""r3c1"": false, ""r3c2"": false, ""r3c3"": false, ""r3c4"": false, ""r3c5"": false, ""r3c6"": false, ""r3c7"": false, ""r3c8"": false, ""r4c1"": false, ""r4c2"": false, ""r4c3"": true, ""r4c4"": true, ""r4c5"": true, ""r4c6"": true, ""r4c7"": true, ""r4c8"": true, ""r5c1"": false, ""r5c2"": true, ""r5c3"": true, ""r5c4"": true, ""r5c5"": true, ""r5c6"": true, ""r5c7"": true, ""r5c8"": true, ""r6c1"": false, ""r6c2"": true, ""r6c3"": true, ""r6c4"": true, ""r6c5"": true, ""r6c6"": true, ""r6c7"": true, ""r6c8"": true}",ON,21,Balanced,6,8,0.7794193267822266
2026-10-09 15:40:16,6,"[""r4c3"", ""r4c4"", ""r4c5"", ""r4c6"", ""r4c7"", ""r4c8"", ""r5c1"", ""r5c2"", ""r5c3"", ""r5c4"", ""r5c5"", ""r5c6"", ""r5c7"", ""r5c8"", ""r6c1"", ""r6c2"", ""r6c3"", ""r6c4"", ""r6c5"", ""r6c6"", ""r6c7"", ""r6c8""]","{""r1c1"": false, ""r1c2"": false, ""r1c3"": false, ""r1c4"": false, ""r1c5"": false, ""r1c6"": false, ""r1c7"": false, ""r1c8"": false, ""r2c1"": false, ""r2c2"": false, ""r2c3"": false, ""r2c4"": false, ""r2c5"": false, ""r2c6"": false, ""r2c7"": false, ""r2c8"": false, ""r3c1"": false, ""r3c2"": false, ""r3c3"": false, ""r3c4"": false, ""r3c5"": false, ""r3c6"": false, ""r3c7"": false, ""r3c8"": false, ""r4c1"": false, ""r4c2"": false, ""r4c3"": true, ""r4c4"": true, ""r4c5"": true, ""r4c6"": true, ""r4c7"": true, ""r4c8"": true, ""r5c1"": false, ""r5c2"": true, ""r5c3"": true, ""r5c4"": true, ""r5c5"": true, ""r5c6"": true, ""r5c7"": true, ""r5c8"": true, ""r6c1"": false, ""r6c2"": true, ""r6c3"": true, ""r6c4"": true, ""r6c5"": true, ""r6c6"": true, ""r6c7"": true, ""r6c8"": true}",ON,21,Balanced,6,8,0.6982525438070297
2026-10-09 15:40:16,5,"[""r4c3"", ""r4c4"", ""r4c5"", ""r4c6"", ""r4c7"", ""r4c8"", ""r5c1"", ""r5c2"", ""r5c3"", ""r5c4"", ""r5c5"", ""r5c6"", ""r5c7"", ""r5c8"", ""r6c1"", ""r6c2"", ""r6c3"", ""r6c4"", ""r6c5"", ""r6c6"", ""r6c7"", ""r6c8""]","{""r1c1"": false, ""r1c2"": false, ""r1c3"": false, ""r1c4"": false, ""r1c5"": false, ""r1c6"": false, ""r1c7"": false, ""r1c8"": false, ""r2c1"": false, ""r2c2"": false, ""r2c3"": false, ""r2c4"": false, ""r2c5"": false, ""r2c6"": false, ""r2c7"": false, ""r2c8"": false, ""r3c1"": false, ""r3c2"": false, ""r3c3"": false, ""r3c4"": false, ""r3c5"": false, ""r3c6"": false, ""r3c7"": false, ""r3c8"": false, ""r4c1"": false, ""r4c2"": false, ""r4c3"": true, ""r4c4"": true, ""r4c5"": true, ""r4c6"": true, ""r4c7"": true, ""r4c8"": true, ""r5c1"": false, ""r5c2"": true, ""r5c3"": true, ""r5c4"": true, ""r5c5"": true, ""r5c6"": true, ""r5c7"": true, ""r5c8"": true, ""r6c1"": false, ""r6c2"": true, ""r6c3"": true, ""r6c4"": true, ""r6c5"": true, ""r6c6"": true, ""r6c7"": true, ""r6c8"": true}",ON,21,Balanced,6,8,0.7465951681137085
2026-10-09 15:40:16,4,"[""r4c3"", ""r4c4"", ""r4c5"", ""r4c6"", ""r4c7"", ""r4c8"", ""r5c1"", ""r5c3"", ""r5c4"", ""r5c5"", ""r5c6"", ""r5c7"", ""r5c8"", ""r6c1"", ""r6c4"", ""r6c5"", ""r6c6"", ""r6c7"", ""r6c8""]","{""r1c1"": false, ""r1c2"": false, ""r1c3"": false, ""r1c4"": false, ""r1c5"": false, ""r1c6"": false, ""r1c7"": false, ""r1c8"": false, ""r2c1"": false, ""r2c2"": false, ""r2c3"": false, ""r2c4"": false, ""r2c5"": false, ""r2c6"": false, ""r2c7"": false, ""r2c8"": false, ""r3c1"": false, ""r3c2"": false, ""r3c3"": false, ""r3c4"": false, ""r3c5"": false, ""r3c6"": false, ""r3c7"": false, ""r3c8"": false, ""r4c1"": false, ""r4c2"": false, ""r4c3"": true, ""r4c4"": true, ""r4c5"": true, ""r4c6"": true, ""r4c7"": true, ""r4c8"": true, ""r5c1"": false, ""r5c2"": true, ""r5c3"": true, ""r5c4"": true, ""r5c5"": true, ""r5c6"": true, ""r5c7"": true, ""r5c8"": true, ""r6c1"": false, ""r6c2"": true, ""r6c3"": true, ""r6c4"": true, ""r6c5"": true, ""r6c6"": true, ""r6c7"": true, ""r6c8"": true}",ON,23,Balanced,6,8,0.749925509095192
2026-10-09 15:40:16,5,"[""r4c3"", ""r4c4"", ""r4c5"", ""r4c6"", ""r4c7"", ""r4c8"", ""r5c1"", ""r5c2"", ""r5c3"", ""r5c4"", ""r5c5"", ""r5c6"", ""r5c7"", ""r5c8"", ""r6c1"", ""r6c2"", ""r6c3"", ""r6c4"", ""r6c5"", ""r6c6"", ""r6c7"", ""r6c8""]","{""r1c1"": false, ""r1c2"": false, ""r1c3"": false, ""r1c4"": false, ""r1c5"": false, ""r1c6"": false, ""r1c7"": false, ""r1c8"": false, ""r2c1"": false, ""r2c2"": false, ""r2c3"": false, ""r2c4"": false, ""r2c5"": false, ""r2c6"": false, ""r2c7"": false, ""r2c8"": false, ""r3c1"": false, ""r3c2"": false, ""r3c3"": false, ""r3c4"": false, ""r3c5"": false, ""r3c6"": false, ""r3c7"": false, ""r3c8"": false, ""r4c1"": false, ""r4c2"": false, ""r4c3"": true, ""r4c4"": true, ""r4c5"": true, ""r4c6"": true, ""r4c7"": true, ""r4c8"": true, ""r5c1"": false, ""r5c2"": true, ""r5c3"": true, ""r5c4"": true, ""r5c5"": true, ""r5c6"": true, ""r5c7"": true, ""r5c8"": true, ""r6c1"": false, ""r6c2"": true, ""r6c3"": true, ""r6c4"": true, ""r6c5"": true, ""r6c6"": true, ""r6c7"": true, ""r6c8"": true}",ON,21,Balanced,6,8,0.7562093138694763
2026-10-09 15:40:16,4,"[""r4c3"", ""r4c4"", ""r4c5"", ""r4c6"", ""r4c7"", ""r4c8"", ""r5c1"", ""r5c3"", ""r5c4"", ""r5c5"", ""r5c6"", ""r5c7"", ""r5c8"", ""r6c1"", ""r6c4"", ""r6c5"", ""r6c6"", ""r6c7"", ""r6c8""]","{""r1c1"": false, ""r1c2"": false, ""r1c3"": false, ""r1c4"": false, ""r1c5"": false, ""r1c6"": false, ""r1c7"": false, ""r1c8"": false, ""r2c1"": false, ""r2c2"": false, ""r2c3"": false, ""r2c4"": false, ""r2c5"": false, ""r2c6"": false, ""r2c7"": false, ""r2c8"": false, ""r3c1"": false, ""r3c2"": false, ""r3c3"": false, ""r3c4"": false, ""r3c5"": false, ""r3c6"": false, ""r3c7"": false, ""r3c8"": false, ""r4c1"": false, ""r4c2"": false, ""r4c3"": true, ""r4c4"": true, ""r4c5"": true, ""r4c6"": true, ""r4c7"": true, ""r4c8"": true, ""r5c1"": false, ""r5c2"": true, ""r5c3"": true, ""r5c4"": true, ""r5c5"": true, ""r5c6"": true, ""r5c7"": true, ""r5c8"": true, ""r6c1"": false, ""r6c2"": true, ""r6c3"": true, ""r6c4"": true, ""r6c5"": true, ""r6c6"": true, ""r6c7"": true, ""r6c8"": true}",ON,23,Balanced,6,8,0.7431977540254593
2026-10-09 15:40:16,5,"[""r4c3"", ""r4c4"", ""r4c5"", ""r4c6"", ""r4c7"", ""r4c8"", ""r5c1"", ""r5c2"", ""r5c3"", ""r5c4"", ""r5c5"", ""r5c6"", ""r5c7"", ""r5c8"", ""r6c1"", ""r6c2"", ""r6c3"", ""r6c4"", ""r6c5"", ""r6c6"", ""r6c7"", ""r6c8""]","{""r1c1"": false, ""r1c2"": false, ""r1c3"": false, ""r1c4"": false, ""r1c5"": false, ""r1c6"": false, ""r1c7"": false, ""r1c8"": false, ""r2c1"": false, ""r2c2"": false, ""r2c3"": false, ""r2c4"": false, ""r2c5"": false, ""r2c6"": false, ""r2c7"": false, ""r2c8"": false, ""r3c1"": false, ""r3c2"": false, ""r3c3"": false, ""r3c4"": false, ""r3c5"": false, ""r3c6"": false, ""r3c7"": false, ""r3c8"": false, ""r4c1"": false, ""r4c2"": false, ""r4c3"": true, ""r4c4"": true, ""r4c5"": true, ""r4c6"": true, ""r4c7"": true, ""r4c8"": true, ""r5c1"": false, ""r5c2"": true, ""r5c3"": true, ""r5c4"": true, ""r5c5"": true, ""r5c6"": true, ""r5c7"": true, ""r5c8"": true, ""r6c1"": false, ""r6c2"": true, ""r6c3"": true, ""r6c4"": true, ""r6c5"": true, ""r6c6"": true, ""r6c7"": true, ""r6c8"": true}",ON,21,Balanced,6,8,0.6838318169116974
2026-10-09 15:40:16,4,"[""r4c3"", ""r4c4"", ""r4c5"", ""r4c6"", ""r4c7"", ""r4c8"", ""r5c1"", ""r5c2"", ""r5c3"", ""r5c4"", ""r5c5"", ""r5c6"", ""r5c7"", ""r5c8"", ""r6c1"", ""r6c2"", ""r6c3"", ""r6c4"", ""r6c5"", ""r6c6"", ""r6c7"", ""r6c8""]","{""r1c1"": false, ""r1c2"": false, ""r1c3"": false, ""r1c4"": false, ""r1c5"": false, ""r1c6"": false, ""r1c7"": false, ""r1c8"": false, ""r2c1"": false, ""r2c2"": false, ""r2c3"": false, ""r2c4"": false, ""r2c5"": false, ""r2c6"": false, ""r2c7"": false, ""r2c8"": false, ""r3c1"": false, ""r3c2"": false, ""r3c3"": false, ""r3c4"": false, ""r3c5"": false, ""r3c6"": false, ""r3c7"": false, ""r3c8"": false, ""r4c1"": false, ""r4c2"": false, ""r4c3"": true, ""r4c4"": true, ""r4c5"": true, ""r4c6"": true, ""r4c7"": true, ""r4c8"": true, ""r5c1"": false, ""r5c2"": true, ""r5c3"": true, ""r5c4"": true, ""r5c5"": true, ""r5c6"": true, ""r5c7"": true, ""r5c8"": true, ""r6c1"": false, ""r6c2"": true, ""r6c3"": true, ""r6c4"": true, ""r6c5"": true, ""r6c6"": true, ""r6c7"": true, ""r6c8"": true}",ON,23,Balanced,6,8,0.7298366352915764
2026-10-09 15:40:16,5,"[""r4c3"", ""r4c4"", ""r4c5"", ""r4c6"", ""r4c7"", ""r4c8"", ""r5c1"", ""r5c2"", ""r5c3"", ""r5c4"", ""r5c5"", ""r5c6"", ""r5c7"", ""r5c8"", ""r6c1"", ""r6c2"", ""r6c3"", ""r6c4"", ""r6c5"", ""r6c6"", ""r6c7"", ""r6c8""]","{""r1c1"": false, ""r1c2"": false, ""r1c3"": false, ""r1c4"": false, ""r1c5"": false, ""r1c6"": false, ""r1c7"": false, ""r1c8"": false, ""r2c1"": false, ""r2c2"": false, ""r2c3"": false, ""r2c4"": false, ""r2c5"": false, ""r2c6"": false, ""r2c7"": false, ""r2c8"": false, ""r3c1"": false, ""r3c2"": false, ""r3c3"": false, ""r3c4"": false, ""r3c5"": false, ""r3c6"": false, ""r3c7"": false, ""r3c8"": false, ""r4c1"": false, ""r4c2"": false, ""r4c3"": true, ""r4c4"": true, ""r4c5"": true, ""r4c6"": true, ""r4c7"": true, ""r4c8"": true, ""r5c1"": false, ""r5c2"": true, ""r5c3"": true, ""r5c4"": true, ""r5c5"": true, ""r5c6"": true, ""r5c7"": true, ""r5c8"": true, ""r6c1"": false, ""r6c2"": true, ""r6c3"": true, ""r6c4"": true, ""r6c5"": true, ""r6c6"": true, ""r6c7"": true, ""r6c8"": true}",ON,21,Balanced,6,8,0.7202279090881347
2026-10-09 15:40:17,4,"[""r4c3"", ""r4c4"", ""r4c5"", ""r4c6"", ""r4c7"", ""r4c8"", ""r5c1"", ""r5c3"", ""r5c4"", ""r5c5"", ""r5c6"", ""r5c7"", ""r5c8"", ""r6c1"", ""r6c2"", ""r6c4"", ""r6c5"", ""r6c6"", ""r6c7"", ""r6c8""]","{""r1c1"": false, ""r1c2"": false, ""r1c3"": false, ""r1c4"": false, ""r1c5"": false, ""r1c6"": false, ""r1c7"": false, ""r1c8"": false, ""r2c1"": false, ""r2c2"": false, ""r2c3"": false, ""r2c4"": false, ""r2c5"": false, ""r2c6"": false, ""r2c7"": false, ""r2c8"": false, ""r3c1"": false, ""r3c2"": false, ""r3c3"": false, ""r3c4"": false, ""r3c5"": false, ""r3c6"": false, ""r3c7"": false, ""r3c8"": false, ""r4c1"": false, ""r4c2"": false, ""r4c3"": true, ""r4c4"": true, ""r4c5"": true, ""r4c6"": true, ""r4c7"": true, ""r4c8"": true, ""r5c1"": false, ""r5c2"": true, ""r5c3"": true, ""r5c4"": true, ""r5c5"": true, ""r5c6"": true, ""r5c7"": true, ""r5c8"": true, ""r6c1"": false, ""r6c2"": true, ""r6c3"": true, ""r6c4"": true, ""r6c5"": true, ""r6c6"": true, ""r6c7"": true, ""r6c8"": true}",ON,23,Balanced,6,8,0.7911252528429031
2026-10-09 15:40:17,6,"[""r4c3"", ""r4c4"", ""r4c5"", ""r4c6"", ""r4c7"", ""r4c8"", ""r5c1"", ""r5c2"", ""r5c3"", ""r5c4"", ""r5c5"", ""r5c6"", ""r5c7"", ""r5c8"", ""r6c1"", ""r6c2"", ""r6c3"", ""r6c4"", ""r6c5"", ""r6c6"", ""r6c7"", ""r6c8""]","{""r1c1"": false, ""r1c2"": false, ""r1c3"": false, ""r1c4"": false, ""r1c5"": false, ""r1c6"": false, ""r1c7"": false, ""r1c8"": false, ""r2c1"": false, ""r2c2"": false, ""r2c3"": false, ""r2c4"": false, ""r2c5"": false, ""r2c6"": false, ""r2c7"": false, ""r2c8"": false, ""r3c1"": false, ""r3c2"": false, ""r3c3"": false, ""r3c4"": false, ""r3c5"": false, ""r3c6"": false, ""r3c7"": false, ""r3c8"": false, ""r4c1"": false, ""r4c2"": false, ""r4c3"": true, ""r4c4"": true, ""r4c5"": true, ""r4c6"": true, ""r4c7"": true, ""r4c8"": true, ""r5c1"": false, ""r5c2"": true, ""r5c3"": true, ""r5c4"": true, ""r5c5"": true, ""r5c6"": true, ""r5c7"": true, ""r5c8"": true, ""r6c1"": false, ""r6c2"": true, ""r6c3"": true, ""r6c4"": true, ""r6c5"": true, ""r6c6"": true, ""r6c7"": true, ""r6c8"": true}",ON,21,Balanced,6,8,0.6904527346293131
2026-10-09 15:40:17,5,"[""r4c3"", ""r4c4"", ""r4c5"", ""r4c6"", ""r4c7"", ""r4c8"", ""r5c1"", ""r5c2"", ""r5c3"", ""r5c4"", ""r5c5"", ""r5c6"", ""r5c7"", ""r5c8"", ""r6c1"", ""r6c2"", ""r6c3"", ""r6c4"", ""r6c5"", ""r6c6"", ""r6c7"", ""r6c8""]","{""r1c1"": false, ""r1c2"": false, ""r1c3"": false, ""r1c4"": false, ""r1c5"": false, ""r1c6"": false, ""r1c7"": false, ""r1c8"": false, ""r2c1"": false, ""r2c2"": false, ""r2c3"": false, ""r2c4"": false, ""r2c5"": false, ""r2c6"": false, ""r2c7"": false, ""r2c8"": false, ""r3c1"": false, ""r3c2"": false, ""r3c3"": false, ""r3c4"": false, ""r3c5"": false, ""r3c6"": false, ""r3c7"": false, ""r3c8"": false, ""r4c1"": false, ""r4c2"": false, ""r4c3"": true, ""r4c4"": true, ""r4c5"": true, ""r4c6"": true, ""r4c7"": true, ""r4c8"": true, ""r5c1"": false, ""r5c2"": true, ""r5c3"": true, ""r5c4"": true, ""r5c5"": true, ""r5c6"": true, ""r5c7"": true, ""r5c8"": true, ""r6c1"": false, ""r6c2"": true, ""r6c3"": true, ""r6c4"": true, ""r6c5"": true, ""r6c6"": true, ""r6c7"": true, ""r6c8"": true}",ON,21,Balanced,6,8,0.6924131512641907
2026-10-09 15:40:17,4,"[""r3c3"", ""r3c4"", ""r3c5"", ""r3c6"", ""r3c7"", ""r3c8"", ""r4c3"", ""r4c4"", ""r4c5"", ""r4c6"", ""r4c7"", ""r4c8"", ""r5c1"", ""r5c2"", ""r5c3"", ""r5c4"", ""r5c5"", ""r5c6"", ""r5c7"", ""r5c8"", ""r6c1"", ""r6c2"", ""r6c3"", ""r6c4"", ""r6c5"", ""r6c6"", ""r6c7"", ""r6c8""]","{""r1c1"": false, ""r1c2"": false, ""r1c3"": false, ""r1c4"": false, ""r1c5"": false, ""r1c6"": false, ""r1c7"": false, ""r1c8"": false, ""r2c1"": false, ""r2c2"": false, ""r2c3"": false, ""r2c4"": false, ""r2c5"": false, ""r2c6"": false, ""r2c7"": false, ""r2c8"": false, ""r3c1"": false, ""r3c2"": false, ""r3c3"": false, ""r3c4"": false, ""r3c5"": false, ""r3c6"": false, ""r3c7"": false, ""r3c8"": false, ""r4c1"": false, ""r4c2"": false, ""r4c3"": true, ""r4c4"": true, ""r4c5"": true, ""r4c6"": true, ""r4c7"": true, ""r4c8"": true, ""r5c1"": false, ""r5c2"": true, ""r5c3"": true, ""r5c4"": true, ""r5c5"": true, ""r5c6"": true, ""r5c7"": true, ""r5c8"": true, ""r6c1"": false, ""r6c2"": true, ""r6c3"": true, ""r6c4"": true, ""r6c5"": true, ""r6c6"": true, ""r6c7"": true, ""r6c8"": true}",ON,23,Balanced,6,8,0.7353717535734177
2026-10-09 15:40:17,3,"[""r3c3"", ""r3c4"", ""r3c5"", ""r3c6"", ""r3c7"", ""r3c8"", ""r4c3"", ""r4c4"", ""r4c5"", ""r4c6"", ""r4c7"", ""r4c8"", ""r5c3"", ""r5c4"", ""r5c5"", ""r5c6"", ""r5c7"", ""r5c8"", ""r6c4"", ""r6c5"", ""r6c6"", ""r6c7"", ""r6c8""]","{""r1c1"": false, ""r1c2"": false, ""r1c3"": false, ""r1c4"": false, ""r1c5"": false, ""r1c6"": false, ""r1c7"": false, ""r1c8"": false, ""r2c1"": false, ""r2c2"": false, ""r2c3"": false, ""r2c4"": false, ""r2c5"": false, ""r2c6"": false, ""r2c7"": false, ""r2c8"": false, ""r3c1"": false, ""r3c2"": false, ""r3c3"": false, ""r3c4"": false, ""r3c5"": false, ""r3c6"": false, ""r3c7"": false, ""r3c8"": false, ""r4c1"": false, ""r4c2"": false, ""r4c3"": true, ""r4c4"": true, ""r4c5"": true, ""r4c6"": true, ""r4c7"": true, ""r4c8"": true, ""r5c1"": false, ""r5c2"": true, ""r5c3"": true, ""r5c4"": true, ""r5c5"": true, ""r5c6"": true, ""r5c7"": true, ""r5c8"": true, ""r6c1"": false, ""r6c2"": true, ""r6c3"": true, ""r6c4"": true, ""r6c5"": true, ""r6c6"": true, ""r6c7"": true, ""r6c8"": true}",ON,23,Balanced,6,8,0.7924132744471232
2026-10-09 15:40:18,4,"[""r3c3"", ""r3c4"", ""r3c5"", ""r3c6"", ""r3c7"", ""r3c8"", ""r4c3"", ""r4c4"", ""r4c5"", ""r4c6"", ""r4c7"", ""r4c8"", ""r5c1"", ""r5c3"", ""r5c4"", ""r5c5"", ""r5c6"", ""r5c7"", ""r5c8"", ""r6c1"", ""r6c3"", ""r6c4"", ""r6c5"", ""r6c6"", ""r6c7"", ""r6c8""]","{""r1c1"": false, ""r1c2"": false, ""r1c3"": false, ""r1c4"": false, ""r1c5"": false, ""r1c6"": false, ""r1c7"": false, ""r1c8"": false, ""r2c1"": false, ""r2c2"": false, ""r2c3"": false, ""r2c4"": false, ""r2c5"": false, ""r2c6"": false, ""r2c7"": false, ""r2c8"": false, ""r3c1"": false, ""r3c2"": false, ""r3c3"": false, ""r3c4"": false, ""r3c5"": false, ""r3c6"": false, ""r3c7"": false, ""r3c8"": false, ""r4c1"": false, ""r4c2"": false, ""r4c3"": true, ""r4c4"": true, ""r4c5"": true, ""r4c6"": true, ""r4c7"": true, ""r4c8"": true, ""r5c1"": false, ""r5c2"": true, ""r5c3"": true, ""r5c4"": true, ""r5c5"": true, ""r5c6"": true, ""r5c7"": true, ""r5c8"": true, ""r6c1"": false, ""r6c2"": true, ""r6c3"": true, ""r6c4"": true, ""r6c5"": true, ""r6c6"": true, ""r6c7"": true, ""r6c8"": true}",ON,23,Balanced,6,8,0.7420694530010223
2026-10-09 15:40:18,3,"[""r3c3"", ""r3c4"", ""r3c5"", ""r3c6"", ""r3c7"", ""r3c8"", ""r4c3"", ""r4c4"", ""r4c5"", ""r4c6"", ""r4c7"", ""r4c8"", ""r5c3"", ""r5c4"", ""r5c5"", ""r5c6"", ""r5c7"", ""r5c8"", ""r6c3"", ""r6c4"", ""r6c5"", ""r6c6"", ""r6c7"", ""r6c8""]","{""r1c1"": false, ""r1c2"": false, ""r1c3"": false, ""r1c4"": false, ""r1c5"": false, ""r1c6"": false, ""r1c7"": false, ""r1c8"": false, ""r2c1"": false, ""r2c2"": false, ""r2c3"": false, ""r2c4"": false, ""r2c5"": false, ""r2c6"": false, ""r2c7"": false, ""r2c8"": false, ""r3c1"": false, ""r3c2"": false, ""r3c3"": false, ""r3c4"": false, ""r3c5"": false, ""r3c6"": false, ""r3c7"": false, ""r3c8"": false, ""r4c1"": false, ""r4c2"": false, ""r4c3"": true, ""r4c4"": true, ""r4c5"": true, ""r4c6"": true, ""r4c7"": true, ""r4c8"": true, ""r5c1"": false, ""r5c2"": true, ""r5c3"": true, ""r5c4"": true, ""r5c5"": true, ""r5c6"": true, ""r5c7"": true, ""r5c8"": true, ""r6c1"": false, ""r6c2"": true, ""r6c3"": true, ""r6c4"": true, ""r6c5"": true, ""r6c6"": true, ""r6c7"": true, ""r6c8"": true}",ON,23,Balanced,6,8,0.769096295038859
2026-10-09 15:40:18,4,"[""r3c3"", ""r3c4"", ""r3c5"", ""r3c6"", ""r3c7"", ""r3c8"", ""r4c3"", ""r4c4"", ""r4c5"", ""r4c6"", ""r4c7"", ""r4c8"", ""r5c1"", ""r5c3"", ""r5c4"", ""r5c5"", ""r5c6"", ""r5c7"", ""r5c8"", ""r6c1"", ""r6c3"", ""r6c4"", ""r6c5"", ""r6c6"", ""r6c7"", ""r6c8""]","{""r1c1"": false, ""r1c2"": false, ""r1c3"": false, ""r1c4"": false, ""r1c5"": false, ""r1c6"": false, ""r1c7"": false, ""r1c8"": false, ""r2c1"": false, ""r2c2"": false, ""r2c3"": false, ""r2c4"": false, ""r2c5"": false, ""r2c6"": false, ""r2c7"": false, ""r2c8"": false, ""r3c1"": false, ""r3c2"": false, ""r3c3"": false, ""r3c4"": false, ""r3c5"": false, ""r3c6"": false, ""r3c7"": false, ""r3c8"": false, ""r4c1"": false, ""r4c2"": false, ""r4c3"": true, ""r4c4"": true, ""r4c5"": true, ""r4c6"": true, ""r4c7"": true, ""r4c8"": true, ""r5c1"": false, ""r5c2"": true, ""r5c3"": true, ""r5c4"": true, ""r5c5"": true, ""r5c6"": true, ""r5c7"": true, ""r5c8"": true, ""r6c1"": false, ""r6c2"": true, ""r6c3"": true, ""r6c4"": true, ""r6c5"": true, ""r6c6"": true, ""r6c7"": true, ""r6c8"": true}",ON,23,Balanced,6,8,0.6911832988262177
2026-10-09 15:40:18,3,"[""r3c3"", ""r3c4"", ""r3c5"", ""r3c6"", ""r3c7"", ""r3c8"", ""r4c3"", ""r4c4"", ""r4c5"", ""r4c6"", ""r4c7"", ""r4c8"", ""r5c3"", ""r5c4"", ""r5c5"", ""r5c6"", ""r5c7"", ""r5c8"", ""r6c3"", ""r6c4"", ""r6c5"", ""r6c6"", ""r6c7"", ""r6c8""]","{""r1c1"": false, ""r1c2"": false, ""r1c3"": false, ""r1c4"": false, ""r1c5"": false, ""r1c6"": false, ""r1c7"": false, ""r1c8"": false, ""r2c1"": false, ""r2c2"": false, ""r2c3"": false, ""r2c4"": false, ""r2c5"": false, ""r2c6"": false, ""r2c7"": false, ""r2c8"": false, ""r3c1"": false, ""r3c2"": false, ""r3c3"": false, ""r3c4"": false, ""r3c5"": false, ""r3c6"": false, ""r3c7"": false, ""r3c8"": false, ""r4c1"": false, ""r4c2"": false, ""r4c3"": true, ""r4c4"": true, ""r4c5"": true, ""r4c6"": true, ""r4c7"": true, ""r4c8"": true, ""r5c1"": false, ""r5c2"": true, ""r5c3"": true, ""r5c4"": true, ""r5c5"": true, ""r5c6"": true, ""r5c7"": true, ""r5c8"": true, ""r6c1"": false, ""r6c2"": true, ""r6c3"": true, ""r6c4"": true, ""r6c5"": true, ""r6c6"": true, ""r6c7"": true, ""r6c8"": true}",ON,23,Balanced,6,8,0.7730933427810669
2026-10-09 15:40:18,4,"[""r3c3"", ""r3c4"", ""r3c5"", ""r3c6"", ""r3c7"", ""r3c8"", ""r4c3"", ""r4c4"", ""r4c5"", ""r4c6"", ""r4c7"", ""r4c8"", ""r5c1"", ""r5c2"", ""r5c3"", ""r5c4"", ""r5c5"", ""r5c6"", ""r5c7"", ""r5c8"", ""r6c1"", ""r6c2"", ""r6c3"", ""r6c4"", ""r6c5"", ""r6c6"", ""r6c7"", ""r6c8""]","{""r1c1"": false, ""r1c2"": false, ""r1c3"": false, ""r1c4"": false, ""r1c5"": false, ""r1c6"": false, ""r1c7"": false, ""r1c8"": false, ""r2c1"": false, ""r2c2"": false, ""r2c3"": false, ""r2c4"": false, ""r2c5"": false, ""r2c6"": false, ""r2c7"": false, ""r2c8"": false, ""r3c1"": false, ""r3c2"": false, ""r3c3"": false, ""r3c4"": false, ""r3c5"": false, ""r3c6"": false, ""r3c7"": false, ""r3c8"": false, ""r4c1"": false, ""r4c2"": false, ""r4c3"": true, ""r4c4"": true, ""r4c5"": true, ""r4c6"": true, ""r4c7"": true, ""r4c8"": true, ""r5c1"": false, ""r5c2"": true, ""r5c3"": true, ""r5c4"": true, ""r5c5"": true, ""r5c6"": true, ""r5c7"": true, ""r5c8"": true, ""r6c1"": false, ""r6c2"": true, ""r6c3"": true, ""r6c4"": true, ""r6c5"": true, ""r6c6"": true, ""r6c7"": true, ""r6c8"": true}",ON,23,Balanced,6,8,0.727737620472908
2026-10-09 15:40:19,5,"[""r3c3"", ""r3c4"", ""r3c5"", ""r3c6"", ""r3c7"", ""r3c8"", ""r4c3"", ""r4c4"", ""r4c5"", ""r4c6"", ""r4c7"", ""r4c8"", ""r5c1"", ""r5c2"", ""r5c3"", ""r5c4"", ""r5c5"", ""r5c6"", ""r5c7"", ""r5c8"", ""r6c1"", ""r6c2"", ""r6c3"", ""r6c4"", ""r6c5"", ""r6c6"", ""r6c7"", ""r6c8""]","{""r1c1"": false, ""r1c2"": false, ""r1c3"": false, ""r1c4"": false, ""r1c5"": false, ""r1c6"": false, ""r1c7"": false, ""r1c8"": false, ""r2c1"": false, ""r2c2"": false, ""r2c3"": false, ""r2c4"": false, ""r2c5"": false, ""r2c6"": false, ""r2c7"": false, ""r2c8"": false, ""r3c1"": false, ""r3c2"": false, ""r3c3"": false, ""r3c4"": false, ""r3c5"": false, ""r3c6"": false, ""r3c7"": false, ""r3c8"": false, ""r4c1"": false, ""r4c2"": false, ""r4c3"": true, ""r4c4"": true, ""r4c5"": true, ""r4c6"": true, ""r4c7"": true, ""r4c8"": true, ""r5c1"": false, ""r5c2"": true, ""r5c3"": true, ""r5c4"": true, ""r5c5"": true, ""r5c6"": true, ""r5c7"": true, ""r5c8"": true, ""r6c1"": false, ""r6c2"": true, ""r6c3"": true, ""r6c4"": true, ""r6c5"": true, ""r6c6"": true, ""r6c7"": true, ""r6c8"": true}",ON,21,Balanced,6,8,0.7481426477432251
2026-10-09 15:40:19,4,"[""r3c3"", ""r3c4"", ""r3c5"", ""r3c6"", ""r3c7"", ""r3c8"", ""r4c3"", ""r4c4"", ""r4c5"", ""r4c6"", ""r4c7"", ""r4c8"", ""r5c1"", ""r5c2"", ""r5c3"", ""r5c4"", ""r5c5"", ""r5c6"", ""r5c7"", ""r5c8"", ""r6c1"", ""r6c2"", ""r6c3"", ""r6c4"", ""r6c5"", ""r6c6"", ""r6c7"", ""r6c8""]","{""r1c1"": false, ""r1c2"": false, ""r1c3"": false, ""r1c4"": false, ""r1c5"": false, ""r1c6"": false, ""r1c7"": false, ""r1c8"": false, ""r2c1"": false, ""r2c2"": false, ""r2c3"": false, ""r2c4"": false, ""r2c5"": false, ""r2c6"": false, ""r2c7"": false, ""r2c8"": false, ""r3c1"": false, ""r3c2"": false, ""r3c3"": false, ""r3c4"": false, ""r3c5"": false, ""r3c6"": false, ""r3c7"": false, ""r3c8"": false, ""r4c1"": false, ""r4c2"": false, ""r4c3"": true, ""r4c4"": true, ""r4c5"": true, ""r4c6"": true, ""r4c7"": true, ""r4c8"": true, ""r5c1"": false, ""r5c2"": true, ""r5c3"": true, ""r5c4"": true, ""r5c5"": true, ""r5c6"": true, ""r5c7"": true, ""r5c8"": true, ""r6c1"": false, ""r6c2"": true, ""r6c3"": true, ""r6c4"": true, ""r6c5"": true, ""r6c6"": true, ""r6c7"": true, ""r6c8"": true}",ON,23,Balanced,6,8,0.7836122065782547
2026-10-09 15:40:19,3,"[""r3c3"", ""r3c4"", ""r3c5"", ""r3c6"", ""r3c7"", ""r3c8"", ""r4c3"", ""r4c4"", ""r4c5"", ""r4c6"", ""r4c7"", ""r4c8"", ""r5c3"", ""r5c4"", ""r5c5"", ""r5c6"", ""r5c7"", ""r5c8"", ""r6c3"", ""r6c4"", ""r6c5"", ""r6c6"", ""r6c7"", ""r6c8""]","{""r1c1"": false, ""r1c2"": false, ""r1c3"": false, ""r1c4"": false, ""r1c5"": false, ""r1c6"": false, ""r1c7"": false, ""r1c8"": false, ""r2c1"": false, ""r2c2"": false, ""r2c3"": false, ""r2c4"": false, ""r2c5"": false, ""r2c6"": false, ""r2c7"": false, ""r2c8"": false, ""r3c1"": false, ""r3c2"": false, ""r3c3"": false, ""r3c4"": false, ""r3c5"": false, ""r3c6"": false, ""r3c7"": false, ""r3c8"": false, ""r4c1"": false, ""r4c2"": false, ""r4c3"": true, ""r4c4"": true, ""r4c5"": true, ""r4c6"": true, ""r4c7"": true, ""r4c8"": true, ""r5c1"": false, ""r5c2"": true, ""r5c3"": true, ""r5c4"": true, ""r5c5"": true, ""r5c6"": true, ""r5c7"": true, ""r5c8"": true, ""r6c1"": false, ""r6c2"": true, ""r6c3"": true, ""r6c4"": true, ""r6c5"": true, ""r6c6"": true, ""r6c7"": true, ""r6c8"": true}",ON,23,Balanced,6,8,0.7811470230420431
2026-10-09 15:40:19,4,"[""r3c3"", ""r3c4"", ""r3c5"", ""r3c6"", ""r3c7"", ""r3c8"", ""r4c3"", ""r4c4"", ""r4c5"", ""r4c6"", ""r4c7"", ""r4c8"", ""r5c1"", ""r5c2"", ""r5c3"", ""r5c4"", ""r5c5"", ""r5c6"", ""r5c7"", ""r5c8"", ""r6c1"", ""r6c2"", ""r6c3"", ""r6c4"", ""r6c5"", ""r6c6"", ""r6c7"", ""r6c8""]","{""r1c1"": false, ""r1c2"": false, ""r1c3"": false, ""r1c4"": false, ""r1c5"": false, ""r1c6"": false, ""r1c7"": false, ""r1c8"": false, ""r2c1"": false, ""r2c2"": false, ""r2c3"": false, ""r2c4"": false, ""r2c5"": false, ""r2c6"": false, ""r2c7"": false, ""r2c8"": false, ""r3c1"": false, ""r3c2"": false, ""r3c3"": false, ""r3c4"": false, ""r3c5"": false, ""r3c6"": false, ""r3c7"": false, ""r3c8"": false, ""r4c1"": false, ""r4c2"": false, ""r4c3"": true, ""r4c4"": true, ""r4c5"": true, ""r4c6"": true, ""r4c7"": true, ""r4c8"": true, ""r5c1"": false, ""r5c2"": true, ""r5c3"": true, ""r5c4"": true, ""r5c5"": true, ""r5c6"": true, ""r5c7"": true, ""r5c8"": true, ""r6c1"": false, ""r6c2"": true, ""r6c3"": true, ""r6c4"": true, ""r6c5"": true, ""r6c6"": true, ""r6c7"": true, ""r6c8"": true}",ON,23,Balanced,6,8,0.7076511532068253
2026-10-09 15:40:22,3,"[""r4c3"", ""r4c4"", ""r4c5"", ""r4c6"", ""r4c7"", ""r4c8"", ""r5c1"", ""r5c2"", ""r5c3"", ""r5c4"", ""r5c5"", ""r5c6"", ""r5c7"", ""r5c8"", ""r6c1"", ""r6c2"", ""r6c3"", ""r6c4"", ""r6c5"", ""r6c6"", ""r6c7"", ""r6c8""]","{""r1c1"": false, ""r1c2"": false, ""r1c3"": false, ""r1c4"": false, ""r1c5"": false, ""r1c6"": false, ""r1c7"": false, ""r1c8"": false, ""r2c1"": false, ""r2c2"": false, ""r2c3"": false, ""r2c4"": false, ""r2c5"": false, ""r2c6"": false, ""r2c7"": false, ""r2c8"": false, ""r3c1"": false, ""r3c2"": false, ""r3c3"": false, ""r3c4"": false, ""r3c5"": false, ""r3c6"": false, ""r3c7"": false, ""r3c8"": false, ""r4c1"": false, ""r4c2"": false, ""r4c3"": true, ""r4c4"": true, ""r4c5"": true, ""r4c6"": true, ""r4c7"": true, ""r4c8"": true, ""r5c1"": false, ""r5c2"": true, ""r5c3"": true, ""r5c4"": true, ""r5c5"": true, ""r5c6"": true, ""r5c7"": true, ""r5c8"": true, ""r6c1"": false, ""r6c2"": true, ""r6c3"": true, ""r6c4"": true, ""r6c5"": true, ""r6c6"": true, ""r6c7"": true, ""r6c8"": true}",ON,23,Balanced,6,8,0.6380433042844137
2026-10-09 15:40:23,4,"[""r4c3"", ""r4c4"", ""r4c5"", ""r4c6"", ""r4c7"", ""r4c8"", ""r5c1"", ""r5c2"", ""r5c3"", ""r5c4"", ""r5c5"", ""r5c6"", ""r5c7"", ""r5c8"", ""r6c1"", ""r6c2"", ""r6c3"", ""r6c4"", ""r6c5"", ""r6c6"", ""r6c7"", ""r6c8""]","{""r1c1"": false, ""r1c2"": false, ""r1c3"": false, ""r1c4"": false, ""r1c5"": false, ""r1c6"": false, ""r1c7"": false, ""r1c8"": false, ""r2c1"": false, ""r2c2"": false, ""r2c3"": false, ""r2c4"": false, ""r2c5"": false, ""r2c6"": false, ""r2c7"": false, ""r2c8"": false, ""r3c1"": false, ""r3c2"": false, ""r3c3"": false, ""r3c4"": false, ""r3c5"": false, ""r3c6"": false, ""r3c7"": false, ""r3c8"": false, ""r4c1"": false, ""r4c2"": false, ""r4c3"": true, ""r4c4"": true, ""r4c5"": true, ""r4c6"": true, ""r4c7"": true, ""r4c8"": true, ""r5c1"": false, ""r5c2"": true, ""r5c3"": true, ""r5c4"": true, ""r5c5"": true, ""r5c6"": true, ""r5c7"": true, ""r5c8"": true, ""r6c1"": false, ""r6c2"": true, ""r6c3"": true, ""r6c4"": true, ""r6c5"": true, ""r6c6"": true, ""r6c7"": true, ""r6c8"": true}",ON,23,Balanced,6,8,0.6546416580677032
2026-10-09 15:40:26,3,"[""r4c3"", ""r4c4"", ""r4c5"", ""r4c6"", ""r4c7"", ""r4c8"", ""r5c1"", ""r5c2"", ""r5c3"", ""r5c4"", ""r5c5"", ""r5c6"", ""r5c7"", ""r5c8"", ""r6c1"", ""r6c2"", ""r6c3"", ""r6c4"", ""r6c5"", ""r6c6"", ""r6c7"", ""r6c8""]","{""r1c1"": false, ""r1c2"": false, ""r1c3"": false, ""r1c4"": false, ""r1c5"": false, ""r1c6"": false, ""r1c7"": false, ""r1c8"": false, ""r2c1"": false, ""r2c2"": false, ""r2c3"": false, ""r2c4"": false, ""r2c5"": false, ""r2c6"": false, ""r2c7"": false, ""r2c8"": false, ""r3c1"": false, ""r3c2"": false, ""r3c3"": false, ""r3c4"": false, ""r3c5"": false, ""r3c6"": false, ""r3c7"": false, ""r3c8"": false, ""r4c1"": false, ""r4c2"": false, ""r4c3"": true, ""r4c4"": true, ""r4c5"": true, ""r4c6"": true, ""r4c7"": true, ""r4c8"": true, ""r5c1"": false, ""r5c2"": true, ""r5c3"": true, ""r5c4"": true, ""r5c5"": true, ""r5c6"": true, ""r5c7"": true, ""r5c8"": true, ""r6c1"": false, ""r6c2"": true, ""r6c3"": true, ""r6c4"": true, ""r6c5"": true, ""r6c6"": true, ""r6c7"": true, ""r6c8"": true}",ON,23,Balanced,6,8,0.7161909937858582
2026-10-09 15:40:26,4,"[""r4c3"", ""r4c4"", ""r4c5"", ""r4c6"", ""r4c7"", ""r4c8"", ""r5c1"", ""r5c2"", ""r5c3"", ""r5c4"", ""r5c5"", ""r5c6"", ""r5c7"", ""r5c8"", ""r6c1"", ""r6c2"", ""r6c4"", ""r6c5"", ""r6c6"", ""r6c7"", ""r6c8""]","{""r1c1"": false, ""r1c2"": false, ""r1c3"": false, ""r1c4"": false, ""r1c5"": false, ""r1c6"": false, ""r1c7"": false, ""r1c8"": false, ""r2c1"": false, ""r2c2"": false, ""r2c3"": false, ""r2c4"": false, ""r2c5"": false, ""r2c6"": false, ""r2c7"": false, ""r2c8"": false, ""r3c1"": false, ""r3c2"": false, ""r3c3"": false, ""r3c4"": false, ""r3c5"": false, ""r3c6"": false, ""r3c7"": false, ""r3c8"": false, ""r4c1"": false, ""r4c2"": false, ""r4c3"": true, ""r4c4"": true, ""r4c5"": true, ""r4c6"": true, ""r4c7"": true, ""r4c8"": true, ""r5c1"": false, ""r5c2"": true, ""r5c3"": true, ""r5c4"": true, ""r5c5"": true, ""r5c6"": true, ""r5c7"": true, ""r5c8"": true, ""r6c1"": false, ""r6c2"": true, ""r6c3"": true, ""r6c4"": true, ""r6c5"": true, ""r6c6"": true, ""r6c7"": true, ""r6c8"": true}",ON,23,Balanced,6,8,0.7291539758443832
2026-10-09 15:40:28,3,"[""r4c1"", ""r4c2"", ""r4c3"", ""r4c4"", ""r4c5"", ""r4c6"", ""r4c7"", ""r4c8"", ""r5c1"", ""r5c2"", ""r5c3"", ""r5c4"", ""r5c5"", ""r5c6"", ""r5c7"", ""r5c8"", ""r6c1"", ""r6c2"", ""r6c4"", ""r6c5"", ""r6c6"", ""r6c7"", ""r6c8""]","{""r1c1"": false, ""r1c2"": false, ""r1c3"": false, ""r1c4"": false, ""r1c5"": false, ""r1c6"": false, ""r1c7"": false, ""r1c8"": false, ""r2c1"": false, ""r2c2"": false, ""r2c3"": false, ""r2c4"": false, ""r2c5"": false, ""r2c6"": false, ""r2c7"": false, ""r2c8"": false, ""r3c1"": false, ""r3c2"": false, ""r3c3"": false, ""r3c4"": false, ""r3c5"": false, ""r3c6"": false, ""r3c7"": false, ""r3c8"": false, ""r4c1"": false, ""r4c2"": false, ""r4c3"": true, ""r4c4"": true, ""r4c5"": true, ""r4c6"": true, ""r4c7"": true, ""r4c8"": true, ""r5c1"": false, ""r5c2"": true, ""r5c3"": true, ""r5c4"": true, ""r5c5"": true, ""r5c6"": true, ""r5c7"": true, ""r5c8"": true, ""r6c1"": false, ""r6c2"": true, ""r6c3"": true, ""r6c4"": true, ""r6c5"": true, ""r6c6"": true, ""r6c7"": true, ""r6c8"": true}",ON,23,Balanced,6,8,0.8063391049702963
2026-10-09 15:40:28,4,"[""r4c1"", ""r4c2"", ""r4c3"", ""r4c4"", ""r4c5"", ""r4c6"", ""r4c7"", ""r4c8"", ""r5c1"", ""r5c2"", ""r5c3"", ""r5c4"", ""r5c5"", ""r5c6"", ""r5c7"", ""r5c8"", ""r6c1"", ""r6c2"", ""r6c4"", ""r6c5"", ""r6c6"", ""r6c7"", ""r6c8""]","{""r1c1"": false, ""r1c2"": false, ""r1c3"": false, ""r1c4"": false, ""r1c5"": false, ""r1c6"": false, ""r1c7"": false, ""r1c8"": false, ""r2c1"": false, ""r2c2"": false, ""r2c3"": false, ""r2c4"": false, ""r2c5"": false, ""r2c6"": false, ""r2c7"": false, ""r2c8"": false, ""r3c1"": false, ""r3c2"": false, ""r3c3"": false, ""r3c4"": false, ""r3c5"": false, ""r3c6"": false, ""r3c7"": false, ""r3c8"": false, ""r4c1"": false, ""r4c2"": false, ""r4c3"": true, ""r4c4"": true, ""r4c5"": true, ""r4c6"": true, ""r4c7"": true, ""r4c8"": true, ""r5c1"": false, ""r5c2"": true, ""r5c3"": true, ""r5c4"": true, ""r5c5"": true, ""r5c6"": true, ""r5c7"": true, ""r5c8"": true, ""r6c1"": false, ""r6c2"": true, ""r6c3"": true, ""r6c4"": true, ""r6c5"": true, ""r6c6"": true, ""r6c7"": true, ""r6c8"": true}",ON,23,Balanced,6,8,0.7187410742044449
2026-10-09 15:40:28,3,"[""r4c1"", ""r4c3"", ""r4c4"", ""r4c5"", ""r4c6"", ""r4c7"", ""r4c8"", ""r5c1"", ""r5c2"", ""r5c3"", ""r5c4"", ""r5c5"", ""r5c6"", ""r5c7"", ""r5c8"", ""r6c1"", ""r6c2"", ""r6c4"", ""r6c5"", ""r6c6"", ""r6c7"", ""r6c8""]","{""r1c1"": false, ""r1c2"": false, ""r1c3"": false, ""r1c4"": false, ""r1c5"": false, ""r1c6"": false, ""r1c7"": false, ""r1c8"": false, ""r2c1"": false, ""r2c2"": false, ""r2c3"": false, ""r2c4"": false, ""r2c5"": false, ""r2c6"": false, ""r2c7"": false, ""r2c8"": false, ""r3c1"": false, ""r3c2"": false, ""r3c3"": false, ""r3c4"": false, ""r3c5"": false, ""r3c6"": false, ""r3c7"": false, ""r3c8"": false, ""r4c1"": false, ""r4c2"": false, ""r4c3"": true, ""r4c4"": true, ""r4c5"": true, ""r4c6"": true, ""r4c7"": true, ""r4c8"": true, ""r5c1"": false, ""r5c2"": true, ""r5c3"": true, ""r5c4"": true, ""r5c5"": true, ""r5c6"": true, ""r5c7"": true, ""r5c8"": true, ""r6c1"": false, ""r6c2"": true, ""r6c3"": true, ""r6c4"": true, ""r6c5"": true, ""r6c6"": true, ""r6c7"": true, ""r6c8"": true}",ON,23,Balanced,6,8,0.7948727409044901
2026-10-09 15:40:28,4,"[""r4c1"", ""r4c3"", ""r4c4"", ""r4c5"", ""r4c6"", ""r4c7"", ""r4c8"", ""r5c1"", ""r5c2"", ""r5c3"", ""r5c4"", ""r5c5"", ""r5c6"", ""r5c7"", ""r5c8"", ""r6c1"", ""r6c2"", ""r6c4"", ""r6c5"", ""r6c6"", ""r6c7"", ""r6c8""]","{""r1c1"": false, ""r1c2"": false, ""r1c3"": false, ""r1c4"": false, ""r1c5"": false, ""r1c6"": false, ""r1c7"": false, ""r1c8"": false, ""r2c1"": false, ""r2c2"": false, ""r2c3"": false, ""r2c4"": false, ""r2c5"": false, ""r2c6"": false, ""r2c7"": false, ""r2c8"": false, ""r3c1"": false, ""r3c2"": false, ""r3c3"": false, ""r3c4"": false, ""r3c5"": false, ""r3c6"": false, ""r3c7"": false, ""r3c8"": false, ""r4c1"": false, ""r4c2"": false, ""r4c3"": true, ""r4c4"": true, ""r4c5"": true, ""r4c6"": true, ""r4c7"": true, ""r4c8"": true, ""r5c1"": false, ""r5c2"": true, ""r5c3"": true, ""r5c4"": true, ""r5c5"": true, ""r5c6"": true, ""r5c7"": true, ""r5c8"": true, ""r6c1"": false, ""r6c2"": true, ""r6c3"": true, ""r6c4"": true, ""r6c5"": true, ""r6c6"": true, ""r6c7"": true, ""r6c8"": true}",ON,23,Balanced,6,8,0.7331115454435349
2026-10-09 15:40:29,3,"[""r3c3"", ""r3c4"", ""r3c5"", ""r3c6"", ""r3c7"", ""r3c8"", ""r4c1"", ""r4c3"", ""r4c4"", ""r4c5"", ""r4c6"", ""r4c7"", ""r4c8"", ""r5c1"", ""r5c2"", ""r5c3"", ""r5c4"", ""r5c5"", ""r5c6"", ""r5c7"", ""r5c8"", ""r6c1"", ""r6c2"", ""r6c3"", ""r6c4"", ""r6c5"", ""r6c6"", ""r6c7"", ""r6c8""]","{""r1c1"": false, ""r1c2"": false, ""r1c3"": false, ""r1c4"": false, ""r1c5"": false, ""r1c6"": false, ""r1c7"": false, ""r1c8"": false, ""r2c1"": false, ""r2c2"": false, ""r2c3"": false, ""r2c4"": false, ""r2c5"": false, ""r2c6"": false, ""r2c7"": false, ""r2c8"": false, ""r3c1"": false, ""r3c2"": false, ""r3c3"": false, ""r3c4"": false, ""r3c5"": false, ""r3c6"": false, ""r3c7"": false, ""r3c8"": false, ""r4c1"": false, ""r4c2"": false, ""r4c3"": true, ""r4c4"": true, ""r4c5"": true, ""r4c6"": true, ""r4c7"": true, ""r4c8"": true, ""r5c1"": false, ""r5c2"": true, ""r5c3"": true, ""r5c4"": true, ""r5c5"": true, ""r5c6"": true, ""r5c7"": true, ""r5c8"": true, ""r6c1"": false, ""r6c2"": true, ""r6c3"": true, ""r6c4"": true, ""r6c5"": true, ""r6c6"": true, ""r6c7"": true, ""r6c8"": true}",ON,23,Balanced,6,8,0.7015819152196249
2026-10-09 15:40:29,3,"[""r4c1"", ""r4c2"", ""r4c3"", ""r4c4"", ""r4c5"", ""r4c6"", ""r4c7"", ""r5c1"", ""r5c2"", ""r5c3"", ""r5c4"", ""r5c5"", ""r5c6"", ""r5c7"", ""r5c8"", ""r6c1"", ""r6c2"", ""r6c3"", ""r6c4"", ""r6c5"", ""r6c6"", ""r6c7"", ""r6c8""]","{""r1c1"": false, ""r1c2"": false, ""r1c3"": false, ""r1c4"": false, ""r1c5"": false, ""r1c6"": false, ""r1c7"": false, ""r1c8"": false, ""r2c1"": false, ""r2c2"": false, ""r2c3"": false, ""r2c4"": false, ""r2c5"": false, ""r2c6"": false, ""r2c7"": false, ""r2c8"": false, ""r3c1"": false, ""r3c2"": false, ""r3c3"": false, ""r3c4"": false, ""r3c5"": false, ""r3c6"": false, ""r3c7"": false, ""r3c8"": false, ""r4c1"": false, ""r4c2"": false, ""r4c3"": true, ""r4c4"": true, ""r4c5"": true, ""r4c6"": true, ""r4c7"": true, ""r4c8"": true, ""r5c1"": true, ""r5c2"": true, ""r5c3"": true, ""r5c4"": true, ""r5c5"": true, ""r5c6"": true, ""r5c7"": true, ""r5c8"": true, ""r6c1"": true, ""r6c2"": true, ""r6c3"": true, ""r6c4"": true, ""r6c5"": true, ""r6c6"": true, ""r6c7"": true, ""r6c8"": true}",ON,23,Balanced,6,8,0.741983950138092
2026-10-09 15:40:30,2,"[""r1c1"", ""r1c2"", ""r1c3"", ""r1c4"", ""r1c5"", ""r1c6"", ""r1c7"", ""r1c8"", ""r2c1"", ""r2c2"", ""r2c3"", ""r2c4"", ""r2c5"", ""r2c6"", ""r2c7"", ""r2c8"", ""r3c1"", ""r3c2"", ""r3c3"", ""r3c4"", ""r3c5"", ""r3c6"", ""r3c7"", ""r3c8"", ""r4c1"", ""r4c2"", ""r4c3"", ""r4c4"", ""r4c5"", ""r4c6"", ""r4c7"", ""r4c8"", ""r5c1"", ""r5c2"", ""r5c3"", ""r5c4"", ""r5c5"", ""r5c6"", ""r5c7"", ""r5c8"", ""r6c1"", ""r6c2"", ""r6c3"", ""r6c4"", ""r6c5"", ""r6c6"", ""r6c7"", ""r6c8""]","{""r1c1"": false, ""r1c2"": false, ""r1c3"": false, ""r1c4"": false, ""r1c5"": false, ""r1c6"": false, ""r1c7"": false, ""r1c8"": false, ""r2c1"": false, ""r2c2"": false, ""r2c3"": false, ""r2c4"": false, ""r2c5"": false, ""r2c6"": false, ""r2c7"": false, ""r2c8"": false, ""r3c1"": false, ""r3c2"": false, ""r3c3"": false, ""r3c4"": false, ""r3c5"": false, ""r3c6"": false, ""r3c7"": false, ""r3c8"": false, ""r4c1"": false, ""r4c2"": false, ""r4c3"": true, ""r4c4"": true, ""r4c5"": true, ""r4c6"": true, ""r4c7"": true, ""r4c8"": true, ""r5c1"": true, ""r5c2"": true, ""r5c3"": true, ""r5c4"": true, ""r5c5"": true, ""r5c6"": true, ""r5c7"": true, ""r5c8"": true, ""r6c1"": true, ""r6c2"": true, ""r6c3"": true, ""r6c4"": true, ""r6c5"": true, ""r6c6"": true, ""r6c7"": true, ""r6c8"": true}",ON,23,Balanced,6,8,0.8497483432292938
2026-10-09 15:40:30,1,"[""r1c1"", ""r1c2"", ""r1c3"", ""r1c4"", ""r1c5"", ""r1c6"", ""r1c7"", ""r1c8"", ""r2c1"", ""r2c2"", ""r2c3"", ""r2c4"", ""r2c5"", ""r2c6"", ""r2c7"", ""r2c8"", ""r3c1"", ""r3c2"", ""r3c3"", ""r3c4"", ""r3c5"", ""r3c6"", ""r3c7"", ""r3c8"", ""r4c1"", ""r4c2"", ""r4c3"", ""r4c4"", ""r4c5"", ""r4c6"", ""r4c7"", ""r4c8"", ""r5c1"", ""r5c2"", ""r5c3"", ""r5c4"", ""r5c5"", ""r5c6"", ""r5c7"", ""r5c8"", ""r6c1"", ""r6c2"", ""r6c3"", ""r6c4"", ""r6c5"", ""r6c6"", ""r6c7"", ""r6c8""]","{""r1c1"": false, ""r1c2"": false, ""r1c3"": false, ""r1c4"": false, ""r1c5"": false, ""r1c6"": false, ""r1c7"": false, ""r1c8"": false, ""r2c1"": false, ""r2c2"": false, ""r2c3"": false, ""r2c4"": false, ""r2c5"": false, ""r2c6"": false, ""r2c7"": false, ""r2c8"": false, ""r3c1"": false, ""r3c2"": false, ""r3c3"": false, ""r3c4"": false, ""r3c5"": false, ""r3c6"": false, ""r3c7"": false, ""r3c8"": false, ""r4c1"": false, ""r4c2"": false, ""r4c3"": true, ""r4c4"": true, ""r4c5"": true, ""r4c6"": true, ""r4c7"": true, ""r4c8"": true, ""r5c1"": true, ""r5c2"": true, ""r5c3"": true, ""r5c4"": true, ""r5c5"": true, ""r5c6"": true, ""r5c7"": true, ""r5c8"": true, ""r6c1"": true, ""r6c2"": true, ""r6c3"": true, ""r6c4"": true, ""r6c5"": true, ""r6c6"": true, ""r6c7"": true, ""r6c8"": true}",ON,23,Balanced,6,8,0.9020881652832031
2026-10-09 15:40:30,2,"[""r1c1"", ""r1c2"", ""r1c3"", ""r1c4"", ""r1c5"", ""r1c6"", ""r1c7"", ""r1c8"", ""r2c1"", ""r2c2"", ""r2c3"", ""r2c4"", ""r2c5"", ""r2c6"", ""r2c7"", ""r2c8"", ""r3c1"", ""r3c2"", ""r3c3"", ""r3c4"", ""r3c5"", ""r3c6"", ""r3c7"", ""r3c8"", ""r4c1"", ""r4c2"", ""r4c3"", ""r4c4"", ""r4c5"", ""r4c6"", ""r4c7"", ""r4c8"", ""r5c1"", ""r5c2"", ""r5c3"", ""r5c4"", ""r5c5"", ""r5c6"", ""r5c7"", ""r5c8"", ""r6c1"", ""r6c2"", ""r6c3"", ""r6c4"", ""r6c5"", ""r6c6"", ""r6c7"", ""r6c8""]","{""r1c1"": false, ""r1c2"": false, ""r1c3"": false, ""r1c4"": false, ""r1c5"": false, ""r1c6"": false, ""r1c7"": false, ""r1c8"": false, ""r2c1"": false, ""r2c2"": false, ""r2c3"": false, ""r2c4"": false, ""r2c5"": false, ""r2c6"": false, ""r2c7"": false, ""r2c8"": false, ""r3c1"": false, ""r3c2"": false, ""r3c3"": false, ""r3c4"": false, ""r3c5"": false, ""r3c6"": false, ""r3c7"": false, ""r3c8"": false, ""r4c1"": false, ""r4c2"": false, ""r4c3"": true, ""r4c4"": true, ""r4c5"": true, ""r4c6"": true, ""r4c7"": true, ""r4c8"": true, ""r5c1"": true, ""r5c2"": true, ""r5c3"": true, ""r5c4"": true, ""r5c5"": true, ""r5c6"": true, ""r5c7"": true, ""r5c8"": true, ""r6c1"": true, ""r6c2"": true, ""r6c3"": true, ""r6c4"": true, ""r6c5"": true, ""r6c6"": true, ""r6c7"": true, ""r6c8"": true}",ON,23,Balanced,6,8,0.7053331434726715
2026-10-09 15:40:30,1,"[""r1c1"", ""r1c2"", ""r1c3"", ""r1c4"", ""r1c5"", ""r1c6"", ""r1c7"", ""r1c8"", ""r2c1"", ""r2c2"", ""r2c3"", ""r2c4"", ""r2c5"", ""r2c6"", ""r2c7"", ""r2c8"", ""r3c1"", ""r3c2"", ""r3c3"", ""r3c4"", ""r3c5"", ""r3c6"", ""r3c7"", ""r3c8"", ""r4c1"", ""r4c2"", ""r4c3"", ""r4c4"", ""r4c5"", ""r4c6"", ""r4c7"", ""r4c8"", ""r5c1"", ""r5c2"", ""r5c3"", ""r5c4"", ""r5c5"", ""r5c6"", ""r5c7"", ""r5c8"", ""r6c1"", ""r6c2"", ""r6c3"", ""r6c4"", ""r6c5"", ""r6c6"", ""r6c7"", ""r6c8""]","{""r1c1"": false, ""r1c2"": false, ""r1c3"": false, ""r1c4"": false, ""r1c5"": false, ""r1c6"": false, ""r1c7"": false, ""r1c8"": false, ""r2c1"": false, ""r2c2"": false, ""r2c3"": false, ""r2c4"": false, ""r2c5"": false, ""r2c6"": false, ""r2c7"": false, ""r2c8"": false, ""r3c1"": false, ""r3c2"": false, ""r3c3"": false, ""r3c4"": false, ""r3c5"": false, ""r3c6"": false, ""r3c7"": false, ""r3c8"": false, ""r4c1"": false, ""r4c2"": false, ""r4c3"": true, ""r4c4"": true, ""r4c5"": true, ""r4c6"": true, ""r4c7"": true, ""r4c8"": true, ""r5c1"": true, ""r5c2"": true, ""r5c3"": true, ""r5c4"": true, ""r5c5"": true, ""r5c6"": true, ""r5c7"": true, ""r5c8"": true, ""r6c1"": true, ""r6c2"": true, ""r6c3"": true, ""r6c4"": true, ""r6c5"": true, ""r6c6"": true, ""r6c7"": true, ""r6c8"": true}",ON,23,Balanced,6,8,0.918448805809021
2026-10-09 15:40:31,0,[],"{""r1c1"": false, ""r1c2"": false, ""r1c3"": false, ""r1c4"": false, ""r1c5"": false, ""r1c6"": false, ""r1c7"": false, ""r1c8"": false, ""r2c1"": false, ""r2c2"": false, ""r2c3"": false, ""r2c4"": false, ""r2c5"": false, ""r2c6"": false, ""r2c7"": false, ""r2c8"": false, ""r3c1"": false, ""r3c2"": false, ""r3c3"": false, ""r3c4"": false, ""r3c5"": false, ""r3c6"": false, ""r3c7"": false, ""r3c8"": false, ""r4c1"": false, ""r4c2"": false, ""r4c3"": true, ""r4c4"": true, ""r4c5"": true, ""r4c6"": true, ""r4c7"": true, ""r4c8"": true, ""r5c1"": true, ""r5c2"": true, ""r5c3"": true, ""r5c4"": true, ""r5c5"": true, ""r5c6"": true, ""r5c7"": true, ""r5c8"": true, ""r6c1"": true, ""r6c2"": true, ""r6c3"": true, ""r6c4"": true, ""r6c5"": true, ""r6c6"": true, ""r6c7"": true, ""r6c8"": true}",OFF,26,Balanced,6,8,
2026-10-09 15:40:31,1,"[""r1c1"", ""r1c2"", ""r1c3"", ""r1c4"", ""r1c5"", ""r1c6"", ""r1c7"", ""r1c8"", ""r2c1"", ""r2c2"", ""r2c3"", ""r2c4"", ""r2c5"", ""r2c6"", ""r2c7"", ""r2c8"", ""r3c1"", ""r3c2"", ""r3c3"", ""r3c4"", ""r3c5"", ""r3c6"", ""r3c7"", ""r3c8"", ""r4c1"", ""r4c2"", ""r4c3"", ""r4c4"", ""r4c5"", ""r4c6"", ""r4c7"", ""r4c8"", ""r5c1"", ""r5c2"", ""r5c3"", ""r5c4"", ""r5c5"", ""r5c6"", ""r5c7"", ""r5c8"", ""r6c1"", ""r6c2"", ""r6c3"", ""r6c4"", ""r6c5"", ""r6c6"", ""r6c7"", ""r6c8""]","{""r1c1"": false, ""r1c2"": false, ""r1c3"": false, ""r1c4"": false, ""r1c5"": false, ""r1c6"": false, ""r1c7"": false, ""r1c8"": false, ""r2c1"": false, ""r2c2"": false, ""r2c3"": false, ""r2c4"": false, ""r2c5"": false, ""r2c6"": false, ""r2c7"": false, ""r2c8"": false, ""r3c1"": false, ""r3c2"": false, ""r3c3"": false, ""r3c4"": false, ""r3c5"": false, ""r3c6"": false, ""r3c7"": false, ""r3c8"": false, ""r4c1"": false, ""r4c2"": false, ""r4c3"": true, ""r4c4"": true, ""r4c5"": true, ""r4c6"": true, ""r4c7"": true, ""r4c8"": true, ""r5c1"": true, ""r5c2"": true, ""r5c3"": true, ""r5c4"": true, ""r5c5"": true, ""r5c6"": true, ""r5c7"": true, ""r5c8"": true, ""r6c1"": true, ""r6c2"": true, ""r6c3"": true, ""r6c4"": true, ""r6c5"": true, ""r6c6"": true, ""r6c7"": true, ""r6c8"": true}",ON,23,Balanced,6,8,0.7502909302711487
2026-10-09 15:40:32,0,[],"{""r1c1"": false, ""r1c2"": false, ""r1c3"": false, ""r1c4"": false, ""r1c5"": false, ""r1c6"": false, ""r1c7"": false, ""r1c8"": false, ""r2c1"": false, ""r2c2"": false, ""r2c3"": false, ""r2c4"": false, ""r2c5"": false, ""r2c6"": false, ""r2c7"": false, ""r2c8"": false, ""r3c1"": false, ""r3c2"": false, ""r3c3"": false, ""r3c4"": false, ""r3c5"": false, ""r3c6"": false, ""r3c7"": false, ""r3c8"": false, ""r4c1"": false, ""r4c2"": false, ""r4c3"": true, ""r4c4"": true, ""r4c5"": true, ""r4c6"": true, ""r4c7"": true, ""r4c8"": true, ""r5c1"": true, ""r5c2"": true, ""r5c3"": true, ""r5c4"": true, ""r5c5"": true, ""r5c6"": true, ""r5c7"": true, ""r5c8"": true, ""r6c1"": true, ""r6c2"": true, ""r6c3"": true, ""r6c4"": true, ""r6c5"": true, ""r6c6"": true, ""r6c7"": true, ""r6c8"": true}",OFF,26,Balanced,6,8,
2026-10-09 15:40:32,1,"[""r1c1"", ""r1c2"", ""r1c3"", ""r1c4"", ""r1c5"", ""r1c6"", ""r1c7"", ""r1c8"", ""r2c1"", ""r2c2"", ""r2c3"", ""r2c4"", ""r2c5"", ""r2c6"", ""r2c7"", ""r2c8"", ""r3c1"", ""r3c2"", ""r3c3"", ""r3c4"", ""r3c5"", ""r3c6"", ""r3c7"", ""r3c8"", ""r4c1"", ""r4c2"", ""r4c3"", ""r4c4"", ""r4c5"", ""r4c6"", ""r4c7"", ""r4c8"", ""r5c1"", ""r5c2"", ""r5c3"", ""r5c4"", ""r5c5"", ""r5c6"", ""r5c7"", ""r5c8"", ""r6c1"", ""r6c2"", ""r6c3"", ""r6c4"", ""r6c5"", ""r6c6"", ""r6c7"", ""r6c8""]","{""r1c1"": false, ""r1c2"": false, ""r1c3"": false, ""r1c4"": false, ""r1c5"": false, ""r1c6"": false, ""r1c7"": false, ""r1c8"": false, ""r2c1"": false, ""r2c2"": false, ""r2c3"": false, ""r2c4"": false, ""r2c5"": false, ""r2c6"": false, ""r2c7"": false, ""r2c8"": false, ""r3c1"": false, ""r3c2"": false, ""r3c3"": false, ""r3c4"": false, ""r3c5"": false, ""r3c6"": false, ""r3c7"": false, ""r3c8"": false, ""r4c1"": false, ""r4c2"": false, ""r4c3"": true, ""r4c4"": true, ""r4c5"": true, ""r4c6"": true, ""r4c7"": true, ""r4c8"": true, ""r5c1"": true, ""r5c2"": true, ""r5c3"": true, ""r5c4"": true, ""r5c5"": true, ""r5c6"": true, ""r5c7"": true, ""r5c8"": true, ""r6c1"": true, ""r6c2"": true, ""r6c3"": true, ""r6c4"": true, ""r6c5"": true, ""r6c6"": true, ""r6c7"": true, ""r6c8"": true}",ON,23,Balanced,6,8,0.842043399810791
2026-10-09 15:40:33,2,"[""r3c1"", ""r3c2"", ""r3c3"", ""r3c4"", ""r3c5"", ""r3c6"", ""r3c7"", ""r3c8"", ""r4c1"", ""r4c2"", ""r4c3"", ""r4c4"", ""r4c5"", ""r4c6"", ""r4c7"", ""r4c8"", ""r5c1"", ""r5c2"", ""r5c3"", ""r5c4"", ""r5c5"", ""r5c6"", ""r5c7"", ""r5c8"", ""r6c1"", ""r6c2"", ""r6c3"", ""r6c4"", ""r6c5"", ""r6c6"", ""r6c7"", ""r6c8""]","{""r1c1"": false, ""r1c2"": false, ""r1c3"": false, ""r1c4"": false, ""r1c5"": false, ""r1c6"": false, ""r1c7"": false, ""r1c8"": false, ""r2c1"": false, ""r2c2"": false, ""r2c3"": false, ""r2c4"": false, ""r2c5"": false, ""r2c6"": false, ""r2c7"": false, ""r2c8"": false, ""r3c1"": false, ""r3c2"": false, ""r3c3"": false, ""r3c4"": false, ""r3c5"": false, ""r3c6"": false, ""r3c7"": false, ""r3c8"": false, ""r4c1"": false, ""r4c2"": false, ""r4c3"": true, ""r4c4"": true, ""r4c5"": true, ""r4c6"": true, ""r4c7"": true, ""r4c8"": true, ""r5c1"": true, ""r5c2"": true, ""r5c3"": true, ""r5c4"": true, ""r5c5"": true, ""r5c6"": true, ""r5c7"": true, ""r5c8"": true, ""r6c1"": true, ""r6c2"": true, ""r6c3"": true, ""r6c4"": true, ""r6c5"": true, ""r6c6"": true, ""r6c7"": true, ""r6c8"": true}",ON,23,Balanced,6,8,0.7149769067764282
2026-10-09 15:40:33,1,"[""r2c1"", ""r2c2"", ""r2c3"", ""r2c4"", ""r2c5"", ""r2c6"", ""r2c7"", ""r2c8"", ""r3c1"", ""r3c2"", ""r3c3"", ""r3c4"", ""r3c5"", ""r3c6"", ""r3c7"", ""r3c8"", ""r4c1"", ""r4c2"", ""r4c3"", ""r4c4"", ""r4c5"", ""r4c6"", ""r4c7"", ""r4c8"", ""r5c1"", ""r5c2"", ""r5c3"", ""r5c4"", ""r5c5"", ""r5c6"", ""r5c7"", ""r5c8"", ""r6c1"", ""r6c2"", ""r6c3"", ""r6c4"", ""r6c5"", ""r6c6"", ""r6c7"", ""r6c8""]","{""r1c1"": false, ""r1c2"": false, ""r1c3"": false, ""r1c4"": false, ""r1c5"": false, ""r1c6"": false, ""r1c7"": false, ""r1c8"": false, ""r2c1"": false, ""r2c2"": false, ""r2c3"": false, ""r2c4"": false, ""r2c5"": false, ""r2c6"": false, ""r2c7"": false, ""r2c8"": false, ""r3c1"": false, ""r3c2"": false, ""r3c3"": false, ""r3c4"": false, ""r3c5"": false, ""r3c6"": false, ""r3c7"": false, ""r3c8"": false, ""r4c1"": false, ""r4c2"": false, ""r4c3"": true, ""r4c4"": true, ""r4c5"": true, ""r4c6"": true, ""r4c7"": true, ""r4c8"": true, ""r5c1"": true, ""r5c2"": true, ""r5c3"": true, ""r5c4"": true, ""r5c5"": true, ""r5c6"": true, ""r5c7"": true, ""r5c8"": true, ""r6c1"": true, ""r6c2"": true, ""r6c3"": true, ""r6c4"": true, ""r6c5"": true, ""r6c6"": true, ""r6c7"": true, ""r6c8"": true}",ON,23,Balanced,6,8,0.8070831894874573
2026-10-09 15:40:34,0,[],"{""r1c1"": false, ""r1c2"": false, ""r1c3"": false, ""r1c4"": false, ""r1c5"": false, ""r1c6"": false, ""r1c7"": false, ""r1c8"": false, ""r2c1"": false, ""r2c2"": false, ""r2c3"": false, ""r2c4"": false, ""r2c5"": false, ""r2c6"": false, ""r2c7"": false, ""r2c8"": false, ""r3c1"": false, ""r3c2"": false, ""r3c3"": false, ""r3c4"": false, ""r3c5"": false, ""r3c6"": false, ""r3c7"": false, ""r3c8"": false, ""r4c1"": false, ""r4c2"": false, ""r4c3"": true, ""r4c4"": true, ""r4c5"": true, ""r4c6"": true, ""r4c7"": true, ""r4c8"": true, ""r5c1"": true, ""r5c2"": true, ""r5c3"": true, ""r5c4"": true, ""r5c5"": true, ""r5c6"": true, ""r5c7"": true, ""r5c8"": true, ""r6c1"": true, ""r6c2"": true, ""r6c3"": true, ""r6c4"": true, ""r6c5"": true, ""r6c6"": true, ""r6c7"": true, ""r6c8"": true}",OFF,26,Balanced,6,8,
2026-10-09 15:40:34,1,"[""r1c1"", ""r1c2"", ""r1c3"", ""r1c4"", ""r1c5"", ""r1c6"", ""r1c7"", ""r1c8"", ""r2c1"", ""r2c2"", ""r2c3"", ""r2c4"", ""r2c5"", ""r2c6"", ""r2c7"", ""r2c8"", ""r3c1"", ""r3c2"", ""r3c3"", ""r3c4"", ""r3c5"", ""r3c6"", ""r3c7"", ""r3c8"", ""r4c1"", ""r4c2"", ""r4c3"", ""r4c4"", ""r4c5"", ""r4c6"", ""r4c7"", ""r4c8"", ""r5c1"", ""r5c2"", ""r5c3"", ""r5c4"", ""r5c5"", ""r5c6"", ""r5c7"", ""r5c8"", ""r6c1"", ""r6c2"", ""r6c3"", ""r6c4"", ""r6c5"", ""r6c6"", ""r6c7"", ""r6c8""]","{""r1c1"": false, ""r1c2"": false, ""r1c3"": false, ""r1c4"": false, ""r1c5"": false, ""r1c6"": false, ""r1c7"": false, ""r1c8"": false, ""r2c1"": false, ""r2c2"": false, ""r2c3"": false, ""r2c4"": false, ""r2c5"": false, ""r2c6"": false, ""r2c7"": false, ""r2c8"": false, ""r3c1"": false, ""r3c2"": false, ""r3c3"": false, ""r3c4"": false, ""r3c5"": false, ""r3c6"": false, ""r3c7"": false, ""r3c8"": false, ""r4c1"": false, ""r4c2"": false, ""r4c3"": true, ""r4c4"": true, ""r4c5"": true, ""r4c6"": true, ""r4c7"": true, ""r4c8"": true, ""r5c1"": true, ""r5c2"": true, ""r5c3"": true, ""r5c4"": true, ""r5c5"": true, ""r5c6"": true, ""r5c7"": true, ""r5c8"": true, ""r6c1"": true, ""r6c2"": true, ""r6c3"": true, ""r6c4"": true, ""r6c5"": true, ""r6c6"": true, ""r6c7"": true, ""r6c8"": true}",ON,23,Balanced,6,8,0.709952175617218
2026-10-09 15:40:34,2,"[""r1c1"", ""r1c2"", ""r1c3"", ""r1c4"", ""r1c5"", ""r1c6"", ""r1c7"", ""r1c8"", ""r2c1"", ""r2c2"", ""r2c3"", ""r2c4"", ""r2c5"", ""r2c6"", ""r2c7"", ""r2c8"", ""r3c1"", ""r3c2"", ""r3c3"", ""r3c4"", ""r3c5"", ""r3c6"", ""r3c7"", ""r3c8"", ""r4c1"", ""r4c2"", ""r4c3"", ""r4c4"", ""r4c5"", ""r4c6"", ""r4c7"", ""r4c8"", ""r5c1"", ""r5c2"", ""r5c3"", ""r5c4"", ""r5c5"", ""r5c6"", ""r5c7"", ""r5c8"", ""r6c1"", ""r6c2"", ""r6c3"", ""r6c4"", ""r6c5"", ""r6c6"", ""r6c7"", ""r6c8""]","{""r1c1"": false, ""r1c2"": false, ""r1c3"": false, ""r1c4"": false, ""r1c5"": false, ""r1c6"": false, ""r1c7"": false, ""r1c8"": false, ""r2c1"": false, ""r2c2"": false, ""r2c3"": false, ""r2c4"": false, ""r2c5"": false, ""r2c6"": false, ""r2c7"": false, ""r2c8"": false, ""r3c1"": false, ""r3c2"": false, ""r3c3"": false, ""r3c4"": false, ""r3c5"": false, ""r3c6"": false, ""r3c7"": false, ""r3c8"": false, ""r4c1"": false, ""r4c2"": false, ""r4c3"": true, ""r4c4"": true, ""r4c5"": true, ""r4c6"": true, ""r4c7"": true, ""r4c8"": true, ""r5c1"": true, ""r5c2"": true, ""r5c3"": true, ""r5c4"": true, ""r5c5"": true, ""r5c6"": true, ""r5c7"": true, ""r5c8"": true, ""r6c1"": true, ""r6c2"": true, ""r6c3"": true, ""r6c4"": true, ""r6c5"": true, ""r6c6"": true, ""r6c7"": true, ""r6c8"": true}",ON,23,Balanced,6,8,0.7286717593669891
2026-10-09 15:40:34,1,"[""r1c1"", ""r1c2"", ""r1c3"", ""r1c4"", ""r1c5"", ""r1c6"", ""r1c7"", ""r1c8"", ""r2c1"", ""r2c2"", ""r2c3"", ""r2c4"", ""r2c5"", ""r2c6"", ""r2c7"", ""r2c8"", ""r3c1"", ""r3c2"", ""r3c3"", ""r3c4"", ""r3c5"", ""r3c6"", ""r3c7"", ""r3c8"", ""r4c1"", ""r4c2"", ""r4c3"", ""r4c4"", ""r4c5"", ""r4c6"", ""r4c7"", ""r4c8"", ""r5c1"", ""r5c2"", ""r5c3"", ""r5c4"", ""r5c5"", ""r5c6"", ""r5c7"", ""r5c8"", ""r6c1"", ""r6c2"", ""r6c3"", ""r6c4"", ""r6c5"", ""r6c6"", ""r6c7"", ""r6c8""]","{""r1c1"": false, ""r1c2"": false, ""r1c3"": false, ""r1c4"": false, ""r1c5"": false, ""r1c6"": false, ""r1c7"": false, ""r1c8"": false, ""r2c1"": false, ""r2c2"": false, ""r2c3"": false, ""r2c4"": false, ""r2c5"": false, ""r2c6"": false, ""r2c7"": false, ""r2c8"": false, ""r3c1"": false, ""r3c2"": false, ""r3c3"": false, ""r3c4"": false, ""r3c5"": false, ""r3c6"": false, ""r3c7"": false, ""r3c8"": false, ""r4c1"": false, ""r4c2"": false, ""r4c3"": true, ""r4c4"": true, ""r4c5"": true, ""r4c6"": true, ""r4c7"": true, ""r4c8"": true, ""r5c1"": true, ""r5c2"": true, ""r5c3"": true, ""r5c4"": true, ""r5c5"": true, ""r5c6"": true, ""r5c7"": true, ""r5c8"": true, ""r6c1"": true, ""r6c2"": true, ""r6c3"": true, ""r6c4"": true, ""r6c5"": true, ""r6c6"": true, ""r6c7"": true, ""r6c8"": true}",ON,23,Balanced,6,8,0.9012051820755005
2026-10-09 15:40:34,2,"[""r1c1"", ""r1c2"", ""r1c3"", ""r1c4"", ""r1c5"", ""r1c6"", ""r1c7"", ""r1c8"", ""r2c1"", ""r2c2"", ""r2c3"", ""r2c4"", ""r2c5"", ""r2c6"", ""r2c7"", ""r2c8"", ""r3c1"", ""r3c2"", ""r3c3"", ""r3c4"", ""r3c5"", ""r3c6"", ""r3c7"", ""r3c8"", ""r4c1"", ""r4c2"", ""r4c3"", ""r4c4"", ""r4c5"", ""r4c6"", ""r4c7"", ""r4c8"", ""r5c1"", ""r5c2"", ""r5c3"", ""r5c4"", ""r5c5"", ""r5c6"", ""r5c7"", ""r5c8"", ""r6c1"", ""r6c2"", ""r6c3"", ""r6c4"", ""r6c5"", ""r6c6"", ""r6c7"", ""r6c8""]","{""r1c1"": false, ""r1c2"": false, ""r1c3"": false, ""r1c4"": false, ""r1c5"": false, ""r1c6"": false, ""r1c7"": false, ""r1c8"": false, ""r2c1"": false, ""r2c2"": false, ""r2c3"": false, ""r2c4"": false, ""r2c5"": false, ""r2c6"": false, ""r2c7"": false, ""r2c8"": false, ""r3c1"": false, ""r3c2"": false, ""r3c3"": false, ""r3c4"": false, ""r3c5"": false, ""r3c6"": false, ""r3c7"": false, ""r3c8"": false, ""r4c1"": false, ""r4c2"": false, ""r4c3"": true, ""r4c4"": true, ""r4c5"": true, ""r4c6"": true, ""r4c7"": true, ""r4c8"": true, ""r5c1"": true, ""r5c2"": true, ""r5c3"": true, ""r5c4"": true, ""r5c5"": true, ""r5c6"": true, ""r5c7"": true, ""r5c8"": true, ""r6c1"": true, ""r6c2"": true, ""r6c3"": true, ""r6c4"": true, ""r6c5"": true, ""r6c6"": true, ""r6c7"": true, ""r6c8"": true}",ON,23,Balanced,6,8,0.6970348954200745
2026-10-09 15:40:34,1,"[""r1c1"", ""r1c2"", ""r1c3"", ""r1c4"", ""r1c5"", ""r1c6"", ""r1c7"", ""r1c8"", ""r2c1"", ""r2c2"", ""r2c3"", ""r2c4"", ""r2c5"", ""r2c6"", ""r2c7"", ""r2c8"", ""r3c1"", ""r3c2"", ""r3c3"", ""r3c4"", ""r3c5"", ""r3c6"", ""r3c7"", ""r3c8"", ""r4c1"", ""r4c2"", ""r4c3"", ""r4c4"", ""r4c5"", ""r4c6"", ""r4c7"", ""r4c8"", ""r5c1"", ""r5c2"", ""r5c3"", ""r5c4"", ""r5c5"", ""r5c6"", ""r5c7"", ""r5c8"", ""r6c1"", ""r6c2"", ""r6c3"", ""r6c4"", ""r6c5"", ""r6c6"", ""r6c7"", ""r6c8""]","{""r1c1"": false, ""r1c2"": false, ""r1c3"": false, ""r1c4"": false, ""r1c5"": false, ""r1c6"": false, ""r1c7"": false, ""r1c8"": false, ""r2c1"": false, ""r2c2"": false, ""r2c3"": false, ""r2c4"": false, ""r2c5"": false, ""r2c6"": false, ""r2c7"": false, ""r2c8"": false, ""r3c1"": false, ""r3c2"": false, ""r3c3"": false, ""r3c4"": false, ""r3c5"": false, ""r3c6"": false, ""r3c7"": false, ""r3c8"": false, ""r4c1"": false, ""r4c2"": false, ""r4c3"": true, ""r4c4"": true, ""r4c5"": true, ""r4c6"": true, ""r4c7"": true, ""r4c8"": true, ""r5c1"": true, ""r5c2"": true, ""r5c3"": true, ""r5c4"": true, ""r5c5"": true, ""r5c6"": true, ""r5c7"": true, ""r5c8"": true, ""r6c1"": true, ""r6c2"": true, ""r6c3"": true, ""r6c4"": true, ""r6c5"": true, ""r6c6"": true, ""r6c7"": true, ""r6c8"": true}",ON,23,Balanced,6,8,0.887172281742096
2026-10-09 15:40:35,2,"[""r1c1"", ""r1c2"", ""r1c3"", ""r1c4"", ""r1c5"", ""r1c6"", ""r1c7"", ""r1c8"", ""r2c1"", ""r2c2"", ""r2c3"", ""r2c4"", ""r2c5"", ""r2c6"", ""r2c7"", ""r2c8"", ""r3c1"", ""r3c2"", ""r3c3"", ""r3c4"", ""r3c5"", ""r3c6"", ""r3c7"", ""r3c8"", ""r4c1"", ""r4c2"", ""r4c3"", ""r4c4"", ""r4c5"", ""r4c6"", ""r4c7"", ""r4c8"", ""r5c1"", ""r5c2"", ""r5c3"", ""r5c4"", ""r5c5"", ""r5c6"", ""r5c7"", ""r5c8"", ""r6c1"", ""r6c2"", ""r6c3"", ""r6c4"", ""r6c5"", ""r6c6"", ""r6c7"", ""r6c8""]","{""r1c1"": false, ""r1c2"": false, ""r1c3"": false, ""r1c4"": false, ""r1c5"": false, ""r1c6"": false, ""r1c7"": false, ""r1c8"": false, ""r2c1"": false, ""r2c2"": false, ""r2c3"": false, ""r2c4"": false, ""r2c5"": false, ""r2c6"": false, ""r2c7"": false, ""r2c8"": false, ""r3c1"": false, ""r3c2"": false, ""r3c3"": false, ""r3c4"": false, ""r3c5"": false, ""r3c6"": false, ""r3c7"": false, ""r3c8"": false, ""r4c1"": false, ""r4c2"": false, ""r4c3"": true, ""r4c4"": true, ""r4c5"": true, ""r4c6"": true, ""r4c7"": true, ""r4c8"": true, ""r5c1"": true, ""r5c2"": true, ""r5c3"": true, ""r5c4"": true, ""r5c5"": true, ""r5c6"": true, ""r5c7"": true, ""r5c8"": true, ""r6c1"": true, ""r6c2"": true, ""r6c3"": true, ""r6c4"": true, ""r6c5"": true, ""r6c6"": true, ""r6c7"": true, ""r6c8"": true}",ON,23,Balanced,6,8,0.6606970876455307
2026-10-09 15:40:35,1,"[""r1c1"", ""r1c2"", ""r1c3"", ""r1c4"", ""r1c5"", ""r1c6"", ""r1c7"", ""r1c8"", ""r2c1"", ""r2c2"", ""r2c3"", ""r2c4"", ""r2c5"", ""r2c6"", ""r2c7"", ""r2c8"", ""r3c1"", ""r3c2"", ""r3c3"", ""r3c4"", ""r3c5"", ""r3c6"", ""r3c7"", ""r3c8"", ""r4c1"", ""r4c2"", ""r4c3"", ""r4c4"", ""r4c5"", ""r4c6"", ""r4c7"", ""r4c8"", ""r5c1"", ""r5c2"", ""r5c3"", ""r5c4"", ""r5c5"", ""r5c6"", ""r5c7"", ""r5c8"", ""r6c1"", ""r6c2"", ""r6c3"", ""r6c4"", ""r6c5"", ""r6c6"", ""r6c7"", ""r6c8""]","{""r1c1"": false, ""r1c2"": false, ""r1c3"": false, ""r1c4"": false, ""r1c5"": false, ""r1c6"": false, ""r1c7"": false, ""r1c8"": false, ""r2c1"": false, ""r2c2"": false, ""r2c3"": false, ""r2c4"": false, ""r2c5"": false, ""r2c6"": false, ""r2c7"": false, ""r2c8"": false, ""r3c1"": false, ""r3c2"": false, ""r3c3"": false, ""r3c4"": false, ""r3c5"": false, ""r3c6"": false, ""r3c7"": false, ""r3c8"": false, ""r4c1"": false, ""r4c2"": false, ""r4c3"": true, ""r4c4"": true, ""r4c5"": true, ""r4c6"": true, ""r4c7"": true, ""r4c8"": true, ""r5c1"": true, ""r5c2"": true, ""r5c3"": true, ""r5c4"": true, ""r5c5"": true, ""r5c6"": true, ""r5c7"": true, ""r5c8"": true, ""r6c1"": true, ""r6c2"": true, ""r6c3"": true, ""r6c4"": true, ""r6c5"": true, ""r6c6"": true, ""r6c7"": true, ""r6c8"": true}",ON,23,Balanced,6,8,0.8728060722351074
2026-10-09 15:40:36,0,[],"{""r1c1"": false, ""r1c2"": false, ""r1c3"": false, ""r1c4"": false, ""r1c5"": false, ""r1c6"": false, ""r1c7"": false, ""r1c8"": false, ""r2c1"": false, ""r2c2"": false, ""r2c3"": false, ""r2c4"": false, ""r2c5"": false, ""r2c6"": false, ""r2c7"": false, ""r2c8"": false, ""r3c1"": false, ""r3c2"": false, ""r3c3"": false, ""r3c4"": false, ""r3c5"": false, ""r3c6"": false, ""r3c7"": false, ""r3c8"": false, ""r4c1"": false, ""r4c2"": false, ""r4c3"": true, ""r4c4"": true, ""r4c5"": true, ""r4c6"": true, ""r4c7"": true, ""r4c8"": true, ""r5c1"": true, ""r5c2"": true, ""r5c3"": true, ""r5c4"": true, ""r5c5"": true, ""r5c6"": true, ""r5c7"": true, ""r5c8"": true, ""r6c1"": true, ""r6c2"": true, ""r6c3"": true, ""r6c4"": true, ""r6c5"": true, ""r6c6"": true, ""r6c7"": true, ""r6c8"": true}",OFF,26,Balanced,6,8,
2026-10-09 15:40:36,1,"[""r3c1"", ""r3c2"", ""r3c3"", ""r3c4"", ""r3c5"", ""r3c6"", ""r3c7"", ""r3c8"", ""r4c1"", ""r4c2"", ""r4c3"", ""r4c4"", ""r4c5"", ""r4c6"", ""r4c7"", ""r4c8"", ""r5c1"", ""r5c2"", ""r5c3"", ""r5c4"", ""r5c5"", ""r5c6"", ""r5c7"", ""r5c8"", ""r6c1"", ""r6c2"", ""r6c3"", ""r6c4"", ""r6c5"", ""r6c6"", ""r6c7"", ""r6c8""]","{""r1c1"": false, ""r1c2"": false, ""r1c3"": false, ""r1c4"": false, ""r1c5"": false, ""r1c6"": false, ""r1c7"": false, ""r1c8"": false, ""r2c1"": false, ""r2c2"": false, ""r2c3"": false, ""r2c4"": false, ""r2c5"": false, ""r2c6"": false, ""r2c7"": false, ""r2c8"": false, ""r3c1"": false, ""r3c2"": false, ""r3c3"": false, ""r3c4"": false, ""r3c5"": false, ""r3c6"": false, ""r3c7"": false, ""r3c8"": false, ""r4c1"": false, ""r4c2"": false, ""r4c3"": true, ""r4c4"": true, ""r4c5"": true, ""r4c6"": true, ""r4c7"": true, ""r4c8"": true, ""r5c1"": true, ""r5c2"": true, ""r5c3"": true, ""r5c4"": true, ""r5c5"": true, ""r5c6"": true, ""r5c7"": true, ""r5c8"": true, ""r6c1"": true, ""r6c2"": true, ""r6c3"": true, ""r6c4"": true, ""r6c5"": true, ""r6c6"": true, ""r6c7"": true, ""r6c8"": true}",ON,23,Balanced,6,8,0.5248929262161255
2026-10-09 15:40:36,0,[],"{""r1c1"": false, ""r1c2"": false, ""r1c3"": false, ""r1c4"": false, ""r1c5"": false, ""r1c6"": false, ""r1c7"": false, ""r1c8"": false, ""r2c1"": false, ""r2c2"": false, ""r2c3"": false, ""r2c4"": false, ""r2c5"": false, ""r2c6"": false, ""r2c7"": false, ""r2c8"": false, ""r3c1"": false, ""r3c2"": false, ""r3c3"": false, ""r3c4"": false, ""r3c5"": false, ""r3c6"": false, ""r3c7"": false, ""r3c8"": false, ""r4c1"": false, ""r4c2"": false, ""r4c3"": true, ""r4c4"": true, ""r4c5"": true, ""r4c6"": true, ""r4c7"": true, ""r4c8"": true, ""r5c1"": true, ""r5c2"": true, ""r5c3"": true, ""r5c4"": true, ""r5c5"": true, ""r5c6"": true, ""r5c7"": true, ""r5c8"": true, ""r6c1"": true, ""r6c2"": true, ""r6c3"": true, ""r6c4"": true, ""r6c5"": true, ""r6c6"": true, ""r6c7"": true, ""r6c8"": true}",OFF,26,Balanced,6,8,
2026-10-09 15:40:36,1,"[""r4c1"", ""r4c2"", ""r4c3"", ""r4c4"", ""r4c5"", ""r4c6"", ""r4c7"", ""r4c8"", ""r5c1"", ""r5c2"", ""r5c3"", ""r5c4"", ""r5c5"", ""r5c6"", ""r5c7"", ""r5c8"", ""r6c2"", ""r6c3"", ""r6c4"", ""r6c5"", ""r6c6"", ""r6c7"", ""r6c8""]","{""r1c1"": false, ""r1c2"": false, ""r1c3"": false, ""r1c4"": false, ""r1c5"": false, ""r1c6"": false, ""r1c7"": false, ""r1c8"": false, ""r2c1"": false, ""r2c2"": false, ""r2c3"": false, ""r2c4"": false, ""r2c5"": false, ""r2c6"": false, ""r2c7"": false, ""r2c8"": false, ""r3c1"": false, ""r3c2"": false, ""r3c3"": false, ""r3c4"": false, ""r3c5"": false, ""r3c6"": false, ""r3c7"": false, ""r3c8"": false, ""r4c1"": false, ""r4c2"": false, ""r4c3"": true, ""r4c4"": true, ""r4c5"": true, ""r4c6"": true, ""r4c7"": true, ""r4c8"": true, ""r5c1"": true, ""r5c2"": true, ""r5c3"": true, ""r5c4"": true, ""r5c5"": true, ""r5c6"": true, ""r5c7"": true, ""r5c8"": true, ""r6c1"": true, ""r6c2"": true, ""r6c3"": true, ""r6c4"": true, ""r6c5"": true, ""r6c6"": true, ""r6c7"": true, ""r6c8"": true}",ON,23,Balanced,6,8,0.5980353951454163
2026-10-09 15:40:36,0,[],"{""r1c1"": false, ""r1c2"": false, ""r1c3"": false, ""r1c4"": false, ""r1c5"": false, ""r1c6"": false, ""r1c7"": false, ""r1c8"": false, ""r2c1"": false, ""r2c2"": false, ""r2c3"": false, ""r2c4"": false, ""r2c5"": false, ""r2c6"": false, ""r2c7"": false, ""r2c8"": false, ""r3c1"": false, ""r3c2"": false, ""r3c3"": false, ""r3c4"": false, ""r3c5"": false, ""r3c6"": false, ""r3c7"": false, ""r3c8"": false, ""r4c1"": false, ""r4c2"": false, ""r4c3"": true, ""r4c4"": true, ""r4c5"": true, ""r4c6"": true, ""r4c7"": true, ""r4c8"": true, ""r5c1"": true, ""r5c2"": true, ""r5c3"": true, ""r5c4"": true, ""r5c5"": true, ""r5c6"": true, ""r5c7"": true, ""r5c8"": true, ""r6c1"": true, ""r6c2"": true, ""r6c3"": true, ""r6c4"": true, ""r6c5"": true, ""r6c6"": true, ""r6c7"": true, ""r6c8"": true}",OFF,26,Balanced,6,8,
2026-10-09 15:40:36,1,"[""r2c1"", ""r2c2"", ""r2c3"", ""r2c4"", ""r2c5"", ""r2c6"", ""r2c7"", ""r2c8"", ""r3c1"", ""r3c2"", ""r3c3"", ""r3c4"", ""r3c5"", ""r3c6"", ""r3c7"", ""r3c8"", ""r4c1"", ""r4c2"", ""r4c3"", ""r4c4"", ""r4c5"", ""r4c6"", ""r4c7"", ""r4c8"", ""r5c1"", ""r5c2"", ""r5c3"", ""r5c4"", ""r5c5"", ""r5c6"", ""r5c7"", ""r5c8"", ""r6c1"", ""r6c2"", ""r6c3"", ""r6c4"", ""r6c5"", ""r6c6"", ""r6c7"", ""r6c8""]","{""r1c1"": false, ""r1c2"": false, ""r1c3"": false, ""r1c4"": false, ""r1c5"": false, ""r1c6"": false, ""r1c7"": false, ""r1c8"": false, ""r2c1"": false, ""r2c2"": false, ""r2c3"": false, ""r2c4"": false, ""r2c5"": false, ""r2c6"": false, ""r2c7"": false, ""r2c8"": false, ""r3c1"": false, ""r3c2"": false, ""r3c3"": false, ""r3c4"": false, ""r3c5"": false, ""r3c6"": false, ""r3c7"": false, ""r3c8"": false, ""r4c1"": false, ""r4c2"": false, ""r4c3"": true, ""r4c4"": true, ""r4c5"": true, ""r4c6"": true, ""r4c7"": true, ""r4c8"": true, ""r5c1"": true, ""r5c2"": true, ""r5c3"": true, ""r5c4"": true, ""r5c5"": true, ""r5c6"": true, ""r5c7"": true, ""r5c8"": true, ""r6c1"": true, ""r6c2"": true, ""r6c3"": true, ""r6c4"": true, ""r6c5"": true, ""r6c6"": true, ""r6c7"": true, ""r6c8"": true}",ON,23,Balanced,6,8,0.6724995970726013
2026-10-09 15:40:38,2,"[""r1c1"", ""r1c2"", ""r1c3"", ""r1c4"", ""r1c5"", ""r1c6"", ""r1c7"", ""r1c8"", ""r2c1"", ""r2c2"", ""r2c3"", ""r2c4"", ""r2c5"", ""r2c6"", ""r2c7"", ""r2c8"", ""r3c1"", ""r3c2"", ""r3c3"", ""r3c4"", ""r3c5"", ""r3c6"", ""r3c7"", ""r3c8"", ""r4c1"", ""r4c2"", ""r4c3"", ""r4c4"", ""r4c5"", ""r4c6"", ""r4c7"", ""r4c8"", ""r5c1"", ""r5c2"", ""r5c3"", ""r5c4"", ""r5c5"", ""r5c6"", ""r5c7"", ""r5c8"", ""r6c1"", ""r6c2"", ""r6c3"", ""r6c4"", ""r6c5"", ""r6c6"", ""r6c7"", ""r6c8""]","{""r1c1"": false, ""r1c2"": false, ""r1c3"": false, ""r1c4"": false, ""r1c5"": false, ""r1c6"": false, ""r1c7"": false, ""r1c8"": false, ""r2c1"": false, ""r2c2"": false, ""r2c3"": false, ""r2c4"": false, ""r2c5"": false, ""r2c6"": false, ""r2c7"": false, ""r2c8"": false, ""r3c1"": false, ""r3c2"": false, ""r3c3"": false, ""r3c4"": false, ""r3c5"": false, ""r3c6"": false, ""r3c7"": false, ""r3c8"": false, ""r4c1"": false, ""r4c2"": false, ""r4c3"": true, ""r4c4"": true, ""r4c5"": true, ""r4c6"": true, ""r4c7"": true, ""r4c8"": true, ""r5c1"": true, ""r5c2"": true, ""r5c3"": true, ""r5c4"": true, ""r5c5"": true, ""r5c6"": true, ""r5c7"": true, ""r5c8"": true, ""r6c1"": true, ""r6c2"": true, ""r6c3"": true, ""r6c4"": true, ""r6c5"": true, ""r6c6"": true, ""r6c7"": true, ""r6c8"": true}",ON,23,Balanced,6,8,0.8143267631530762
2026-10-09 15:40:40,1,"[""r1c1"", ""r1c2"", ""r1c3"", ""r1c4"", ""r1c5"", ""r1c6"", ""r1c7"", ""r1c8"", ""r2c1"", ""r2c2"", ""r2c3"", ""r2c4"", ""r2c5"", ""r2c6"", ""r2c7"", ""r2c8"", ""r3c1"", ""r3c2"", ""r3c3"", ""r3c4"", ""r3c5"", ""r3c6"", ""r3c7"", ""r3c8"", ""r4c1"", ""r4c2"", ""r4c3"", ""r4c4"", ""r4c5"", ""r4c6"", ""r4c7"", ""r4c8"", ""r5c1"", ""r5c2"", ""r5c3"", ""r5c4"", ""r5c5"", ""r5c6"", ""r5c7"", ""r5c8"", ""r6c1"", ""r6c2"", ""r6c3"", ""r6c4"", ""r6c5"", ""r6c6"", ""r6c7"", ""r6c8""]","{""r1c1"": false, ""r1c2"": false, ""r1c3"": false, ""r1c4"": false, ""r1c5"": false, ""r1c6"": false, ""r1c7"": false, ""r1c8"": false, ""r2c1"": false, ""r2c2"": false, ""r2c3"": false, ""r2c4"": false, ""r2c5"": false, ""r2c6"": false, ""r2c7"": false, ""r2c8"": false, ""r3c1"": false, ""r3c2"": false, ""r3c3"": false, ""r3c4"": false, ""r3c5"": false, ""r3c6"": false, ""r3c7"": false, ""r3c8"": false, ""r4c1"": false, ""r4c2"": false, ""r4c3"": true, ""r4c4"": true, ""r4c5"": true, ""r4c6"": true, ""r4c7"": true, ""r4c8"": true, ""r5c1"": true, ""r5c2"": true, ""r5c3"": true, ""r5c4"": true, ""r5c5"": true, ""r5c6"": true, ""r5c7"": true, ""r5c8"": true, ""r6c1"": true, ""r6c2"": true, ""r6c3"": true, ""r6c4"": true, ""r6c5"": true, ""r6c6"": true, ""r6c7"": true, ""r6c8"": true}",ON,23,Balanced,6,8,0.8260811567306519
2026-10-09 15:40:40,2,"[""r1c1"", ""r1c2"", ""r1c3"", ""r1c4"", ""r1c5"", ""r1c6"", ""r1c7"", ""r1c8"", ""r2c1"", ""r2c2"", ""r2c3"", ""r2c4"", ""r2c5"", ""r2c6"", ""r2c7"", ""r2c8"", ""r3c1"", ""r3c2"", ""r3c3"", ""r3c4"", ""r3c5"", ""r3c6"", ""r3c7"", ""r3c8"", ""r4c1"", ""r4c2"", ""r4c3"", ""r4c4"", ""r4c5"", ""r4c6"", ""r4c7"", ""r4c8"", ""r5c1"", ""r5c2"", ""r5c3"", ""r5c4"", ""r5c5"", ""r5c6"", ""r5c7"", ""r5c8"", ""r6c1"", ""r6c2"", ""r6c3"", ""r6c4"", ""r6c5"", ""r6c6"", ""r6c7"", ""r6c8""]","{""r1c1"": false, ""r1c2"": false, ""r1c3"": false, ""r1c4"": false, ""r1c5"": false, ""r1c6"": false, ""r1c7"": false, ""r1c8"": false, ""r2c1"": false, ""r2c2"": false, ""r2c3"": false, ""r2c4"": false, ""r2c5"": false, ""r2c6"": false, ""r2c7"": false, ""r2c8"": false, ""r3c1"": false, ""r3c2"": false, ""r3c3"": false, ""r3c4"": false, ""r3c5"": false, ""r3c6"": false, ""r3c7"": false, ""r3c8"": false, ""r4c1"": false, ""r4c2"": false, ""r4c3"": true, ""r4c4"": true, ""r4c5"": true, ""r4c6"": true, ""r4c7"": true, ""r4c8"": true, ""r5c1"": true, ""r5c2"": true, ""r5c3"": true, ""r5c4"": true, ""r5c5"": true, ""r5c6"": true, ""r5c7"": true, ""r5c8"": true, ""r6c1"": true, ""r6c2"": true, ""r6c3"": true, ""r6c4"": true, ""r6c5"": true, ""r6c6"": true, ""r6c7"": true, ""r6c8"": true}",ON,23,Balanced,6,8,0.7141300737857819
2026-10-09 15:40:40,1,"[""r1c1"", ""r1c2"", ""r1c3"", ""r1c4"", ""r1c5"", ""r1c6"", ""r1c7"", ""r1c8"", ""r2c1"", ""r2c2"", ""r2c3"", ""r2c4"", ""r2c5"", ""r2c6"", ""r2c7"", ""r2c8"", ""r3c1"", ""r3c2"", ""r3c3"", ""r3c4"", ""r3c5"", ""r3c6"", ""r3c7"", ""r3c8"", ""r4c1"", ""r4c2"", ""r4c3"", ""r4c4"", ""r4c5"", ""r4c6"", ""r4c7"", ""r4c8"", ""r5c1"", ""r5c2"", ""r5c3"", ""r5c4"", ""r5c5"", ""r5c6"", ""r5c7"", ""r5c8"", ""r6c1"", ""r6c2"", ""r6c3"", ""r6c4"", ""r6c5"", ""r6c6"", ""r6c7"", ""r6c8""]","{""r1c1"": false, ""r1c2"": false, ""r1c3"": false, ""r1c4"": false, ""r1c5"": false, ""r1c6"": false, ""r1c7"": false, ""r1c8"": false, ""r2c1"": false, ""r2c2"": false, ""r2c3"": false, ""r2c4"": false, ""r2c5"": false, ""r2c6"": false, ""r2c7"": false, ""r2c8"": false, ""r3c1"": false, ""r3c2"": false, ""r3c3"": false, ""r3c4"": false, ""r3c5"": false, ""r3c6"": false, ""r3c7"": false, ""r3c8"": false, ""r4c1"": false, ""r4c2"": false, ""r4c3"": true, ""r4c4"": true, ""r4c5"": true, ""r4c6"": true, ""r4c7"": true, ""r4c8"": true, ""r5c1"": true, ""r5c2"": true, ""r5c3"": true, ""r5c4"": true, ""r5c5"": true, ""r5c6"": true, ""r5c7"": true, ""r5c8"": true, ""r6c1"": true, ""r6c2"": true, ""r6c3"": true, ""r6c4"": true, ""r6c5"": true, ""r6c6"": true, ""r6c7"": true, ""r6c8"": true}",ON,23,Balanced,6,8,0.8425531387329102
2026-10-09 15:40:40,2,"[""r1c1"", ""r1c2"", ""r1c3"", ""r1c4"", ""r1c5"", ""r1c6"", ""r1c7"", ""r1c8"", ""r2c1"", ""r2c2"", ""r2c3"", ""r2c4"", ""r2c5"", ""r2c6"", ""r2c7"", ""r2c8"", ""r3c1"", ""r3c2"", ""r3c3"", ""r3c4"", ""r3c5"", ""r3c6"", ""r3c7"", ""r3c8"", ""r4c1"", ""r4c2"", ""r4c3"", ""r4c4"", ""r4c5"", ""r4c6"", ""r4c7"", ""r4c8"", ""r5c1"", ""r5c2"", ""r5c3"", ""r5c4"", ""r5c5"", ""r5c6"", ""r5c7"", ""r5c8"", ""r6c1"", ""r6c2"", ""r6c3"", ""r6c4"", ""r6c5"", ""r6c6"", ""r6c7"", ""r6c8""]","{""r1c1"": false, ""r1c2"": false, ""r1c3"": false, ""r1c4"": false, ""r1c5"": false, ""r1c6"": false, ""r1c7"": false, ""r1c8"": false, ""r2c1"": false, ""r2c2"": false, ""r2c3"": false, ""r2c4"": false, ""r2c5"": false, ""r2c6"": false, ""r2c7"": false, ""r2c8"": false, ""r3c1"": false, ""r3c2"": false, ""r3c3"": false, ""r3c4"": false, ""r3c5"": false, ""r3c6"": false, ""r3c7"": false, ""r3c8"": false, ""r4c1"": false, ""r4c2"": false, ""r4c3"": true, ""r4c4"": true, ""r4c5"": true, ""r4c6"": true, ""r4c7"": true, ""r4c8"": true, ""r5c1"": true, ""r5c2"": true, ""r5c3"": true, ""r5c4"": true, ""r5c5"": true, ""r5c6"": true, ""r5c7"": true, ""r5c8"": true, ""r6c1"": true, ""r6c2"": true, ""r6c3"": true, ""r6c4"": true, ""r6c5"": true, ""r6c6"": true, ""r6c7"": true, ""r6c8"": true}",ON,23,Balanced,6,8,0.6919899880886078
2026-10-09 15:40:41,1,"[""r1c1"", ""r1c2"", ""r1c3"", ""r1c4"", ""r1c5"", ""r1c6"", ""r1c7"", ""r1c8"", ""r2c1"", ""r2c2"", ""r2c3"", ""r2c4"", ""r2c5"", ""r2c6"", ""r2c7"", ""r2c8"", ""r3c1"", ""r3c2"", ""r3c3"", ""r3c4"", ""r3c5"", ""r3c6"", ""r3c7"", ""r3c8"", ""r4c1"", ""r4c2"", ""r4c3"", ""r4c4"", ""r4c5"", ""r4c6"", ""r4c7"", ""r4c8"", ""r5c1"", ""r5c2"", ""r5c3"", ""r5c4"", ""r5c5"", ""r5c6"", ""r5c7"", ""r5c8"", ""r6c1"", ""r6c2"", ""r6c3"", ""r6c4"", ""r6c5"", ""r6c6"", ""r6c7"", ""r6c8""]","{""r1c1"": false, ""r1c2"": false, ""r1c3"": false, ""r1c4"": false, ""r1c5"": false, ""r1c6"": false, ""r1c7"": false, ""r1c8"": false, ""r2c1"": false, ""r2c2"": false, ""r2c3"": false, ""r2c4"": false, ""r2c5"": false, ""r2c6"": false, ""r2c7"": false, ""r2c8"": false, ""r3c1"": false, ""r3c2"": false, ""r3c3"": false, ""r3c4"": false, ""r3c5"": false, ""r3c6"": false, ""r3c7"": false, ""r3c8"": false, ""r4c1"": false, ""r4c2"": false, ""r4c3"": true, ""r4c4"": true, ""r4c5"": true, ""r4c6"": true, ""r4c7"": true, ""r4c8"": true, ""r5c1"": true, ""r5c2"": true, ""r5c3"": true, ""r5c4"": true, ""r5c5"": true, ""r5c6"": true, ""r5c7"": true, ""r5c8"": true, ""r6c1"": true, ""r6c2"": true, ""r6c3"": true, ""r6c4"": true, ""r6c5"": true, ""r6c6"": true, ""r6c7"": true, ""r6c8"": true}",ON,23,Balanced,6,8,0.8812882304191589
2026-10-09 15:40:42,2,"[""r1c1"", ""r1c2"", ""r1c3"", ""r1c4"", ""r1c5"", ""r1c6"", ""r1c7"", ""r1c8"", ""r2c1"", ""r2c2"", ""r2c3"", ""r2c4"", ""r2c5"", ""r2c6"", ""r2c7"", ""r2c8"", ""r3c1"", ""r3c2"", ""r3c3"", ""r3c4"", ""r3c5"", ""r3c6"", ""r3c7"", ""r3c8"", ""r4c1"", ""r4c2"", ""r4c3"", ""r4c4"", ""r4c5"", ""r4c6"", ""r4c7"", ""r4c8"", ""r5c1"", ""r5c2"", ""r5c3"", ""r5c4"", ""r5c5"", ""r5c6"", ""r5c7"", ""r6c1"", ""r6c2"", ""r6c3"", ""r6c4"", ""r6c5"", ""r6c6"", ""r6c7""]","{""r1c1"": false, ""r1c2"": false, ""r1c3"": false, ""r1c4"": false, ""r1c5"": false, ""r1c6"": false, ""r1c7"": false, ""r1c8"": false, ""r2c1"": false, ""r2c2"": false, ""r2c3"": false, ""r2c4"": false, ""r2c5"": false, ""r2c6"": false, ""r2c7"": false, ""r2c8"": false, ""r3c1"": false, ""r3c2"": false, ""r3c3"": false, ""r3c4"": false, ""r3c5"": false, ""r3c6"": false, ""r3c7"": false, ""r3c8"": false, ""r4c1"": false, ""r4c2"": false, ""r4c3"": true, ""r4c4"": true, ""r4c5"": true, ""r4c6"": true, ""r4c7"": true, ""r4c8"": true, ""r5c1"": true, ""r5c2"": true, ""r5c3"": true, ""r5c4"": true, ""r5c5"": true, ""r5c6"": true, ""r5c7"": true, ""r5c8"": true, ""r6c1"": true, ""r6c2"": true, ""r6c3"": true, ""r6c4"": true, ""r6c5"": true, ""r6c6"": true, ""r6c7"": true, ""r6c8"": true}",ON,23,Balanced,6,8,0.8030753135681152
2026-10-09 15:40:43,1,"[""r1c1"", ""r1c2"", ""r1c3"", ""r1c4"", ""r1c5"", ""r1c6"", ""r1c7"", ""r1c8"", ""r2c1"", ""r2c2"", ""r2c3"", ""r2c4"", ""r2c5"", ""r2c6"", ""r2c7"", ""r3c1"", ""r3c2"", ""r3c3"", ""r3c4"", ""r3c5"", ""r3c6"", ""r3c7"", ""r4c1"", ""r4c2"", ""r4c3"", ""r4c4"", ""r4c5"", ""r4c6"", ""r4c7"", ""r5c1"", ""r5c2"", ""r5c3"", ""r5c4"", ""r5c5"", ""r5c6"", ""r5c7"", ""r6c1"", ""r6c2"", ""r6c3"", ""r6c4"", ""r6c5"", ""r6c6"", ""r6c7""]","{""r1c1"": false, ""r1c2"": false, ""r1c3"": false, ""r1c4"": false, ""r1c5"": false, ""r1c6"": false, ""r1c7"": false, ""r1c8"": false, ""r2c1"": false, ""r2c2"": false, ""r2c3"": false, ""r2c4"": false, ""r2c5"": false, ""r2c6"": false, ""r2c7"": false, ""r2c8"": false, ""r3c1"": false, ""r3c2"": false, ""r3c3"": false, ""r3c4"": false, ""r3c5"": false, ""r3c6"": false, ""r3c7"": false, ""r3c8"": false, ""r4c1"": false, ""r4c2"": false, ""r4c3"": true, ""r4c4"": true, ""r4c5"": true, ""r4c6"": true, ""r4c7"": true, ""r4c8"": true, ""r5c1"": true, ""r5c2"": true, ""r5c3"": true, ""r5c4"": true, ""r5c5"": true, ""r5c6"": true, ""r5c7"": true, ""r5c8"": true, ""r6c1"": true, ""r6c2"": true, ""r6c3"": true, ""r6c4"": true, ""r6c5"": true, ""r6c6"": true, ""r6c7"": true, ""r6c8"": true}",ON,23,Balanced,6,8,0.8140801191329956
2026-10-09 15:40:43,2,"[""r2c1"", ""r2c2"", ""r2c3"", ""r2c4"", ""r2c5"", ""r2c6"", ""r2c7"", ""r3c1"", ""r3c2"", ""r3c3"", ""r3c4"", ""r3c5"", ""r3c6"", ""r3c7"", ""r4c1"", ""r4c2"", ""r4c3"", ""r4c4"", ""r4c5"", ""r4c6"", ""r4c7"", ""r5c1"", ""r5c2"", ""r5c3"", ""r5c4"", ""r5c5"", ""r5c6"", ""r5c7"", ""r6c1"", ""r6c2"", ""r6c3"", ""r6c4"", ""r6c5"", ""r6c6"", ""r6c7""]","{""r1c1"": false, ""r1c2"": false, ""r1c3"": false, ""r1c4"": false, ""r1c5"": false, ""r1c6"": false, ""r1c7"": false, ""r1c8"": false, ""r2c1"": false, ""r2c2"": false, ""r2c3"": false, ""r2c4"": false, ""r2c5"": false, ""r2c6"": false, ""r2c7"": false, ""r2c8"": false, ""r3c1"": false, ""r3c2"": false, ""r3c3"": false, ""r3c4"": false, ""r3c5"": false, ""r3c6"": false, ""r3c7"": false, ""r3c8"": false, ""r4c1"": false, ""r4c2"": false, ""r4c3"": true, ""r4c4"": true, ""r4c5"": true, ""r4c6"": true, ""r4c7"": true, ""r4c8"": true, ""r5c1"": true, ""r5c2"": true, ""r5c3"": true, ""r5c4"": true, ""r5c5"": true, ""r5c6"": true, ""r5c7"": true, ""r5c8"": true, ""r6c1"": true, ""r6c2"": true, ""r6c3"": true, ""r6c4"": true, ""r6c5"": true, ""r6c6"": true, ""r6c7"": true, ""r6c8"": true}",ON,23,Balanced,6,8,0.6750583648681641
2026-10-09 15:40:43,1,"[""r3c1"", ""r3c2"", ""r3c3"", ""r3c4"", ""r3c5"", ""r3c6"", ""r3c7"", ""r4c1"", ""r4c2"", ""r4c3"", ""r4c4"", ""r4c5"", ""r4c6"", ""r5c1"", ""r5c2"", ""r5c3"", ""r5c4"", ""r5c5"", ""r5c6"", ""r6c1"", ""r6c2"", ""r6c3"", ""r6c4"", ""r6c5"", ""r6c6""]","{""r1c1"": false, ""r1c2"": false, ""r1c3"": false, ""r1c4"": false, ""r1c5"": false, ""r1c6"": false, ""r1c7"": false, ""r1c8"": false, ""r2c1"": false, ""r2c2"": false, ""r2c3"": false, ""r2c4"": false, ""r2c5"": false, ""r2c6"": false, ""r2c7"": false, ""r2c8"": false, ""r3c1"": false, ""r3c2"": false, ""r3c3"": false, ""r3c4"": false, ""r3c5"": false, ""r3c6"": false, ""r3c7"": false, ""r3c8"": false, ""r4c1"": false, ""r4c2"": false, ""r4c3"": true, ""r4c4"": true, ""r4c5"": true, ""r4c6"": true, ""r4c7"": true, ""r4c8"": true, ""r5c1"": true, ""r5c2"": true, ""r5c3"": true, ""r5c4"": true, ""r5c5"": true, ""r5c6"": true, ""r5c7"": true, ""r5c8"": true, ""r6c1"": true, ""r6c2"": true, ""r6c3"": true, ""r6c4"": true, ""r6c5"": true, ""r6c6"": true, ""r6c7"": true, ""r6c8"": true}",ON,23,Balanced,6,8,0.7797728776931763
2026-10-09 15:40:43,2,"[""r3c1"", ""r3c2"", ""r3c3"", ""r3c4"", ""r3c5"", ""r3c6"", ""r4c1"", ""r4c2"", ""r4c3"", ""r4c4"", ""r4c5"", ""r4c6"", ""r5c1"", ""r5c2"", ""r5c3"", ""r5c4"", ""r5c5"", ""r5c6"", ""r6c1"", ""r6c2"", ""r6c3"", ""r6c4"", ""r6c5"", ""r6c6""]","{""r1c1"": false, ""r1c2"": false, ""r1c3"": false, ""r1c4"": false, ""r1c5"": false, ""r1c6"": false, ""r1c7"": false, ""r1c8"": false, ""r2c1"": false, ""r2c2"": false, ""r2c3"": false, ""r2c4"": false, ""r2c5"": false, ""r2c6"": false, ""r2c7"": false, ""r2c8"": false, ""r3c1"": false, ""r3c2"": false, ""r3c3"": false, ""r3c4"": false, ""r3c5"": false, ""r3c6"": false, ""r3c7"": false, ""r3c8"": false, ""r4c1"": false, ""r4c2"": false, ""r4c3"": true, ""r4c4"": true, ""r4c5"": true, ""r4c6"": true, ""r4c7"": true, ""r4c8"": true, ""r5c1"": true, ""r5c2"": true, ""r5c3"": true, ""r5c4"": true, ""r5c5"": true, ""r5c6"": true, ""r5c7"": true, ""r5c8"": true, ""r6c1"": true, ""r6c2"": true, ""r6c3"": true, ""r6c4"": true, ""r6c5"": true, ""r6c6"": true, ""r6c7"": true, ""r6c8"": true}",ON,23,Balanced,6,8,0.7051489055156708
2026-10-09 15:40:43,1,"[""r2c1"", ""r2c2"", ""r2c3"", ""r2c4"", ""r2c5"", ""r2c6"", ""r3c1"", ""r3c2"", ""r3c3"", ""r3c4"", ""r3c5"", ""r3c6"", ""r4c1"", ""r4c2"", ""r4c3"", ""r4c4"", ""r4c5"", ""r4c6"", ""r5c1"", ""r5c2"", ""r5c3"", ""r5c4"", ""r5c5"", ""r5c6"", ""r6c1"", ""r6c2"", ""r6c3"", ""r6c4"", ""r6c5"", ""r6c6""]","{""r1c1"": false, ""r1c2"": false, ""r1c3"": false, ""r1c4"": false, ""r1c5"": false, ""r1c6"": false, ""r1c7"": false, ""r1c8"": false, ""r2c1"": false, ""r2c2"": false, ""r2c3"": false, ""r2c4"": false, ""r2c5"": false, ""r2c6"": false, ""r2c7"": false, ""r2c8"": false, ""r3c1"": false, ""r3c2"": false, ""r3c3"": false, ""r3c4"": false, ""r3c5"": false, ""r3c6"": false, ""r3c7"": false, ""r3c8"": false, ""r4c1"": false, ""r4c2"": false, ""r4c3"": true, ""r4c4"": true, ""r4c5"": true, ""r4c6"": true, ""r4c7"": true, ""r4c8"": true, ""r5c1"": true, ""r5c2"": true, ""r5c3"": true, ""r5c4"": true, ""r5c5"": true, ""r5c6"": true, ""r5c7"": true, ""r5c8"": true, ""r6c1"": true, ""r6c2"": true, ""r6c3"": true, ""r6c4"": true, ""r6c5"": true, ""r6c6"": true, ""r6c7"": true, ""r6c8"": true}",ON,23,Balanced,6,8,0.8829824328422546
2026-10-09 15:40:43,3,"[""r1c1"", ""r1c2"", ""r2c1"", ""r2c2"", ""r3c1"", ""r3c2"", ""r3c3"", ""r3c4"", ""r3c5"", ""r4c1"", ""r4c2"", ""r4c3"", ""r4c4"", ""r4c5"", ""r5c1"", ""r5c2"", ""r5c3"", ""r5c4"", ""r5c5"", ""r6c1"", ""r6c2"", ""r6c3"", ""r6c4"", ""r6c5""]","{""r1c1"": false, ""r1c2"": false, ""r1c3"": false, ""r1c4"": false, ""r1c5"": false, ""r1c6"": false, ""r1c7"": false, ""r1c8"": false, ""r2c1"": false, ""r2c2"": false, ""r2c3"": false, ""r2c4"": false, ""r2c5"": false, ""r2c6"": false, ""r2c7"": false, ""r2c8"": false, ""r3c1"": false, ""r3c2"": false, ""r3c3"": false, ""r3c4"": false, ""r3c5"": false, ""r3c6"": false, ""r3c7"": false, ""r3c8"": false, ""r4c1"": false, ""r4c2"": false, ""r4c3"": true, ""r4c4"": true, ""r4c5"": true, ""r4c6"": true, ""r4c7"": true, ""r4c8"": true, ""r5c1"": true, ""r5c2"": true, ""r5c3"": true, ""r5c4"": true, ""r5c5"": true, ""r5c6"": true, ""r5c7"": true, ""r5c8"": true, ""r6c1"": true, ""r6c2"": true, ""r6c3"": true, ""r6c4"": true, ""r6c5"": true, ""r6c6"": true, ""r6c7"": true, ""r6c8"": true}",ON,23,Balanced,6,8,0.6418311397234598
2026-10-09 15:40:43,2,"[""r1c1"", ""r1c2"", ""r2c1"", ""r2c2"", ""r3c1"", ""r3c2"", ""r3c3"", ""r3c4"", ""r3c5"", ""r4c1"", ""r4c2"", ""r4c3"", ""r4c4"", ""r4c5"", ""r5c1"", ""r5c2"", ""r5c3"", ""r5c4"", ""r5c5"", ""r6c1"", ""r6c2"", ""r6c3"", ""r6c4"", ""r6c5""]","{""r1c1"": false, ""r1c2"": false, ""r1c3"": false, ""r1c4"": false, ""r1c5"": false, ""r1c6"": false, ""r1c7"": false, ""r1c8"": false, ""r2c1"": false, ""r2c2"": false, ""r2c3"": false, ""r2c4"": false, ""r2c5"": false, ""r2c6"": false, ""r2c7"": false, ""r2c8"": false, ""r3c1"": false, ""r3c2"": false, ""r3c3"": false, ""r3c4"": false, ""r3c5"": false, ""r3c6"": false, ""r3c7"": false, ""r3c8"": false, ""r4c1"": false, ""r4c2"": false, ""r4c3"": true, ""r4c4"": true, ""r4c5"": true, ""r4c6"": true, ""r4c7"": true, ""r4c8"": true, ""r5c1"": true, ""r5c2"": true, ""r5c3"": true, ""r5c4"": true, ""r5c5"": true, ""r5c6"": true, ""r5c7"": true, ""r5c8"": true, ""r6c1"": true, ""r6c2"": true, ""r6c3"": true, ""r6c4"": true, ""r6c5"": true, ""r6c6"": true, ""r6c7"": true, ""r6c8"": true}",ON,23,Balanced,6,8,0.721021443605423
2026-10-09 15:40:44,4,"[""r1c1"", ""r1c2"", ""r2c1"", ""r2c2"", ""r3c1"", ""r3c2"", ""r3c3"", ""r4c1"", ""r4c2"", ""r4c3"", ""r4c4"", ""r4c5"", ""r5c1"", ""r5c2"", ""r5c3"", ""r5c4"", ""r5c5"", ""r6c1"", ""r6c2"", ""r6c3"", ""r6c4"", ""r6c5""]","{""r1c1"": false, ""r1c2"": false, ""r1c3"": false, ""r1c4"": false, ""r1c5"": false, ""r1c6"": false, ""r1c7"": false, ""r1c8"": false, ""r2c1"": false, ""r2c2"": false, ""r2c3"": false, ""r2c4"": false, ""r2c5"": false, ""r2c6"": false, ""r2c7"": false, ""r2c8"": false, ""r3c1"": false, ""r3c2"": false, ""r3c3"": false, ""r3c4"": false, ""r3c5"": false, ""r3c6"": false, ""r3c7"": false, ""r3c8"": false, ""r4c1"": false, ""r4c2"": false, ""r4c3"": true, ""r4c4"": true, ""r4c5"": true, ""r4c6"": true, ""r4c7"": true, ""r4c8"": true, ""r5c1"": true, ""r5c2"": true, ""r5c3"": true, ""r5c4"": true, ""r5c5"": true, ""r5c6"": true, ""r5c7"": true, ""r5c8"": true, ""r6c1"": true, ""r6c2"": true, ""r6c3"": true, ""r6c4"": true, ""r6c5"": true, ""r6c6"": true, ""r6c7"": true, ""r6c8"": true}",ON,23,Balanced,6,8,0.6914076954126358
2026-10-09 15:40:44,2,"[""r1c1"", ""r1c2"", ""r2c1"", ""r2c2"", ""r3c1"", ""r3c2"", ""r4c1"", ""r4c2"", ""r4c3"", ""r4c4"", ""r5c1"", ""r5c2"", ""r5c3"", ""r5c4"", ""r6c1"", ""r6c2"", ""r6c3"", ""r6c4""]","{""r1c1"": false, ""r1c2"": false, ""r1c3"": false, ""r1c4"": false, ""r1c5"": false, ""r1c6"": false, ""r1c7"": false, ""r1c8"": false, ""r2c1"": false, ""r2c2"": false, ""r2c3"": false, ""r2c4"": false, ""r2c5"": false, ""r2c6"": false, ""r2c7"": false, ""r2c8"": false, ""r3c1"": false, ""r3c2"": false, ""r3c3"": false, ""r3c4"": false, ""r3c5"": false, ""r3c6"": false, ""r3c7"": false, ""r3c8"": false, ""r4c1"": false, ""r4c2"": false, ""r4c3"": true, ""r4c4"": true, ""r4c5"": true, ""r4c6"": true, ""r4c7"": true, ""r4c8"": true, ""r5c1"": true, ""r5c2"": true, ""r5c3"": true, ""r5c4"": true, ""r5c5"": true, ""r5c6"": true, ""r5c7"": true, ""r5c8"": true, ""r6c1"": true, ""r6c2"": true, ""r6c3"": true, ""r6c4"": true, ""r6c5"": true, ""r6c6"": true, ""r6c7"": true, ""r6c8"": true}",ON,23,Balanced,6,8,0.8292461335659027
2026-10-09 15:40:44,4,"[""r2c1"", ""r2c2"", ""r3c1"", ""r3c2"", ""r3c3"", ""r4c1"", ""r4c2"", ""r4c3"", ""r4c4"", ""r5c1"", ""r5c2"", ""r5c3"", ""r5c4"", ""r6c1"", ""r6c2"", ""r6c3"", ""r6c4""]","{""r1c1"": false, ""r1c2"": false, ""r1c3"": false, ""r1c4"": false, ""r1c5"": false, ""r1c6"": false, ""r1c7"": false, ""r1c8"": false, ""r2c1"": false, ""r2c2"": false, ""r2c3"": false, ""r2c4"": false, ""r2c5"": false, ""r2c6"": false, ""r2c7"": false, ""r2c8"": false, ""r3c1"": false, ""r3c2"": false, ""r3c3"": false, ""r3c4"": false, ""r3c5"": false, ""r3c6"": false, ""r3c7"": false, ""r3c8"": false, ""r4c1"": false, ""r4c2"": false, ""r4c3"": true, ""r4c4"": true, ""r4c5"": true, ""r4c6"": true, ""r4c7"": true, ""r4c8"": true, ""r5c1"": true, ""r5c2"": true, ""r5c3"": true, ""r5c4"": true, ""r5c5"": true, ""r5c6"": true, ""r5c7"": true, ""r5c8"": true, ""r6c1"": true, ""r6c2"": true, ""r6c3"": true, ""r6c4"": true, ""r6c5"": true, ""r6c6"": true, ""r6c7"": true, ""r6c8"": true}",ON,23,Balanced,6,8,0.7421890795230865
2026-10-09 15:40:45,3,"[""r2c1"", ""r2c2"", ""r3c1"", ""r3c2"", ""r3c3"", ""r3c4"", ""r3c5"", ""r4c1"", ""r4c2"", ""r4c3"", ""r4c4"", ""r4c5"", ""r5c1"", ""r5c2"", ""r5c3"", ""r5c4"", ""r5c5"", ""r6c1"", ""r6c2"", ""r6c3"", ""r6c4"", ""r6c5""]","{""r1c1"": false, ""r1c2"": false, ""r1c3"": false, ""r1c4"": false, ""r1c5"": false, ""r1c6"": false, ""r1c7"": false, ""r1c8"": false, ""r2c1"": false, ""r2c2"": false, ""r2c3"": false, ""r2c4"": false, ""r2c5"": false, ""r2c6"": false, ""r2c7"": false, ""r2c8"": false, ""r3c1"": false, ""r3c2"": false, ""r3c3"": false, ""r3c4"": false, ""r3c5"": false, ""r3c6"": false, ""r3c7"": false, ""r3c8"": false, ""r4c1"": false, ""r4c2"": false, ""r4c3"": true, ""r4c4"": true, ""r4c5"": true, ""r4c6"": true, ""r4c7"": true, ""r4c8"": true, ""r5c1"": true, ""r5c2"": true, ""r5c3"": true, ""r5c4"": true, ""r5c5"": true, ""r5c6"": true, ""r5c7"": true, ""r5c8"": true, ""r6c1"": true, ""r6c2"": true, ""r6c3"": true, ""r6c4"": true, ""r6c5"": true, ""r6c6"": true, ""r6c7"": true, ""r6c8"": true}",ON,23,Balanced,6,8,0.8260543346405029
2026-10-09 15:40:45,4,"[""r1c1"", ""r1c2"", ""r2c1"", ""r2c2"", ""r3c1"", ""r3c2"", ""r3c3"", ""r3c4"", ""r3c5"", ""r4c1"", ""r4c2"", ""r4c3"", ""r4c4"", ""r4c5"", ""r5c1"", ""r5c2"", ""r5c3"", ""r5c4"", ""r5c5"", ""r6c1"", ""r6c2"", ""r6c3"", ""r6c4"", ""r6c5""]","{""r1c1"": false, ""r1c2"": false, ""r1c3"": false, ""r1c4"": false, ""r1c5"": false, ""r1c6"": false, ""r1c7"": false, ""r1c8"": false, ""r2c1"": false, ""r2c2"": false, ""r2c3"": false, ""r2c4"": false, ""r2c5"": false, ""r2c6"": false, ""r2c7"": false, ""r2c8"": false, ""r3c1"": false, ""r3c2"": false, ""r3c3"": false, ""r3c4"": false, ""r3c5"": false, ""r3c6"": false, ""r3c7"": false, ""r3c8"": false, ""r4c1"": false, ""r4c2"": false, ""r4c3"": true, ""r4c4"": true, ""r4c5"": true, ""r4c6"": true, ""r4c7"": true, ""r4c8"": true, ""r5c1"": true, ""r5c2"": true, ""r5c3"": true, ""r5c4"": true, ""r5c5"": true, ""r5c6"": true, ""r5c7"": true, ""r5c8"": true, ""r6c1"": true, ""r6c2"": true, ""r6c3"": true, ""r6c4"": true, ""r6c5"": true, ""r6c6"": true, ""r6c7"": true, ""r6c8"": true}",ON,23,Balanced,6,8,0.8049867153167725
2026-10-09 15:40:45,3,"[""r1c1"", ""r1c2"", ""r2c1"", ""r2c2"", ""r3c1"", ""r3c2"", ""r4c1"", ""r4c2"", ""r4c3"", ""r4c4"", ""r4c5"", ""r5c1"", ""r5c2"", ""r5c3"", ""r5c4"", ""r5c5"", ""r6c1"", ""r6c2"", ""r6c3"", ""r6c4"", ""r6c5""]","{""r1c1"": false, ""r1c2"": false, ""r1c3"": false, ""r1c4"": false, ""r1c5"": false, ""r1c6"": false, ""r1c7"": false, ""r1c8"": false, ""r2c1"": false, ""r2c2"": false, ""r2c3"": false, ""r2c4"": false, ""r2c5"": false, ""r2c6"": false, ""r2c7"": false, ""r2c8"": false, ""r3c1"": false, ""r3c2"": false, ""r3c3"": false, ""r3c4"": false, ""r3c5"": false, ""r3c6"": false, ""r3c7"": false, ""r3c8"": false, ""r4c1"": false, ""r4c2"": false, ""r4c3"": true, ""r4c4"": true, ""r4c5"": true, ""r4c6"": true, ""r4c7"": true, ""r4c8"": true, ""r5c1"": true, ""r5c2"": true, ""r5c3"": true, ""r5c4"": true, ""r5c5"": true, ""r5c6"": true, ""r5c7"": true, ""r5c8"": true, ""r6c1"": true, ""r6c2"": true, ""r6c3"": true, ""r6c4"": true, ""r6c5"": true, ""r6c6"": true, ""r6c7"": true, ""r6c8"": true}",ON,23,Balanced,6,8,0.7780805627504984
2026-10-09 15:40:46,2,"[""r2c1"", ""r2c2"", ""r2c3"", ""r2c4"", ""r2c5"", ""r2c6"", ""r3c1"", ""r3c2"", ""r3c3"", ""r3c4"", ""r3c5"", ""r3c6"", ""r4c1"", ""r4c2"", ""r4c3"", ""r4c4"", ""r4c5"", ""r4c6"", ""r5c1"", ""r5c2"", ""r5c3"", ""r5c4"", ""r5c5"", ""r5c6"", ""r6c1"", ""r6c2"", ""r6c3"", ""r6c4"", ""r6c5"", ""r6c6""]","{""r1c1"": false, ""r1c2"": false, ""r1c3"": false, ""r1c4"": false, ""r1c5"": false, ""r1c6"": false, ""r1c7"": false, ""r1c8"": false, ""r2c1"": false, ""r2c2"": false, ""r2c3"": false, ""r2c4"": false, ""r2c5"": false, ""r2c6"": false, ""r2c7"": false, ""r2c8"": false, ""r3c1"": false, ""r3c2"": false, ""r3c3"": false, ""r3c4"": false, ""r3c5"": false, ""r3c6"": false, ""r3c7"": false, ""r3c8"": false, ""r4c1"": false, ""r4c2"": false, ""r4c3"": true, ""r4c4"": true, ""r4c5"": true, ""r4c6"": true, ""r4c7"": true, ""r4c8"": true, ""r5c1"": true, ""r5c2"": true, ""r5c3"": true, ""r5c4"": true, ""r5c5"": true, ""r5c6"": true, ""r5c7"": true, ""r5c8"": true, ""r6c1"": true, ""r6c2"": true, ""r6c3"": true, ""r6c4"": true, ""r6c5"": true, ""r6c6"": true, ""r6c7"": true, ""r6c8"": true}",ON,23,Balanced,6,8,0.6958227008581161
2026-10-09 15:40:46,2,"[""r2c1"", ""r2c2"", ""r2c3"", ""r2c4"", ""r2c5"", ""r2c6"", ""r2c7"", ""r3c1"", ""r3c2"", ""r3c3"", ""r3c4"", ""r3c5"", ""r3c6"", ""r3c7"", ""r4c2"", ""r4c3"", ""r4c4"", ""r4c5"", ""r4c6"", ""r4c7"", ""r5c1"", ""r5c2"", ""r5c3"", ""r5c4"", ""r5c5"", ""r5c6"", ""r5c7"", ""r6c1"", ""r6c2"", ""r6c3"", ""r6c4"", ""r6c5"", ""r6c6"", ""r6c7""]","{""r1c1"": false, ""r1c2"": false, ""r1c3"": false, ""r1c4"": false, ""r1c5"": false, ""r1c6"": false, ""r1c7"": false, ""r1c8"": false, ""r2c1"": false, ""r2c2"": false, ""r2c3"": false, ""r2c4"": false, ""r2c5"": false, ""r2c6"": false, ""r2c7"": false, ""r2c8"": false, ""r3c1"": false, ""r3c2"": false, ""r3c3"": false, ""r3c4"": false, ""r3c5"": false, ""r3c6"": false, ""r3c7"": false, ""r3c8"": false, ""r4c1"": false, ""r4c2"": true, ""r4c3"": true, ""r4c4"": true, ""r4c5"": true, ""r4c6"": true, ""r4c7"": true, ""r4c8"": true, ""r5c1"": true, ""r5c2"": true, ""r5c3"": true, ""r5c4"": true, ""r5c5"": true, ""r5c6"": true, ""r5c7"": true, ""r5c8"": true, ""r6c1"": true, ""r6c2"": true, ""r6c3"": true, ""r6c4"": true, ""r6c5"": true, ""r6c6"": true, ""r6c7"": true, ""r6c8"": true}",ON,23,Balanced,6,8,0.8877277970314026
2026-10-09 15:40:47,3,"[""r3c3"", ""r3c4"", ""r3c5"", ""r3c6"", ""r3c7"", ""r4c3"", ""r4c4"", ""r4c5"", ""r4c6"", ""r4c7"", ""r5c3"", ""r5c4"", ""r5c5"", ""r5c6"", ""r5c7"", ""r6c2"", ""r6c3"", ""r6c4"", ""r6c5"", ""r6c6"", ""r6c7""]","{""r1c1"": false, ""r1c2"": false, ""r1c3"": false, ""r1c4"": false, ""r1c5"": false, ""r1c6"": false, ""r1c7"": false, ""r1c8"": false, ""r2c1"": false, ""r2c2"": false, ""r2c3"": false, ""r2c4"": false, ""r2c5"": false, ""r2c6"": false, ""r2c7"": false, ""r2c8"": false, ""r3c1"": false, ""r3c2"": false, ""r3c3"": false, ""r3c4"": false, ""r3c5"": false, ""r3c6"": false, ""r3c7"": false, ""r3c8"": false, ""r4c1"": false, ""r4c2"": true, ""r4c3"": true, ""r4c4"": true, ""r4c5"": true, ""r4c6"": true, ""r4c7"": true, ""r4c8"": true, ""r5c1"": true, ""r5c2"": true, ""r5c3"": true, ""r5c4"": true, ""r5c5"": true, ""r5c6"": true, ""r5c7"": true, ""r5c8"": true, ""r6c1"": true, ""r6c2"": true, ""r6c3"": true, ""r6c4"": true, ""r6c5"": true, ""r6c6"": true, ""r6c7"": true, ""r6c8"": true}",ON,23,Balanced,6,8,0.7699328859647115
2026-10-09 15:40:47,2,"[""r3c3"", ""r3c4"", ""r3c5"", ""r3c6"", ""r3c7"", ""r4c3"", ""r4c4"", ""r4c5"", ""r4c6"", ""r4c7"", ""r5c3"", ""r5c4"", ""r5c5"", ""r5c6"", ""r5c7"", ""r6c2"", ""r6c3"", ""r6c4"", ""r6c5"", ""r6c6"", ""r6c7""]","{""r1c1"": false, ""r1c2"": false, ""r1c3"": false, ""r1c4"": false, ""r1c5"": false, ""r1c6"": false, ""r1c7"": false, ""r1c8"": false, ""r2c1"": false, ""r2c2"": false, ""r2c3"": false, ""r2c4"": false, ""r2c5"": false, ""r2c6"": false, ""r2c7"": false, ""r2c8"": false, ""r3c1"": false, ""r3c2"": false, ""r3c3"": false, ""r3c4"": false, ""r3c5"": false, ""r3c6"": false, ""r3c7"": false, ""r3c8"": false, ""r4c1"": false, ""r4c2"": true, ""r4c3"": true, ""r4c4"": true, ""r4c5"": true, ""r4c6"": true, ""r4c7"": true, ""r4c8"": true, ""r5c1"": true, ""r5c2"": true, ""r5c3"": true, ""r5c4"": true, ""r5c5"": true, ""r5c6"": true, ""r5c7"": true, ""r5c8"": true, ""r6c1"": true, ""r6c2"": true, ""r6c3"": true, ""r6c4"": true, ""r6c5"": true, ""r6c6"": true, ""r6c7"": true, ""r6c8"": true}",ON,23,Balanced,6,8,0.7823264896869659
2026-10-09 15:40:48,1,"[""r3c3"", ""r3c4"", ""r3c5"", ""r3c6"", ""r3c7"", ""r4c3"", ""r4c4"", ""r4c5"", ""r4c6"", ""r4c7"", ""r5c3"", ""r5c4"", ""r5c5"", ""r5c6"", ""r5c7"", ""r6c3"", ""r6c4"", ""r6c5"", ""r6c6"", ""r6c7""]","{""r1c1"": false, ""r1c2"": false, ""r1c3"": false, ""r1c4"": false, ""r1c5"": false, ""r1c6"": false, ""r1c7"": false, ""r1c8"": false, ""r2c1"": false, ""r2c2"": false, ""r2c3"": false, ""r2c4"": false, ""r2c5"": false, ""r2c6"": false, ""r2c7"": false, ""r2c8"": false, ""r3c1"": false, ""r3c2"": false, ""r3c3"": false, ""r3c4"": false, ""r3c5"": false, ""r3c6"": false, ""r3c7"": false, ""r3c8"": false, ""r4c1"": false, ""r4c2"": true, ""r4c3"": true, ""r4c4"": true, ""r4c5"": true, ""r4c6"": true, ""r4c7"": true, ""r4c8"": true, ""r5c1"": true, ""r5c2"": true, ""r5c3"": true, ""r5c4"": true, ""r5c5"": true, ""r5c6"": true, ""r5c7"": true, ""r5c8"": true, ""r6c1"": true, ""r6c2"": true, ""r6c3"": true, ""r6c4"": true, ""r6c5"": true, ""r6c6"": true, ""r6c7"": true, ""r6c8"": true}",ON,23,Balanced,6,8,0.6136724352836609
2026-10-09 15:40:49,2,"[""r1c2"", ""r1c3"", ""r1c4"", ""r1c5"", ""r1c6"", ""r1c7"", ""r1c8"", ""r2c1"", ""r2c2"", ""r2c3"", ""r2c4"", ""r2c5"", ""r2c6"", ""r2c7"", ""r2c8"", ""r3c1"", ""r3c2"", ""r3c3"", ""r3c4"", ""r3c5"", ""r3c6"", ""r3c7"", ""r3c8"", ""r4c1"", ""r4c2"", ""r4c3"", ""r4c4"", ""r4c5"", ""r4c6"", ""r4c7"", ""r4c8"", ""r5c1"", ""r5c2"", ""r5c3"", ""r5c4"", ""r5c5"", ""r5c6"", ""r5c7"", ""r5c8"", ""r6c1"", ""r6c2"", ""r6c3"", ""r6c4"", ""r6c5"", ""r6c6"", ""r6c7"", ""r6c8""]","{""r1c1"": false, ""r1c2"": false, ""r1c3"": false, ""r1c4"": false, ""r1c5"": false, ""r1c6"": false, ""r1c7"": false, ""r1c8"": false, ""r2c1"": false, ""r2c2"": false, ""r2c3"": false, ""r2c4"": false, ""r2c5"": false, ""r2c6"": false, ""r2c7"": false, ""r2c8"": false, ""r3c1"": false, ""r3c2"": false, ""r3c3"": false, ""r3c4"": false, ""r3c5"": false, ""r3c6"": false, ""r3c7"": false, ""r3c8"": false, ""r4c1"": false, ""r4c2"": true, ""r4c3"": true, ""r4c4"": true, ""r4c5"": true, ""r4c6"": true, ""r4c7"": true, ""r4c8"": true, ""r5c1"": true, ""r5c2"": true, ""r5c3"": true, ""r5c4"": true, ""r5c5"": true, ""r5c6"": true, ""r5c7"": true, ""r5c8"": true, ""r6c1"": true, ""r6c2"": true, ""r6c3"": true, ""r6c4"": true, ""r6c5"": true, ""r6c6"": true, ""r6c7"": true, ""r6c8"": true}",ON,23,Balanced,6,8,0.9065565466880798
2026-10-09 15:40:51,3,"[""r1c2"", ""r1c3"", ""r1c4"", ""r1c5"", ""r1c6"", ""r1c7"", ""r1c8"", ""r2c2"", ""r2c3"", ""r2c4"", ""r2c5"", ""r2c6"", ""r2c7"", ""r2c8"", ""r3c1"", ""r3c2"", ""r3c3"", ""r3c4"", ""r3c5"", ""r3c6"", ""r3c7"", ""r3c8"", ""r4c1"", ""r4c2"", ""r4c3"", ""r4c4"", ""r4c5"", ""r4c6"", ""r4c7"", ""r4c8"", ""r5c1"", ""r5c2"", ""r5c3"", ""r5c4"", ""r5c5"", ""r5c6"", ""r5c7"", ""r5c8"", ""r6c1"", ""r6c2"", ""r6c3"", ""r6c4"", ""r6c5"", ""r6c6"", ""r6c7"", ""r6c8""]","{""r1c1"": false, ""r1c2"": false, ""r1c3"": false, ""r1c4"": false, ""r1c5"": false, ""r1c6"": false, ""r1c7"": false, ""r1c8"": false, ""r2c1"": false, ""r2c2"": false, ""r2c3"": false, ""r2c4"": false, ""r2c5"": false, ""r2c6"": false, ""r2c7"": false, ""r2c8"": false, ""r3c1"": false, ""r3c2"": false, ""r3c3"": false, ""r3c4"": false, ""r3c5"": false, ""r3c6"": false, ""r3c7"": false, ""r3c8"": false, ""r4c1"": false, ""r4c2"": true, ""r4c3"": true, ""r4c4"": true, ""r4c5"": true, ""r4c6"": true, ""r4c7"": true, ""r4c8"": true, ""r5c1"": true, ""r5c2"": true, ""r5c3"": true, ""r5c4"": true, ""r5c5"": true, ""r5c6"": true, ""r5c7"": true, ""r5c8"": true, ""r6c1"": true, ""r6c2"": true, ""r6c3"": true, ""r6c4"": true, ""r6c5"": true, ""r6c6"": true, ""r6c7"": true, ""r6c8"": true}",ON,23,Balanced,6,8,0.8635806639989217
2026-10-09 15:40:52,2,"[""r1c2"", ""r1c3"", ""r1c4"", ""r1c5"", ""r1c6"", ""r1c7"", ""r1c8"", ""r2c2"", ""r2c3"", ""r2c4"", ""r2c5"", ""r2c6"", ""r2c7"", ""r2c8"", ""r3c2"", ""r3c3"", ""r3c4"", ""r3c5"", ""r3c6"", ""r3c7"", ""r3c8"", ""r4c1"", ""r4c2"", ""r4c3"", ""r4c4"", ""r4c5"", ""r4c6"", ""r4c7"", ""r4c8"", ""r5c1"", ""r5c2"", ""r5c3"", ""r5c4"", ""r5c5"", ""r5c6"", ""r5c7"", ""r5c8"", ""r6c1"", ""r6c2"", ""r6c3"", ""r6c4"", ""r6c5"", ""r6c6"", ""r6c7"", ""r6c8""]","{""r1c1"": false, ""r1c2"": false, ""r1c3"": false, ""r1c4"": false, ""r1c5"": false, ""r1c6"": false, ""r1c7"": false, ""r1c8"": false, ""r2c1"": false, ""r2c2"": false, ""r2c3"": false, ""r2c4"": false, ""r2c5"": false, ""r2c6"": false, ""r2c7"": false, ""r2c8"": false, ""r3c1"": false, ""r3c2"": false, ""r3c3"": false, ""r3c4"": false, ""r3c5"": false, ""r3c6"": false, ""r3c7"": false, ""r3c8"": false, ""r4c1"": false, ""r4c2"": true, ""r4c3"": true, ""r4c4"": true, ""r4c5"": true, ""r4c6"": true, ""r4c7"": true, ""r4c8"": true, ""r5c1"": true, ""r5c2"": true, ""r5c3"": true, ""r5c4"": true, ""r5c5"": true, ""r5c6"": true, ""r5c7"": true, ""r5c8"": true, ""r6c1"": true, ""r6c2"": true, ""r6c3"": true, ""r6c4"": true, ""r6c5"": true, ""r6c6"": true, ""r6c7"": true, ""r6c8"": true}",ON,23,Balanced,6,8,0.8749742209911346
2026-10-09 15:40:52,3,"[""r1c2"", ""r1c3"", ""r1c4"", ""r1c5"", ""r1c6"", ""r1c7"", ""r1c8"", ""r2c2"", ""r2c3"", ""r2c4"", ""r2c5"", ""r2c6"", ""r2c7"", ""r2c8"", ""r3c2"", ""r3c3"", ""r3c4"", ""r3c5"", ""r3c6"", ""r3c7"", ""r3c8"", ""r4c2"", ""r4c3"", ""r4c4"", ""r4c5"", ""r4c6"", ""r4c7"", ""r4c8"", ""r5c1"", ""r5c2"", ""r5c3"", ""r5c4"", ""r5c5"", ""r5c6"", ""r5c7"", ""r5c8"", ""r6c1"", ""r6c2"", ""r6c3"", ""r6c4"", ""r6c5"", ""r6c6"", ""r6c7"", ""r6c8""]","{""r1c1"": false, ""r1c2"": false, ""r1c3"": false, ""r1c4"": false, ""r1c5"": false, ""r1c6"": false, ""r1c7"": false, ""r1c8"": false, ""r2c1"": false, ""r2c2"": false, ""r2c3"": false, ""r2c4"": false, ""r2c5"": false, ""r2c6"": false, ""r2c7"": false, ""r2c8"": false, ""r3c1"": false, ""r3c2"": false, ""r3c3"": false, ""r3c4"": false, ""r3c5"": false, ""r3c6"": false, ""r3c7"": false, ""r3c8"": false, ""r4c1"": false, ""r4c2"": true, ""r4c3"": true, ""r4c4"": true, ""r4c5"": true, ""r4c6"": true, ""r4c7"": true, ""r4c8"": true, ""r5c1"": true, ""r5c2"": true, ""r5c3"": true, ""r5c4"": true, ""r5c5"": true, ""r5c6"": true, ""r5c7"": true, ""r5c8"": true, ""r6c1"": true, ""r6c2"": true, ""r6c3"": true, ""r6c4"": true, ""r6c5"": true, ""r6c6"": true, ""r6c7"": true, ""r6c8"": true}",ON,23,Balanced,6,8,0.7094635566075643
2026-10-09 15:40:52,2,"[""r1c2"", ""r1c3"", ""r1c4"", ""r1c5"", ""r1c6"", ""r1c7"", ""r1c8"", ""r2c2"", ""r2c3"", ""r2c4"", ""r2c5"", ""r2c6"", ""r2c7"", ""r2c8"", ""r3c2"", ""r3c3"", ""r3c4"", ""r3c5"", ""r3c6"", ""r3c7"", ""r3c8"", ""r4c2"", ""r4c3"", ""r4c4"", ""r4c5"", ""r4c6"", ""r4c7"", ""r4c8"", ""r5c2"", ""r5c3"", ""r5c4"", ""r5c5"", ""r5c6"", ""r5c7"", ""r5c8"", ""r6c1"", ""r6c2"", ""r6c3"", ""r6c4"", ""r6c5"", ""r6c6"", ""r6c7"", ""r6c8""]","{""r1c1"": false, ""r1c2"": false, ""r1c3"": false, ""r1c4"": false, ""r1c5"": false, ""r1c6"": false, ""r1c7"": false, ""r1c8"": false, ""r2c1"": false, ""r2c2"": false, ""r2c3"": false, ""r2c4"": false, ""r2c5"": false, ""r2c6"": false, ""r2c7"": false, ""r2c8"": false, ""r3c1"": false, ""r3c2"": false, ""r3c3"": false, ""r3c4"": false, ""r3c5"": false, ""r3c6"": false, ""r3c7"": false, ""r3c8"": false, ""r4c1"": false, ""r4c2"": true, ""r4c3"": true, ""r4c4"": true, ""r4c5"": true, ""r4c6"": true, ""r4c7"": true, ""r4c8"": true, ""r5c1"": true, ""r5c2"": true, ""r5c3"": true, ""r5c4"": true, ""r5c5"": true, ""r5c6"": true, ""r5c7"": true, ""r5c8"": true, ""r6c1"": true, ""r6c2"": true, ""r6c3"": true, ""r6c4"": true, ""r6c5"": true, ""r6c6"": true, ""r6c7"": true, ""r6c8"": true}",ON,23,Balanced,6,8,0.8078907132148743
2026-10-09 15:40:52,3,"[""r1c2"", ""r1c3"", ""r1c4"", ""r1c5"", ""r1c6"", ""r1c7"", ""r1c8"", ""r2c2"", ""r2c3"", ""r2c4"", ""r2c5"", ""r2c6"", ""r2c7"", ""r2c8"", ""r3c2"", ""r3c3"", ""r3c4"", ""r3c5"", ""r3c6"", ""r3c7"", ""r3c8"", ""r4c2"", ""r4c3"", ""r4c4"", ""r4c5"", ""r4c6"", ""r4c7"", ""r4c8"", ""r5c2"", ""r5c3"", ""r5c4"", ""r5c5"", ""r5c6"", ""r5c7"", ""r5c8"", ""r6c1"", ""r6c2"", ""r6c3"", ""r6c4"", ""r6c5"", ""r6c6"", ""r6c7"", ""r6c8""]","{""r1c1"": false, ""r1c2"": false, ""r1c3"": false, ""r1c4"": false, ""r1c5"": false, ""r1c6"": false, ""r1c7"": false, ""r1c8"": false, ""r2c1"": false, ""r2c2"": false, ""r2c3"": false, ""r2c4"": false, ""r2c5"": false, ""r2c6"": false, ""r2c7"": false, ""r2c8"": false, ""r3c1"": false, ""r3c2"": false, ""r3c3"": false, ""r3c4"": false, ""r3c5"": false, ""r3c6"": false, ""r3c7"": false, ""r3c8"": false, ""r4c1"": false, ""r4c2"": true, ""r4c3"": true, ""r4c4"": true, ""r4c5"": true, ""r4c6"": true, ""r4c7"": true, ""r4c8"": true, ""r5c1"": true, ""r5c2"": true, ""r5c3"": true, ""r5c4"": true, ""r5c5"": true, ""r5c6"": true, ""r5c7"": true, ""r5c8"": true, ""r6c1"": true, ""r6c2"": true, ""r6c3"": true, ""r6c4"": true, ""r6c5"": true, ""r6c6"": true, ""r6c7"": true, ""r6c8"": true}",ON,23,Balanced,6,8,0.7920741637547811
2026-10-09 15:40:52,2,"[""r1c2"", ""r1c3"", ""r1c4"", ""r1c5"", ""r1c6"", ""r1c7"", ""r1c8"", ""r2c2"", ""r2c3"", ""r2c4"", ""r2c5"", ""r2c6"", ""r2c7"", ""r2c8"", ""r3c2"", ""r3c3"", ""r3c4"", ""r3c5"", ""r3c6"", ""r3c7"", ""r3c8"", ""r4c2"", ""r4c3"", ""r4c4"", ""r4c5"", ""r4c6"", ""r4c7"", ""r4c8"", ""r5c2"", ""r5c3"", ""r5c4"", ""r5c5"", ""r5c6"", ""r5c7"", ""r5c8"", ""r6c2"", ""r6c3"", ""r6c4"", ""r6c5"", ""r6c6"", ""r6c7"", ""r6c8""]","{""r1c1"": false, ""r1c2"": false, ""r1c3"": false, ""r1c4"": false, ""r1c5"": false, ""r1c6"": false, ""r1c7"": false, ""r1c8"": false, ""r2c1"": false, ""r2c2"": false, ""r2c3"": false, ""r2c4"": false, ""r2c5"": false, ""r2c6"": false, ""r2c7"": false, ""r2c8"": false, ""r3c1"": false, ""r3c2"": false, ""r3c3"": false, ""r3c4"": false, ""r3c5"": false, ""r3c6"": false, ""r3c7"": false, ""r3c8"": false, ""r4c1"": false, ""r4c2"": true, ""r4c3"": true, ""r4c4"": true, ""r4c5"": true, ""r4c6"": true, ""r4c7"": true, ""r4c8"": true, ""r5c1"": true, ""r5c2"": true, ""r5c3"": true, ""r5c4"": true, ""r5c5"": true, ""r5c6"": true, ""r5c7"": true, ""r5c8"": true, ""r6c1"": true, ""r6c2"": true, ""r6c3"": true, ""r6c4"": true, ""r6c5"": true, ""r6c6"": true, ""r6c7"": true, ""r6c8"": true}",ON,23,Balanced,6,8,0.878239631652832
2026-10-09 15:40:53,3,"[""r1c2"", ""r1c3"", ""r1c4"", ""r1c5"", ""r1c6"", ""r1c7"", ""r1c8"", ""r2c2"", ""r2c3"", ""r2c4"", ""r2c5"", ""r2c6"", ""r2c7"", ""r2c8"", ""r3c1"", ""r3c2"", ""r3c3"", ""r3c4"", ""r3c5"", ""r3c6"", ""r3c7"", ""r3c8"", ""r4c1"", ""r4c2"", ""r4c3"", ""r4c4"", ""r4c5"", ""r4c6"", ""r4c7"", ""r4c8"", ""r5c1"", ""r5c2"", ""r5c3"", ""r5c4"", ""r5c5"", ""r5c6"", ""r5c7"", ""r5c8"", ""r6c1"", ""r6c2"", ""r6c3"", ""r6c4"", ""r6c5"", ""r6c6"", ""r6c7"", ""r6c8""]","{""r1c1"": false, ""r1c2"": false, ""r1c3"": false, ""r1c4"": false, ""r1c5"": false, ""r1c6"": false, ""r1c7"": false, ""r1c8"": false, ""r2c1"": false, ""r2c2"": false, ""r2c3"": false, ""r2c4"": false, ""r2c5"": false, ""r2c6"": false, ""r2c7"": false, ""r2c8"": false, ""r3c1"": false, ""r3c2"": false, ""r3c3"": false, ""r3c4"": false, ""r3c5"": false, ""r3c6"": false, ""r3c7"": false, ""r3c8"": false, ""r4c1"": false, ""r4c2"": true, ""r4c3"": true, ""r4c4"": true, ""r4c5"": true, ""r4c6"": true, ""r4c7"": true, ""r4c8"": true, ""r5c1"": true, ""r5c2"": true, ""r5c3"": true, ""r5c4"": true, ""r5c5"": true, ""r5c6"": true, ""r5c7"": true, ""r5c8"": true, ""r6c1"": true, ""r6c2"": true, ""r6c3"": true, ""r6c4"": true, ""r6c5"": true, ""r6c6"": true, ""r6c7"": true, ""r6c8"": true}",ON,23,Balanced,6,8,0.890846828619639
2026-10-09 15:40:54,2,"[""r1c2"", ""r1c3"", ""r1c4"", ""r1c5"", ""r1c6"", ""r1c7"", ""r1c8"", ""r2c2"", ""r2c3"", ""r2c4"", ""r2c5"", ""r2c6"", ""r2c7"", ""r2c8"", ""r3c2"", ""r3c3"", ""r3c4"", ""r3c5"", ""r3c6"", ""r3c7"", ""r3c8"", ""r4c2"", ""r4c3"", ""r4c4"", ""r4c5"", ""r4c6"", ""r4c7"", ""r4c8"", ""r5c2"", ""r5c3"", ""r5c4"", ""r5c5"", ""r5c6"", ""r5c7"", ""r5c8"", ""r6c2"", ""r6c3"", ""r6c4"", ""r6c5"", ""r6c6"", ""r6c7"", ""r6c8""]","{""r1c1"": false, ""r1c2"": false, ""r1c3"": false, ""r1c4"": false, ""r1c5"": false, ""r1c6"": false, ""r1c7"": false, ""r1c8"": false, ""r2c1"": false, ""r2c2"": false, ""r2c3"": false, ""r2c4"": false, ""r2c5"": false, ""r2c6"": false, ""r2c7"": false, ""r2c8"": false, ""r3c1"": false, ""r3c2"": false, ""r3c3"": false, ""r3c4"": false, ""r3c5"": false, ""r3c6"": false, ""r3c7"": false, ""r3c8"": false, ""r4c1"": false, ""r4c2"": true, ""r4c3"": true, ""r4c4"": true, ""r4c5"": true, ""r4c6"": true, ""r4c7"": true, ""r4c8"": true, ""r5c1"": true, ""r5c2"": true, ""r5c3"": true, ""r5c4"": true, ""r5c5"": true, ""r5c6"": true, ""r5c7"": true, ""r5c8"": true, ""r6c1"": true, ""r6c2"": true, ""r6c3"": true, ""r6c4"": true, ""r6c5"": true, ""r6c6"": true, ""r6c7"": true, ""r6c8"": true}",ON,23,Balanced,6,8,0.8215226233005524
2026-10-09 15:40:54,3,"[""r1c1"", ""r1c2"", ""r1c3"", ""r1c4"", ""r1c5"", ""r1c6"", ""r1c7"", ""r1c8"", ""r2c1"", ""r2c2"", ""r2c3"", ""r2c4"", ""r2c5"", ""r2c6"", ""r2c7"", ""r2c8"", ""r3c1"", ""r3c2"", ""r3c3"", ""r3c4"", ""r3c5"", ""r3c6"", ""r3c7"", ""r3c8"", ""r4c1"", ""r4c2"", ""r4c3"", ""r4c4"", ""r4c5"", ""r4c6"", ""r4c7"", ""r4c8"", ""r5c1"", ""r5c2"", ""r5c3"", ""r5c4"", ""r5c5"", ""r5c6"", ""r5c7"", ""r5c8"", ""r6c1"", ""r6c2"", ""r6c3"", ""r6c4"", ""r6c5"", ""r6c6"", ""r6c7"", ""r6c8""]","{""r1c1"": false, ""r1c2"": false, ""r1c3"": false, ""r1c4"": false, ""r1c5"": false, ""r1c6"": false, ""r1c7"": false, ""r1c8"": false, ""r2c1"": false, ""r2c2"": false, ""r2c3"": false, ""r2c4"": false, ""r2c5"": false, ""r2c6"": false, ""r2c7"": false, ""r2c8"": false, ""r3c1"": false, ""r3c2"": false, ""r3c3"": false, ""r3c4"": false, ""r3c5"": false, ""r3c6"": false, ""r3c7"": false, ""r3c8"": false, ""r4c1"": false, ""r4c2"": true, ""r4c3"": true, ""r4c4"": true, ""r4c5"": true, ""r4c6"": true, ""r4c7"": true, ""r4c8"": true, ""r5c1"": true, ""r5c2"": true, ""r5c3"": true, ""r5c4"": true, ""r5c5"": true, ""r5c6"": true, ""r5c7"": true, ""r5c8"": true, ""r6c1"": true, ""r6c2"": true, ""r6c3"": true, ""r6c4"": true, ""r6c5"": true, ""r6c6"": true, ""r6c7"": true, ""r6c8"": true}",ON,23,Balanced,6,8,0.7251876592636108
2026-10-09 15:40:56,3,"[""r1c2"", ""r1c3"", ""r1c4"", ""r1c5"", ""r1c6"", ""r1c7"", ""r1c8"", ""r2c2"", ""r2c3"", ""r2c4"", ""r2c5"", ""r2c6"", ""r2c7"", ""r2c8"", ""r3c1"", ""r3c2"", ""r3c3"", ""r3c4"", ""r3c5"", ""r3c6"", ""r3c7"", ""r3c8"", ""r4c1"", ""r4c2"", ""r4c3"", ""r4c4"", ""r4c5"", ""r4c6"", ""r4c7"", ""r4c8"", ""r5c1"", ""r5c2"", ""r5c3"", ""r5c4"", ""r5c5"", ""r5c6"", ""r5c7"", ""r5c8"", ""r6c1"", ""r6c2"", ""r6c3"", ""r6c4"", ""r6c5"", ""r6c6"", ""r6c7"", ""r6c8""]","{""r1c1"": false, ""r1c2"": false, ""r1c3"": false, ""r1c4"": false, ""r1c5"": false, ""r1c6"": false, ""r1c7"": false, ""r1c8"": false, ""r2c1"": false, ""r2c2"": false, ""r2c3"": false, ""r2c4"": false, ""r2c5"": false, ""r2c6"": false, ""r2c7"": false, ""r2c8"": false, ""r3c1"": false, ""r3c2"": false, ""r3c3"": true, ""r3c4"": true, ""r3c5"": true, ""r3c6"": true, ""r3c7"": false, ""r3c8"": false, ""r4c1"": false, ""r4c2"": true, ""r4c3"": true, ""r4c4"": true, ""r4c5"": true, ""r4c6"": true, ""r4c7"": true, ""r4c8"": true, ""r5c1"": true, ""r5c2"": true, ""r5c3"": true, ""r5c4"": true, ""r5c5"": true, ""r5c6"": true, ""r5c7"": true, ""r5c8"": true, ""r6c1"": true, ""r6c2"": true, ""r6c3"": true, ""r6c4"": true, ""r6c5"": true, ""r6c6"": true, ""r6c7"": true, ""r6c8"": true}",ON,23,Balanced,6,8,0.9027116696039835
2026-10-09 15:40:56,3,"[""r1c2"", ""r1c3"", ""r1c4"", ""r1c5"", ""r1c6"", ""r1c7"", ""r1c8"", ""r2c2"", ""r2c3"", ""r2c4"", ""r2c5"", ""r2c6"", ""r2c7"", ""r2c8"", ""r3c1"", ""r3c2"", ""r3c3"", ""r3c4"", ""r3c5"", ""r3c6"", ""r3c7"", ""r3c8"", ""r4c1"", ""r4c2"", ""r4c3"", ""r4c4"", ""r4c5"", ""r4c6"", ""r4c7"", ""r4c8"", ""r5c1"", ""r5c2"", ""r5c3"", ""r5c4"", ""r5c5"", ""r5c6"", ""r5c7"", ""r5c8"", ""r6c1"", ""r6c2"", ""r6c3"", ""r6c4"", ""r6c5"", ""r6c6"", ""r6c7"", ""r6c8""]","{""r1c1"": false, ""r1c2"": false, ""r1c3"": false, ""r1c4"": false, ""r1c5"": false, ""r1c6"": false, ""r1c7"": false, ""r1c8"": false, ""r2c1"": false, ""r2c2"": false, ""r2c3"": false, ""r2c4"": false, ""r2c5"": false, ""r2c6"": false, ""r2c7"": false, ""r2c8"": false, ""r3c1"": false, ""r3c2"": false, ""r3c3"": true, ""r3c4"": true, ""r3c5"": true, ""r3c6"": true, ""r3c7"": true, ""r3c8"": false, ""r4c1"": false, ""r4c2"": true, ""r4c3"": true, ""r4c4"": true, ""r4c5"": true, ""r4c6"": true, ""r4c7"": true, ""r4c8"": true, ""r5c1"": true, ""r5c2"": true, ""r5c3"": true, ""r5c4"": true, ""r5c5"": true, ""r5c6"": true, ""r5c7"": true, ""r5c8"": true, ""r6c1"": true, ""r6c2"": true, ""r6c3"": true, ""r6c4"": true, ""r6c5"": true, ""r6c6"": true, ""r6c7"": true, ""r6c8"": true}",ON,23,Balanced,6,8,0.808277428150177
2026-10-09 15:40:56,2,"[""r1c2"", ""r1c3"", ""r1c4"", ""r1c5"", ""r1c6"", ""r1c7"", ""r1c8"", ""r2c2"", ""r2c3"", ""r2c4"", ""r2c5"", ""r2c6"", ""r2c7"", ""r2c8"", ""r3c1"", ""r3c2"", ""r3c3"", ""r3c4"", ""r3c5"", ""r3c6"", ""r3c7"", ""r3c8"", ""r4c1"", ""r4c2"", ""r4c3"", ""r4c4"", ""r4c5"", ""r4c6"", ""r4c7"", ""r4c8"", ""r5c1"", ""r5c2"", ""r5c3"", ""r5c4"", ""r5c5"", ""r5c6"", ""r5c7"", ""r5c8"", ""r6c1"", ""r6c2"", ""r6c3"", ""r6c4"", ""r6c5"", ""r6c6"", ""r6c7"", ""r6c8""]","{""r1c1"": false, ""r1c2"": false, ""r1c3"": false, ""r1c4"": false, ""r1c5"": false, ""r1c6"": false, ""r1c7"": false, ""r1c8"": false, ""r2c1"": false, ""r2c2"": false, ""r2c3"": false, ""r2c4"": false, ""r2c5"": false, ""r2c6"": false, ""r2c7"": false, ""r2c8"": false, ""r3c1"": false, ""r3c2"": false, ""r3c3"": true, ""r3c4"": true, ""r3c5"": true, ""r3c6"": true, ""r3c7"": true, ""r3c8"": false, ""r4c1"": false, ""r4c2"": true, ""r4c3"": true, ""r4c4"": true, ""r4c5"": true, ""r4c6"": true, ""r4c7"": true, ""r4c8"": true, ""r5c1"": true, ""r5c2"": true, ""r5c3"": true, ""r5c4"": true, ""r5c5"": true, ""r5c6"": true, ""r5c7"": true, ""r5c8"": true, ""r6c1"": true, ""r6c2"": true, ""r6c3"": true, ""r6c4"": true, ""r6c5"": true, ""r6c6"": true, ""r6c7"": true, ""r6c8"": true}",ON,23,Balanced,6,8,0.8656714260578156
2026-10-09 15:40:56,3,"[""r1c3"", ""r1c4"", ""r1c5"", ""r1c6"", ""r1c7"", ""r1c8"", ""r2c3"", ""r2c4"", ""r2c5"", ""r2c6"", ""r2c7"", ""r2c8"", ""r3c1"", ""r3c2"", ""r3c3"", ""r3c4"", ""r3c5"", ""r3c6"", ""r3c7"", ""r3c8"", ""r4c1"", ""r4c2"", ""r4c3"", ""r4c4"", ""r4c5"", ""r4c6"", ""r4c7"", ""r4c8"", ""r5c1"", ""r5c2"", ""r5c3"", ""r5c4"", ""r5c5"", ""r5c6"", ""r5c7"", ""r5c8"", ""r6c1"", ""r6c2"", ""r6c3"", ""r6c4"", ""r6c5"", ""r6c6"", ""r6c7"", ""r6c8""]","{""r1c1"": false, ""r1c2"": false, ""r1c3"": false, ""r1c4"": false, ""r1c5"": false, ""r1c6"": false, ""r1c7"": false, ""r1c8"": false, ""r2c1"": false, ""r2c2"": false, ""r2c3"": false, ""r2c4"": false, ""r2c5"": false, ""r2c6"": false, ""r2c7"": false, ""r2c8"": false, ""r3c1"": false, ""r3c2"": false, ""r3c3"": true, ""r3c4"": true, ""r3c5"": true, ""r3c6"": true, ""r3c7"": true, ""r3c8"": false, ""r4c1"": false, ""r4c2"": true, ""r4c3"": true, ""r4c4"": true, ""r4c5"": true, ""r4c6"": true, ""r4c7"": true, ""r4c8"": true, ""r5c1"": true, ""r5c2"": true, ""r5c3"": true, ""r5c4"": true, ""r5c5"": true, ""r5c6"": true, ""r5c7"": true, ""r5c8"": true, ""r6c1"": true, ""r6c2"": true, ""r6c3"": true, ""r6c4"": true, ""r6c5"": true, ""r6c6"": true, ""r6c7"": true, ""r6c8"": true}",ON,23,Balanced,6,8,0.8108083605766296
2026-10-09 15:40:58,3,"[""r1c3"", ""r1c4"", ""r1c5"", ""r1c6"", ""r1c7"", ""r1c8"", ""r2c3"", ""r2c4"", ""r2c5"", ""r2c6"", ""r2c7"", ""r2c8"", ""r3c1"", ""r3c2"", ""r3c3"", ""r3c4"", ""r3c5"", ""r3c6"", ""r3c7"", ""r3c8"", ""r4c1"", ""r4c2"", ""r4c3"", ""r4c4"", ""r4c5"", ""r4c6"", ""r4c7"", ""r4c8"", ""r5c1"", ""r5c2"", ""r5c3"", ""r5c4"", ""r5c5"", ""r5c6"", ""r5c7"", ""r5c8"", ""r6c1"", ""r6c2"", ""r6c4"", ""r6c5"", ""r6c6"", ""r6c7"", ""r6c8""]","{""r1c1"": false, ""r1c2"": false, ""r1c3"": false, ""r1c4"": false, ""r1c5"": false, ""r1c6"": false, ""r1c7"": false, ""r1c8"": false, ""r2c1"": false, ""r2c2"": false, ""r2c3"": false, ""r2c4"": false, ""r2c5"": false, ""r2c6"": false, ""r2c7"": false, ""r2c8"": false, ""r3c1"": false, ""r3c2"": false, ""r3c3"": true, ""r3c4"": true, ""r3c5"": true, ""r3c6"": true, ""r3c7"": true, ""r3c8"": true, ""r4c1"": false, ""r4c2"": true, ""r4c3"": true, ""r4c4"": true, ""r4c5"": true, ""r4c6"": true, ""r4c7"": true, ""r4c8"": true, ""r5c1"": true, ""r5c2"": true, ""r5c3"": true, ""r5c4"": true, ""r5c5"": true, ""r5c6"": true, ""r5c7"": true, ""r5c8"": true, ""r6c1"": true, ""r6c2"": true, ""r6c3"": true, ""r6c4"": true, ""r6c5"": true, ""r6c6"": true, ""r6c7"": true, ""r6c8"": true}",ON,23,Balanced,6,8,0.8592328031857809
2026-10-09 15:40:58,3,"[""r1c3"", ""r1c4"", ""r1c5"", ""r1c6"", ""r1c7"", ""r1c8"", ""r2c3"", ""r2c4"", ""r2c5"", ""r2c6"", ""r2c7"", ""r2c8"", ""r3c1"", ""r3c2"", ""r3c3"", ""r3c4"", ""r3c5"", ""r3c6"", ""r3c7"", ""r3c8"", ""r4c1"", ""r4c2"", ""r4c3"", ""r4c4"", ""r4c5"", ""r4c6"", ""r4c7"", ""r4c8"", ""r5c1"", ""r5c2"", ""r5c3"", ""r5c4"", ""r5c5"", ""r5c6"", ""r5c7"", ""r5c8"", ""r6c1"", ""r6c2"", ""r6c4"", ""r6c5"", ""r6c6"", ""r6c7"", ""r6c8""]","{""r1c1"": false, ""r1c2"": false, ""r1c3"": false, ""r1c4"": false, ""r1c5"": false, ""r1c6"": false, ""r1c7"": false, ""r1c8"": false, ""r2c1"": false, ""r2c2"": false, ""r2c3"": true, ""r2c4"": true, ""r2c5"": true, ""r2c6"": true, ""r2c7"": true, ""r2c8"": true, ""r3c1"": false, ""r3c2"": false, ""r3c3"": true, ""r3c4"": true, ""r3c5"": true, ""r3c6"": true, ""r3c7"": true, ""r3c8"": true, ""r4c1"": false, ""r4c2"": true, ""r4c3"": true, ""r4c4"": true, ""r4c5"": true, ""r4c6"": true, ""r4c7"": true, ""r4c8"": true, ""r5c1"": true, ""r5c2"": true, ""r5c3"": true, ""r5c4"": true, ""r5c5"": true, ""r5c6"": true, ""r5c7"": true, ""r5c8"": true, ""r6c1"": true, ""r6c2"": true, ""r6c3"": true, ""r6c4"": true, ""r6c5"": true, ""r6c6"": true, ""r6c7"": true, ""r6c8"": true}",ON,23,Balanced,6,8,0.8718133171399435
2026-10-09 15:40:58,3,"[""r1c3"", ""r1c4"", ""r1c5"", ""r1c6"", ""r1c7"", ""r1c8"", ""r2c3"", ""r2c4"", ""r2c5"", ""r2c6"", ""r2c7"", ""r2c8"", ""r3c1"", ""r3c2"", ""r3c3"", ""r3c4"", ""r3c5"", ""r3c6"", ""r3c7"", ""r3c8"", ""r4c1"", ""r4c2"", ""r4c3"", ""r4c4"", ""r4c5"", ""r4c6"", ""r4c7"", ""r4c8"", ""r5c1"", ""r5c2"", ""r5c4"", ""r5c5"", ""r5c6"", ""r5c7"", ""r5c8"", ""r6c1"", ""r6c2"", ""r6c4"", ""r6c5"", ""r6c6"", ""r6c7"", ""r6c8""]","{""r1c1"": false, ""r1c2"": false, ""r1c3"": true, ""r1c4"": true, ""r1c5"": true, ""r1c6"": true, ""r1c7"": true, ""r1c8"": true, ""r2c1"": false, ""r2c2"": false, ""r2c3"": true, ""r2c4"": true, ""r2c5"": true, ""r2c6"": true, ""r2c7"": true, ""r2c8"": true, ""r3c1"": false, ""r3c2"": true, ""r3c3"": true, ""r3c4"": true, ""r3c5"": true, ""r3c6"": true, ""r3c7"": true, ""r3c8"": true, ""r4c1"": false, ""r4c2"": true, ""r4c3"": true, ""r4c4"": true, ""r4c5"": true, ""r4c6"": true, ""r4c7"": true, ""r4c8"": true, ""r5c1"": true, ""r5c2"": true, ""r5c3"": true, ""r5c4"": true, ""r5c5"": true, ""r5c6"": true, ""r5c7"": true, ""r5c8"": true, ""r6c1"": true, ""r6c2"": true, ""r6c3"": true, ""r6c4"": true, ""r6c5"": true, ""r6c6"": true, ""r6c7"": true, ""r6c8"": true}",ON,23,Balanced,6,8,0.8745104273160299
2026-10-09 15:40:59,2,"[""r1c2"", ""r1c3"", ""r1c4"", ""r1c5"", ""r1c6"", ""r1c7"", ""r1c8"", ""r2c2"", ""r2c3"", ""r2c4"", ""r2c5"", ""r2c6"", ""r2c7"", ""r2c8"", ""r3c1"", ""r3c2"", ""r3c3"", ""r3c4"", ""r3c5"", ""r3c6"", ""r3c7"", ""r3c8"", ""r4c1"", ""r4c2"", ""r4c3"", ""r4c4"", ""r4c5"", ""r4c6"", ""r4c7"", ""r4c8"", ""r5c1"", ""r5c2"", ""r5c3"", ""r5c4"", ""r5c5"", ""r5c6"", ""r5c7"", ""r5c8"", ""r6c1"", ""r6c2"", ""r6c3"", ""r6c4"", ""r6c5"", ""r6c6"", ""r6c7"", ""r6c8""]","{""r1c1"": false, ""r1c2"": false, ""r1c3"": true, ""r1c4"": true, ""r1c5"": true, ""r1c6"": true, ""r1c7"": true, ""r1c8"": true, ""r2c1"": false, ""r2c2"": false, ""r2c3"": true, ""r2c4"": true, ""r2c5"": true, ""r2c6"": true, ""r2c7"": true, ""r2c8"": true, ""r3c1"": false, ""r3c2"": true, ""r3c3"": true, ""r3c4"": true, ""r3c5"": true, ""r3c6"": true, ""r3c7"": true, ""r3c8"": true, ""r4c1"": false, ""r4c2"": true, ""r4c3"": true, ""r4c4"": true, ""r4c5"": true, ""r4c6"": true, ""r4c7"": true, ""r4c8"": true, ""r5c1"": true, ""r5c2"": true, ""r5c3"": true, ""r5c4"": true, ""r5c5"": true, ""r5c6"": true, ""r5c7"": true, ""r5c8"": true, ""r6c1"": true, ""r6c2"": true, ""r6c3"": true, ""r6c4"": true, ""r6c5"": true, ""r6c6"": true, ""r6c7"": true, ""r6c8"": true}",ON,23,Balanced,6,8,0.8937971293926239
2026-10-09 15:40:59,3,"[""r1c2"", ""r1c3"", ""r1c4"", ""r1c5"", ""r1c6"", ""r1c7"", ""r1c8"", ""r2c2"", ""r2c3"", ""r2c4"", ""r2c5"", ""r2c6"", ""r2c7"", ""r2c8"", ""r3c1"", ""r3c2"", ""r3c3"", ""r3c4"", ""r3c5"", ""r3c6"", ""r3c7"", ""r3c8"", ""r4c1"", ""r4c2"", ""r4c3"", ""r4c4"", ""r4c5"", ""r4c6"", ""r4c7"", ""r4c8"", ""r5c1"", ""r5c2"", ""r5c3"", ""r5c4"", ""r5c5"", ""r5c6"", ""r5c7"", ""r5c8"", ""r6c1"", ""r6c2"", ""r6c3"", ""r6c4"", ""r6c5"", ""r6c6"", ""r6c7"", ""r6c8""]","{""r1c1"": false, ""r1c2"": false, ""r1c3"": true, ""r1c4"": true, ""r1c5"": true, ""r1c6"": true, ""r1c7"": true, ""r1c8"": true, ""r2c1"": false, ""r2c2"": false, ""r2c3"": true, ""r2c4"": true, ""r2c5"": true, ""r2c6"": true, ""r2c7"": true, ""r2c8"": true, ""r3c1"": false, ""r3c2"": true, ""r3c3"": true, ""r3c4"": true, ""r3c5"": true, ""r3c6"": true, ""r3c7"": true, ""r3c8"": true, ""r4c1"": false, ""r4c2"": true, ""r4c3"": true, ""r4c4"": true, ""r4c5"": true, ""r4c6"": true, ""r4c7"": true, ""r4c8"": true, ""r5c1"": true, ""r5c2"": true, ""r5c3"": true, ""r5c4"": true, ""r5c5"": true, ""r5c6"": true, ""r5c7"": true, ""r5c8"": true, ""r6c1"": true, ""r6c2"": true, ""r6c3"": true, ""r6c4"": true, ""r6c5"": true, ""r6c6"": true, ""r6c7"": true, ""r6c8"": true}",ON,23,Balanced,6,8,0.7674649755160013
2026-10-09 15:40:59,2,"[""r1c2"", ""r1c3"", ""r1c4"", ""r1c5"", ""r1c6"", ""r1c7"", ""r1c8"", ""r2c2"", ""r2c3"", ""r2c4"", ""r2c5"", ""r2c6"", ""r2c7"", ""r2c8"", ""r3c1"", ""r3c2"", ""r3c3"", ""r3c4"", ""r3c5"", ""r3c6"", ""r3c7"", ""r3c8"", ""r4c1"", ""r4c2"", ""r4c3"", ""r4c4"", ""r4c5"", ""r4c6"", ""r4c7"", ""r4c8"", ""r5c1"", ""r5c2"", ""r5c3"", ""r5c4"", ""r5c5"", ""r5c6"", ""r5c7"", ""r5c8"", ""r6c1"", ""r6c2"", ""r6c3"", ""r6c4"", ""r6c5"", ""r6c6"", ""r6c7"", ""r6c8""]","{""r1c1"": false, ""r1c2"": false, ""r1c3"": true, ""r1c4"": true, ""r1c5"": true, ""r1c6"": true, ""r1c7"": true, ""r1c8"": true, ""r2c1"": false, ""r2c2"": false, ""r2c3"": true, ""r2c4"": true, ""r2c5"": true, ""r2c6"": true, ""r2c7"": true, ""r2c8"": true, ""r3c1"": false, ""r3c2"": true, ""r3c3"": true, ""r3c4"": true, ""r3c5"": true, ""r3c6"": true, ""r3c7"": true, ""r3c8"": true, ""r4c1"": false, ""r4c2"": true, ""r4c3"": true, ""r4c4"": true, ""r4c5"": true, ""r4c6"": true, ""r4c7"": true, ""r4c8"": true, ""r5c1"": true, ""r5c2"": true, ""r5c3"": true, ""r5c4"": true, ""r5c5"": true, ""r5c6"": true, ""r5c7"": true, ""r5c8"": true, ""r6c1"": true, ""r6c2"": true, ""r6c3"": true, ""r6c4"": true, ""r6c5"": true, ""r6c6"": true, ""r6c7"": true, ""r6c8"": true}",ON,23,Balanced,6,8,0.8920154273509979
2026-10-09 15:40:59,3,"[""r1c2"", ""r1c3"", ""r1c4"", ""r1c5"", ""r1c6"", ""r1c7"", ""r1c8"", ""r2c2"", ""r2c3"", ""r2c4"", ""r2c5"", ""r2c6"", ""r2c7"", ""r2c8"", ""r3c1"", ""r3c2"", ""r3c3"", ""r3c4"", ""r3c5"", ""r3c6"", ""r3c7"", ""r3c8"", ""r4c1"", ""r4c2"", ""r4c3"", ""r4c4"", ""r4c5"", ""r4c6"", ""r4c7"", ""r4c8"", ""r5c1"", ""r5c2"", ""r5c3"", ""r5c4"", ""r5c5"", ""r5c6"", ""r5c7"", ""r5c8"", ""r6c1"", ""r6c2"", ""r6c3"", ""r6c4"", ""r6c5"", ""r6c6"", ""r6c7"", ""r6c8""]","{""r1c1"": false, ""r1c2"": false, ""r1c3"": true, ""r1c4"": true, ""r1c5"": true, ""r1c6"": true, ""r1c7"": true, ""r1c8"": true, ""r2c1"": false, ""r2c2"": false, ""r2c3"": true, ""r2c4"": true, ""r2c5"": true, ""r2c6"": true, ""r2c7"": true, ""r2c8"": true, ""r3c1"": false, ""r3c2"": true, ""r3c3"": true, ""r3c4"": true, ""r3c5"": true, ""r3c6"": true, ""r3c7"": true, ""r3c8"": true, ""r4c1"": false, ""r4c2"": true, ""r4c3"": true, ""r4c4"": true, ""r4c5"": true, ""r4c6"": true, ""r4c7"": true, ""r4c8"": true, ""r5c1"": true, ""r5c2"": true, ""r5c3"": true, ""r5c4"": true, ""r5c5"": true, ""r5c6"": true, ""r5c7"": true, ""r5c8"": true, ""r6c1"": true, ""r6c2"": true, ""r6c3"": true, ""r6c4"": true, ""r6c5"": true, ""r6c6"": true, ""r6c7"": true, ""r6c8"": true}",ON,23,Balanced,6,8,0.7740129828453064
2026-10-09 15:40:59,2,"[""r1c2"", ""r1c3"", ""r1c4"", ""r1c5"", ""r1c6"", ""r1c7"", ""r1c8"", ""r2c2"", ""r2c3"", ""r2c4"", ""r2c5"", ""r2c6"", ""r2c7"", ""r2c8"", ""r3c1"", ""r3c2"", ""r3c3"", ""r3c4"", ""r3c5"", ""r3c6"", ""r3c7"", ""r3c8"", ""r4c1"", ""r4c2"", ""r4c3"", ""r4c4"", ""r4c5"", ""r4c6"", ""r4c7"", ""r4c8"", ""r5c1"", ""r5c2"", ""r5c3"", ""r5c4"", ""r5c5"", ""r5c6"", ""r5c7"", ""r5c8"", ""r6c1"", ""r6c2"", ""r6c3"", ""r6c4"", ""r6c5"", ""r6c6"", ""r6c7"", ""r6c8""]","{""r1c1"": false, ""r1c2"": false, ""r1c3"": true, ""r1c4"": true, ""r1c5"": true, ""r1c6"": true, ""r1c7"": true, ""r1c8"": true, ""r2c1"": false, ""r2c2"": false, ""r2c3"": true, ""r2c4"": true, ""r2c5"": true, ""r2c6"": true, ""r2c7"": true, ""r2c8"": true, ""r3c1"": false, ""r3c2"": true, ""r3c3"": true, ""r3c4"": true, ""r3c5"": true, ""r3c6"": true, ""r3c7"": true, ""r3c8"": true, ""r4c1"": false, ""r4c2"": true, ""r4c3"": true, ""r4c4"": true, ""r4c5"": true, ""r4c6"": true, ""r4c7"": true, ""r4c8"": true, ""r5c1"": true, ""r5c2"": true, ""r5c3"": true, ""r5c4"": true, ""r5c5"": true, ""r5c6"": true, ""r5c7"": true, ""r5c8"": true, ""r6c1"": true, ""r6c2"": true, ""r6c3"": true, ""r6c4"": true, ""r6c5"": true, ""r6c6"": true, ""r6c7"": true, ""r6c8"": true}",ON,23,Balanced,6,8,0.8946471214294434
2026-10-09 15:41:01,3,"[""r1c3"", ""r1c4"", ""r1c5"", ""r1c6"", ""r1c7"", ""r1c8"", ""r2c3"", ""r2c4"", ""r2c5"", ""r2c6"", ""r2c7"", ""r2c8"", ""r3c1"", ""r3c2"", ""r3c3"", ""r3c4"", ""r3c5"", ""r3c6"", ""r3c7"", ""r3c8"", ""r4c1"", ""r4c2"", ""r4c3"", ""r4c4"", ""r4c5"", ""r4c6"", ""r4c7"", ""r4c8"", ""r5c1"", ""r5c2"", ""r5c3"", ""r5c4"", ""r5c5"", ""r5c6"", ""r5c7"", ""r5c8"", ""r6c1"", ""r6c2"", ""r6c3"", ""r6c4"", ""r6c5"", ""r6c6"", ""r6c7"", ""r6c8""]","{""r1c1"": false, ""r1c2"": false, ""r1c3"": true, ""r1c4"": true, ""r1c5"": true, ""r1c6"": true, ""r1c7"": true, ""r1c8"": true, ""r2c1"": false, ""r2c2"": false, ""r2c3"": true, ""r2c4"": true, ""r2c5"": true, ""r2c6"": true, ""r2c7"": true, ""r2c8"": true, ""r3c1"": false, ""r3c2"": true, ""r3c3"": true, ""r3c4"": true, ""r3c5"": true, ""r3c6"": true, ""r3c7"": true, ""r3c8"": true, ""r4c1"": false, ""r4c2"": true, ""r4c3"": true, ""r4c4"": true, ""r4c5"": true, ""r4c6"": true, ""r4c7"": true, ""r4c8"": true, ""r5c1"": true, ""r5c2"": true, ""r5c3"": true, ""r5c4"": true, ""r5c5"": true, ""r5c6"": true, ""r5c7"": true, ""r5c8"": true, ""r6c1"": true, ""r6c2"": true, ""r6c3"": true, ""r6c4"": true, ""r6c5"": true, ""r6c6"": true, ""r6c7"": true, ""r6c8"": true}",ON,23,Balanced,6,8,0.7578337987263998
2026-10-09 15:41:02,2,"[""r1c2"", ""r1c3"", ""r1c4"", ""r1c5"", ""r1c6"", ""r1c7"", ""r1c8"", ""r2c2"", ""r2c3"", ""r2c4"", ""r2c5"", ""r2c6"", ""r2c7"", ""r2c8"", ""r3c1"", ""r3c2"", ""r3c3"", ""r3c4"", ""r3c5"", ""r3c6"", ""r3c7"", ""r3c8"", ""r4c1"", ""r4c2"", ""r4c3"", ""r4c4"", ""r4c5"", ""r4c6"", ""r4c7"", ""r4c8"", ""r5c1"", ""r5c2"", ""r5c3"", ""r5c4"", ""r5c5"", ""r5c6"", ""r5c7"", ""r5c8"", ""r6c1"", ""r6c2"", ""r6c3"", ""r6c4"", ""r6c5"", ""r6c6"", ""r6c7"", ""r6c8""]","{""r1c1"": false, ""r1c2"": false, ""r1c3"": true, ""r1c4"": true, ""r1c5"": true, ""r1c6"": true, ""r1c7"": true, ""r1c8"": true, ""r2c1"": false, ""r2c2"": false, ""r2c3"": true, ""r2c4"": true, ""r2c5"": true, ""r2c6"": true, ""r2c7"": true, ""r2c8"": true, ""r3c1"": false, ""r3c2"": true, ""r3c3"": true, ""r3c4"": true, ""r3c5"": true, ""r3c6"": true, ""r3c7"": true, ""r3c8"": true, ""r4c1"": false, ""r4c2"": true, ""r4c3"": true, ""r4c4"": true, ""r4c5"": true, ""r4c6"": true, ""r4c7"": true, ""r4c8"": true, ""r5c1"": true, ""r5c2"": true, ""r5c3"": true, ""r5c4"": true, ""r5c5"": true, ""r5c6"": true, ""r5c7"": true, ""r5c8"": true, ""r6c1"": true, ""r6c2"": true, ""r6c3"": true, ""r6c4"": true, ""r6c5"": true, ""r6c6"": true, ""r6c7"": true, ""r6c8"": true}",ON,23,Balanced,6,8,0.9112420082092285
2026-10-09 15:41:02,3,"[""r1c2"", ""r1c3"", ""r1c4"", ""r1c5"", ""r1c6"", ""r1c7"", ""r1c8"", ""r2c2"", ""r2c3"", ""r2c4"", ""r2c5"", ""r2c6"", ""r2c7"", ""r2c8"", ""r3c1"", ""r3c2"", ""r3c3"", ""r3c4"", ""r3c5"", ""r3c6"", ""r3c7"", ""r3c8"", ""r4c1"", ""r4c2"", ""r4c3"", ""r4c4"", ""r4c5"", ""r4c6"", ""r4c7"", ""r4c8"", ""r5c1"", ""r5c2"", ""r5c3"", ""r5c4"", ""r5c5"", ""r5c6"", ""r5c7"", ""r5c8"", ""r6c1"", ""r6c2"", ""r6c3"", ""r6c4"", ""r6c5"", ""r6c6"", ""r6c7"", ""r6c8""]","{""r1c1"": false, ""r1c2"": false, ""r1c3"": true, ""r1c4"": true, ""r1c5"": true, ""r1c6"": true, ""r1c7"": true, ""r1c8"": true, ""r2c1"": false, ""r2c2"": false, ""r2c3"": true, ""r2c4"": true, ""r2c5"": true, ""r2c6"": true, ""r2c7"": true, ""r2c8"": true, ""r3c1"": false, ""r3c2"": true, ""r3c3"": true, ""r3c4"": true, ""r3c5"": true, ""r3c6"": true, ""r3c7"": true, ""r3c8"": true, ""r4c1"": false, ""r4c2"": true, ""r4c3"": true, ""r4c4"": true, ""r4c5"": true, ""r4c6"": true, ""r4c7"": true, ""r4c8"": true, ""r5c1"": true, ""r5c2"": true, ""r5c3"": true, ""r5c4"": true, ""r5c5"": true, ""r5c6"": true, ""r5c7"": true, ""r5c8"": true, ""r6c1"": true, ""r6c2"": true, ""r6c3"": true, ""r6c4"": true, ""r6c5"": true, ""r6c6"": true, ""r6c7"": true, ""r6c8"": true}",ON,23,Balanced,6,8,0.809132993221283
2026-10-09 15:41:03,2,"[""r1c2"", ""r1c3"", ""r1c4"", ""r1c5"", ""r1c6"", ""r1c7"", ""r1c8"", ""r2c2"", ""r2c3"", ""r2c4"", ""r2c5"", ""r2c6"", ""r2c7"", ""r2c8"", ""r3c1"", ""r3c2"", ""r3c3"", ""r3c4"", ""r3c5"", ""r3c6"", ""r3c7"", ""r3c8"", ""r4c1"", ""r4c2"", ""r4c3"", ""r4c4"", ""r4c5"", ""r4c6"", ""r4c7"", ""r4c8"", ""r5c1"", ""r5c2"", ""r5c3"", ""r5c4"", ""r5c5"", ""r5c6"", ""r5c7"", ""r5c8"", ""r6c1"", ""r6c2"", ""r6c3"", ""r6c4"", ""r6c5"", ""r6c6"", ""r6c7"", ""r6c8""]","{""r1c1"": false, ""r1c2"": false, ""r1c3"": true, ""r1c4"": true, ""r1c5"": true, ""r1c6"": true, ""r1c7"": true, ""r1c8"": true, ""r2c1"": false, ""r2c2"": false, ""r2c3"": true, ""r2c4"": true, ""r2c5"": true, ""r2c6"": true, ""r2c7"": true, ""r2c8"": true, ""r3c1"": false, ""r3c2"": true, ""r3c3"": true, ""r3c4"": true, ""r3c5"": true, ""r3c6"": true, ""r3c7"": true, ""r3c8"": true, ""r4c1"": false, ""r4c2"": true, ""r4c3"": true, ""r4c4"": true, ""r4c5"": true, ""r4c6"": true, ""r4c7"": true, ""r4c8"": true, ""r5c1"": true, ""r5c2"": true, ""r5c3"": true, ""r5c4"": true, ""r5c5"": true, ""r5c6"": true, ""r5c7"": true, ""r5c8"": true, ""r6c1"": true, ""r6c2"": true, ""r6c3"": true, ""r6c4"": true, ""r6c5"": true, ""r6c6"": true, ""r6c7"": true, ""r6c8"": true}",ON,23,Balanced,6,8,0.8849076926708221
2026-10-09 15:41:03,3,"[""r1c2"", ""r1c3"", ""r1c4"", ""r1c5"", ""r1c6"", ""r1c7"", ""r1c8"", ""r2c2"", ""r2c3"", ""r2c4"", ""r2c5"", ""r2c6"", ""r2c7"", ""r2c8"", ""r3c1"", ""r3c2"", ""r3c3"", ""r3c4"", ""r3c5"", ""r3c6"", ""r3c7"", ""r3c8"", ""r4c1"", ""r4c2"", ""r4c3"", ""r4c4"", ""r4c5"", ""r4c6"", ""r4c7"", ""r4c8"", ""r5c1"", ""r5c2"", ""r5c3"", ""r5c4"", ""r5c5"", ""r5c6"", ""r5c7"", ""r5c8"", ""r6c1"", ""r6c2"", ""r6c3"", ""r6c4"", ""r6c5"", ""r6c6"", ""r6c7"", ""r6c8""]","{""r1c1"": false, ""r1c2"": false, ""r1c3"": true, ""r1c4"": true, ""r1c5"": true, ""r1c6"": true, ""r1c7"": true, ""r1c8"": true, ""r2c1"": false, ""r2c2"": false, ""r2c3"": true, ""r2c4"": true, ""r2c5"": true, ""r2c6"": true, ""r2c7"": true, ""r2c8"": true, ""r3c1"": false, ""r3c2"": true, ""r3c3"": true, ""r3c4"": true, ""r3c5"": true, ""r3c6"": true, ""r3c7"": true, ""r3c8"": true, ""r4c1"": false, ""r4c2"": true, ""r4c3"": true, ""r4c4"": true, ""r4c5"": true, ""r4c6"": true, ""r4c7"": true, ""r4c8"": true, ""r5c1"": true, ""r5c2"": true, ""r5c3"": true, ""r5c4"": true, ""r5c5"": true, ""r5c6"": true, ""r5c7"": true, ""r5c8"": true, ""r6c1"": true, ""r6c2"": true, ""r6c3"": true, ""r6c4"": true, ""r6c5"": true, ""r6c6"": true, ""r6c7"": true, ""r6c8"": true}",ON,23,Balanced,6,8,0.7553426722685496
2026-10-09 15:41:04,2,"[""r1c2"", ""r1c3"", ""r1c4"", ""r1c5"", ""r1c6"", ""r1c7"", ""r1c8"", ""r2c2"", ""r2c3"", ""r2c4"", ""r2c5"", ""r2c6"", ""r2c7"", ""r2c8"", ""r3c1"", ""r3c2"", ""r3c3"", ""r3c4"", ""r3c5"", ""r3c6"", ""r3c7"", ""r3c8"", ""r4c1"", ""r4c2"", ""r4c3"", ""r4c4"", ""r4c5"", ""r4c6"", ""r4c7"", ""r4c8"", ""r5c1"", ""r5c2"", ""r5c3"", ""r5c4"", ""r5c5"", ""r5c6"", ""r5c7"", ""r5c8"", ""r6c1"", ""r6c2"", ""r6c3"", ""r6c4"", ""r6c5"", ""r6c6"", ""r6c7"", ""r6c8""]","{""r1c1"": false, ""r1c2"": false, ""r1c3"": true, ""r1c4"": true, ""r1c5"": true, ""r1c6"": true, ""r1c7"": true, ""r1c8"": true, ""r2c1"": false, ""r2c2"": false, ""r2c3"": true, ""r2c4"": true, ""r2c5"": true, ""r2c6"": true, ""r2c7"": true, ""r2c8"": true, ""r3c1"": false, ""r3c2"": true, ""r3c3"": true, ""r3c4"": true, ""r3c5"": true, ""r3c6"": true, ""r3c7"": true, ""r3c8"": true, ""r4c1"": false, ""r4c2"": true, ""r4c3"": true, ""r4c4"": true, ""r4c5"": true, ""r4c6"": true, ""r4c7"": true, ""r4c8"": true, ""r5c1"": true, ""r5c2"": true, ""r5c3"": true, ""r5c4"": true, ""r5c5"": true, ""r5c6"": true, ""r5c7"": true, ""r5c8"": true, ""r6c1"": true, ""r6c2"": true, ""r6c3"": true, ""r6c4"": true, ""r6c5"": true, ""r6c6"": true, ""r6c7"": true, ""r6c8"": true}",ON,23,Balanced,6,8,0.8654345870018005
2026-10-09 15:41:04,3,"[""r1c2"", ""r1c3"", ""r1c4"", ""r1c5"", ""r1c6"", ""r1c7"", ""r1c8"", ""r2c2"", ""r2c3"", ""r2c4"", ""r2c5"", ""r2c6"", ""r2c7"", ""r2c8"", ""r3c1"", ""r3c2"", ""r3c3"", ""r3c4"", ""r3c5"", ""r3c6"", ""r3c7"", ""r3c8"", ""r4c1"", ""r4c2"", ""r4c3"", ""r4c4"", ""r4c5"", ""r4c6"", ""r4c7"", ""r4c8"", ""r5c1"", ""r5c2"", ""r5c3"", ""r5c4"", ""r5c5"", ""r5c6"", ""r5c7"", ""r5c8"", ""r6c1"", ""r6c2"", ""r6c3"", ""r6c4"", ""r6c5"", ""r6c6"", ""r6c7"", ""r6c8""]","{""r1c1"": false, ""r1c2"": false, ""r1c3"": true, ""r1c4"": true, ""r1c5"": true, ""r1c6"": true, ""r1c7"": true, ""r1c8"": true, ""r2c1"": false, ""r2c2"": false, ""r2c3"": true, ""r2c4"": true, ""r2c5"": true, ""r2c6"": true, ""r2c7"": true, ""r2c8"": true, ""r3c1"": false, ""r3c2"": true, ""r3c3"": true, ""r3c4"": true, ""r3c5"": true, ""r3c6"": true, ""r3c7"": true, ""r3c8"": true, ""r4c1"": false, ""r4c2"": true, ""r4c3"": true, ""r4c4"": true, ""r4c5"": true, ""r4c6"": true, ""r4c7"": true, ""r4c8"": true, ""r5c1"": true, ""r5c2"": true, ""r5c3"": true, ""r5c4"": true, ""r5c5"": true, ""r5c6"": true, ""r5c7"": true, ""r5c8"": true, ""r6c1"": true, ""r6c2"": true, ""r6c3"": true, ""r6c4"": true, ""r6c5"": true, ""r6c6"": true, ""r6c7"": true, ""r6c8"": true}",ON,23,Balanced,6,8,0.7932153940200806
2026-10-09 15:41:04,2,"[""r1c3"", ""r1c4"", ""r1c5"", ""r1c6"", ""r1c7"", ""r1c8"", ""r2c3"", ""r2c4"", ""r2c5"", ""r2c6"", ""r2c7"", ""r2c8"", ""r3c1"", ""r3c2"", ""r3c3"", ""r3c4"", ""r3c5"", ""r3c6"", ""r3c7"", ""r3c8"", ""r4c1"", ""r4c2"", ""r4c3"", ""r4c4"", ""r4c5"", ""r4c6"", ""r4c7"", ""r4c8"", ""r5c1"", ""r5c2"", ""r5c3"", ""r5c4"", ""r5c5"", ""r5c6"", ""r5c7"", ""r5c8"", ""r6c1"", ""r6c2"", ""r6c3"", ""r6c4"", ""r6c5"", ""r6c6"", ""r6c7"", ""r6c8""]","{""r1c1"": false, ""r1c2"": false, ""r1c3"": true, ""r1c4"": true, ""r1c5"": true, ""r1c6"": true, ""r1c7"": true, ""r1c8"": true, ""r2c1"": false, ""r2c2"": false, ""r2c3"": true, ""r2c4"": true, ""r2c5"": true, ""r2c6"": true, ""r2c7"": true, ""r2c8"": true, ""r3c1"": false, ""r3c2"": true, ""r3c3"": true, ""r3c4"": true, ""r3c5"": true, ""r3c6"": true, ""r3c7"": true, ""r3c8"": true, ""r4c1"": false, ""r4c2"": true, ""r4c3"": true, ""r4c4"": true, ""r4c5"": true, ""r4c6"": true, ""r4c7"": true, ""r4c8"": true, ""r5c1"": true, ""r5c2"": true, ""r5c3"": true, ""r5c4"": true, ""r5c5"": true, ""r5c6"": true, ""r5c7"": true, ""r5c8"": true, ""r6c1"": true, ""r6c2"": true, ""r6c3"": true, ""r6c4"": true, ""r6c5"": true, ""r6c6"": true, ""r6c7"": true, ""r6c8"": true}",ON,23,Balanced,6,8,0.8941351473331451
2026-10-09 15:41:04,3,"[""r1c3"", ""r1c4"", ""r1c5"", ""r1c6"", ""r1c7"", ""r1c8"", ""r2c3"", ""r2c4"", ""r2c5"", ""r2c6"", ""r2c7"", ""r2c8"", ""r3c1"", ""r3c2"", ""r3c3"", ""r3c4"", ""r3c5"", ""r3c6"", ""r3c7"", ""r3c8"", ""r4c1"", ""r4c2"", ""r4c3"", ""r4c4"", ""r4c5"", ""r4c6"", ""r4c7"", ""r4c8"", ""r5c1"", ""r5c2"", ""r5c3"", ""r5c4"", ""r5c5"", ""r5c6"", ""r5c7"", ""r5c8"", ""r6c1"", ""r6c2"", ""r6c3"", ""r6c4"", ""r6c5"", ""r6c6"", ""r6c7"", ""r6c8""]","{""r1c1"": false, ""r1c2"": false, ""r1c3"": true, ""r1c4"": true, ""r1c5"": true, ""r1c6"": true, ""r1c7"": true, ""r1c8"": true, ""r2c1"": false, ""r2c2"": false, ""r2c3"": true, ""r2c4"": true, ""r2c5"": true, ""r2c6"": true, ""r2c7"": true, ""r2c8"": true, ""r3c1"": false, ""r3c2"": true, ""r3c3"": true, ""r3c4"": true, ""r3c5"": true, ""r3c6"": true, ""r3c7"": true, ""r3c8"": true, ""r4c1"": false, ""r4c2"": true, ""r4c3"": true, ""r4c4"": true, ""r4c5"": true, ""r4c6"": true, ""r4c7"": true, ""r4c8"": true, ""r5c1"": true, ""r5c2"": true, ""r5c3"": true, ""r5c4"": true, ""r5c5"": true, ""r5c6"": true, ""r5c7"": true, ""r5c8"": true, ""r6c1"": true, ""r6c2"": true, ""r6c3"": true, ""r6c4"": true, ""r6c5"": true, ""r6c6"": true, ""r6c7"": true, ""r6c8"": true}",ON,23,Balanced,6,8,0.7778570652008057
2026-10-09 15:41:04,3,"[""r1c2"", ""r1c3"", ""r1c4"", ""r1c5"", ""r1c6"", ""r1c7"", ""r1c8"", ""r2c2"", ""r2c3"", ""r2c4"", ""r2c5"", ""r2c6"", ""r2c7"", ""r2c8"", ""r3c1"", ""r3c2"", ""r3c3"", ""r3c4"", ""r3c5"", ""r3c6"", ""r3c7"", ""r3c8"", ""r4c1"", ""r4c2"", ""r4c3"", ""r4c4"", ""r4c5"", ""r4c6"", ""r4c7"", ""r4c8"", ""r5c1"", ""r5c2"", ""r5c3"", ""r5c4"", ""r5c5"", ""r5c6"", ""r5c7"", ""r5c8"", ""r6c1"", ""r6c2"", ""r6c3"", ""r6c4"", ""r6c5"", ""r6c6"", ""r6c7"", ""r6c8""]","{""r1c1"": false, ""r1c2"": false, ""r1c3"": true, ""r1c4"": true, ""r1c5"": true, ""r1c6"": true, ""r1c7"": true, ""r1c8"": true, ""r2c1"": false, ""r2c2"": false, ""r2c3"": true, ""r2c4"": true, ""r2c5"": true, ""r2c6"": true, ""r2c7"": true, ""r2c8"": true, ""r3c1"": false, ""r3c2"": true, ""r3c3"": true, ""r3c4"": true, ""r3c5"": true, ""r3c6"": true, ""r3c7"": true, ""r3c8"": true, ""r4c1"": true, ""r4c2"": true, ""r4c3"": true, ""r4c4"": true, ""r4c5"": true, ""r4c6"": true, ""r4c7"": true, ""r4c8"": true, ""r5c1"": true, ""r5c2"": true, ""r5c3"": true, ""r5c4"": true, ""r5c5"": true, ""r5c6"": true, ""r5c7"": true, ""r5c8"": true, ""r6c1"": true, ""r6c2"": true, ""r6c3"": true, ""r6c4"": true, ""r6c5"": true, ""r6c6"": true, ""r6c7"": true, ""r6c8"": true}",ON,23,Balanced,6,8,0.8350499471028646
2026-10-09 15:41:05,2,"[""r1c2"", ""r1c3"", ""r1c4"", ""r1c5"", ""r1c6"", ""r1c7"", ""r1c8"", ""r2c2"", ""r2c3"", ""r2c4"", ""r2c5"", ""r2c6"", ""r2c7"", ""r2c8"", ""r3c1"", ""r3c2"", ""r3c3"", ""r3c4"", ""r3c5"", ""r3c6"", ""r3c7"", ""r3c8"", ""r4c1"", ""r4c2"", ""r4c3"", ""r4c4"", ""r4c5"", ""r4c6"", ""r4c7"", ""r4c8"", ""r5c1"", ""r5c2"", ""r5c3"", ""r5c4"", ""r5c5"", ""r5c6"", ""r5c7"", ""r5c8"", ""r6c1"", ""r6c2"", ""r6c3"", ""r6c4"", ""r6c5"", ""r6c6"", ""r6c7"", ""r6c8""]","{""r1c1"": false, ""r1c2"": false, ""r1c3"": true, ""r1c4"": true, ""r1c5"": true, ""r1c6"": true, ""r1c7"": true, ""r1c8"": true, ""r2c1"": false, ""r2c2"": false, ""r2c3"": true, ""r2c4"": true, ""r2c5"": true, ""r2c6"": true, ""r2c7"": true, ""r2c8"": true, ""r3c1"": false, ""r3c2"": true, ""r3c3"": true, ""r3c4"": true, ""r3c5"": true, ""r3c6"": true, ""r3c7"": true, ""r3c8"": true, ""r4c1"": true, ""r4c2"": true, ""r4c3"": true, ""r4c4"": true, ""r4c5"": true, ""r4c6"": true, ""r4c7"": true, ""r4c8"": true, ""r5c1"": true, ""r5c2"": true, ""r5c3"": true, ""r5c4"": true, ""r5c5"": true, ""r5c6"": true, ""r5c7"": true, ""r5c8"": true, ""r6c1"": true, ""r6c2"": true, ""r6c3"": true, ""r6c4"": true, ""r6c5"": true, ""r6c6"": true, ""r6c7"": true, ""r6c8"": true}",ON,23,Balanced,6,8,0.9077317416667938
2026-10-09 15:41:05,3,"[""r1c2"", ""r1c3"", ""r1c4"", ""r1c5"", ""r1c6"", ""r1c7"", ""r1c8"", ""r2c2"", ""r2c3"", ""r2c4"", ""r2c5"", ""r2c6"", ""r2c7"", ""r2c8"", ""r3c2"", ""r3c3"", ""r3c4"", ""r3c5"", ""r3c6"", ""r3c7"", ""r3c8"", ""r4c1"", ""r4c2"", ""r4c3"", ""r4c4"", ""r4c5"", ""r4c6"", ""r4c7"", ""r4c8"", ""r5c1"", ""r5c2"", ""r5c3"", ""r5c4"", ""r5c5"", ""r5c6"", ""r5c7"", ""r5c8"", ""r6c1"", ""r6c2"", ""r6c3"", ""r6c4"", ""r6c5"", ""r6c6"", ""r6c7"", ""r6c8""]","{""r1c1"": false, ""r1c2"": false, ""r1c3"": true, ""r1c4"": true, ""r1c5"": true, ""r1c6"": true, ""r1c7"": true, ""r1c8"": true, ""r2c1"": false, ""r2c2"": false, ""r2c3"": true, ""r2c4"": true, ""r2c5"": true, ""r2c6"": true, ""r2c7"": true, ""r2c8"": true, ""r3c1"": false, ""r3c2"": true, ""r3c3"": true, ""r3c4"": true, ""r3c5"": true, ""r3c6"": true, ""r3c7"": true, ""r3c8"": true, ""r4c1"": true, ""r4c2"": true, ""r4c3"": true, ""r4c4"": true, ""r4c5"": true, ""r4c6"": true, ""r4c7"": true, ""r4c8"": true, ""r5c1"": true, ""r5c2"": true, ""r5c3"": true, ""r5c4"": true, ""r5c5"": true, ""r5c6"": true, ""r5c7"": true, ""r5c8"": true, ""r6c1"": true, ""r6c2"": true, ""r6c3"": true, ""r6c4"": true, ""r6c5"": true, ""r6c6"": true, ""r6c7"": true, ""r6c8"": true}",ON,23,Balanced,6,8,0.823609471321106
2026-10-09 15:41:06,2,"[""r1c2"", ""r1c3"", ""r1c4"", ""r1c5"", ""r1c6"", ""r1c7"", ""r1c8"", ""r2c2"", ""r2c3"", ""r2c4"", ""r2c5"", ""r2c6"", ""r2c7"", ""r2c8"", ""r3c2"", ""r3c3"", ""r3c4"", ""r3c5"", ""r3c6"", ""r3c7"", ""r3c8"", ""r4c2"", ""r4c3"", ""r4c4"", ""r4c5"", ""r4c6"", ""r4c7"", ""r4c8"", ""r5c1"", ""r5c2"", ""r5c3"", ""r5c4"", ""r5c5"", ""r5c6"", ""r5c7"", ""r5c8"", ""r6c1"", ""r6c2"", ""r6c3"", ""r6c4"", ""r6c5"", ""r6c6"", ""r6c7"", ""r6c8""]","{""r1c1"": false, ""r1c2"": false, ""r1c3"": true, ""r1c4"": true, ""r1c5"": true, ""r1c6"": true, ""r1c7"": true, ""r1c8"": true, ""r2c1"": false, ""r2c2"": false, ""r2c3"": true, ""r2c4"": true, ""r2c5"": true, ""r2c6"": true, ""r2c7"": true, ""r2c8"": true, ""r3c1"": false, ""r3c2"": true, ""r3c3"": true, ""r3c4"": true, ""r3c5"": true, ""r3c6"": true, ""r3c7"": true, ""r3c8"": true, ""r4c1"": true, ""r4c2"": true, ""r4c3"": true, ""r4c4"": true, ""r4c5"": true, ""r4c6"": true, ""r4c7"": true, ""r4c8"": true, ""r5c1"": true, ""r5c2"": true, ""r5c3"": true, ""r5c4"": true, ""r5c5"": true, ""r5c6"": true, ""r5c7"": true, ""r5c8"": true, ""r6c1"": true, ""r6c2"": true, ""r6c3"": true, ""r6c4"": true, ""r6c5"": true, ""r6c6"": true, ""r6c7"": true, ""r6c8"": true}",ON,23,Balanced,6,8,0.8348798453807831
2026-10-09 15:41:06,3,"[""r1c2"", ""r1c3"", ""r1c4"", ""r1c5"", ""r1c6"", ""r1c7"", ""r1c8"", ""r2c2"", ""r2c3"", ""r2c4"", ""r2c5"", ""r2c6"", ""r2c7"", ""r2c8"", ""r3c2"", ""r3c3"", ""r3c4"", ""r3c5"", ""r3c6"", ""r3c7"", ""r3c8"", ""r4c2"", ""r4c3"", ""r4c4"", ""r4c5"", ""r4c6"", ""r4c7"", ""r4c8"", ""r5c1"", ""r5c2"", ""r5c3"", ""r5c4"", ""r5c5"", ""r5c6"", ""r5c7"", ""r5c8"", ""r6c1"", ""r6c2"", ""r6c3"", ""r6c4"", ""r6c5"", ""r6c6"", ""r6c7"", ""r6c8""]","{""r1c1"": false, ""r1c2"": false, ""r1c3"": true, ""r1c4"": true, ""r1c5"": true, ""r1c6"": true, ""r1c7"": true, ""r1c8"": true, ""r2c1"": false, ""r2c2"": false, ""r2c3"": true, ""r2c4"": true, ""r2c5"": true, ""r2c6"": true, ""r2c7"": true, ""r2c8"": true, ""r3c1"": false, ""r3c2"": true, ""r3c3"": true, ""r3c4"": true, ""r3c5"": true, ""r3c6"": true, ""r3c7"": true, ""r3c8"": true, ""r4c1"": true, ""r4c2"": true, ""r4c3"": true, ""r4c4"": true, ""r4c5"": true, ""r4c6"": true, ""r4c7"": true, ""r4c8"": true, ""r5c1"": true, ""r5c2"": true, ""r5c3"": true, ""r5c4"": true, ""r5c5"": true, ""r5c6"": true, ""r5c7"": true, ""r5c8"": true, ""r6c1"": true, ""r6c2"": true, ""r6c3"": true, ""r6c4"": true, ""r6c5"": true, ""r6c6"": true, ""r6c7"": true, ""r6c8"": true}",ON,23,Balanced,6,8,0.8259179790814718
2026-10-09 15:41:10,2,"[""r1c2"", ""r1c3"", ""r1c4"", ""r1c5"", ""r1c6"", ""r1c7"", ""r1c8"", ""r2c2"", ""r2c3"", ""r2c4"", ""r2c5"", ""r2c6"", ""r2c7"", ""r2c8"", ""r3c1"", ""r3c2"", ""r3c3"", ""r3c4"", ""r3c5"", ""r3c6"", ""r3c7"", ""r3c8"", ""r4c1"", ""r4c2"", ""r4c3"", ""r4c4"", ""r4c5"", ""r4c6"", ""r4c7"", ""r4c8"", ""r5c1"", ""r5c2"", ""r5c3"", ""r5c4"", ""r5c5"", ""r5c6"", ""r5c7"", ""r5c8"", ""r6c1"", ""r6c2"", ""r6c3"", ""r6c4"", ""r6c5"", ""r6c6"", ""r6c7"", ""r6c8""]","{""r1c1"": false, ""r1c2"": false, ""r1c3"": true, ""r1c4"": true, ""r1c5"": true, ""r1c6"": true, ""r1c7"": true, ""r1c8"": true, ""r2c1"": false, ""r2c2"": false, ""r2c3"": true, ""r2c4"": true, ""r2c5"": true, ""r2c6"": true, ""r2c7"": true, ""r2c8"": true, ""r3c1"": false, ""r3c2"": true, ""r3c3"": true, ""r3c4"": true, ""r3c5"": true, ""r3c6"": true, ""r3c7"": true, ""r3c8"": true, ""r4c1"": true, ""r4c2"": true, ""r4c3"": true, ""r4c4"": true, ""r4c5"": true, ""r4c6"": true, ""r4c7"": true, ""r4c8"": true, ""r5c1"": true, ""r5c2"": true, ""r5c3"": true, ""r5c4"": true, ""r5c5"": true, ""r5c6"": true, ""r5c7"": true, ""r5c8"": true, ""r6c1"": true, ""r6c2"": true, ""r6c3"": true, ""r6c4"": true, ""r6c5"": true, ""r6c6"": true, ""r6c7"": true, ""r6c8"": true}",ON,23,Balanced,6,8,0.8424812257289886
2026-10-09 15:41:10,3,"[""r1c2"", ""r1c3"", ""r1c4"", ""r1c5"", ""r1c6"", ""r1c7"", ""r1c8"", ""r2c1"", ""r2c2"", ""r2c3"", ""r2c4"", ""r2c5"", ""r2c6"", ""r2c7"", ""r2c8"", ""r3c1"", ""r3c2"", ""r3c3"", ""r3c4"", ""r3c5"", ""r3c6"", ""r3c7"", ""r3c8"", ""r4c1"", ""r4c2"", ""r4c3"", ""r4c4"", ""r4c5"", ""r4c6"", ""r4c7"", ""r4c8"", ""r5c1"", ""r5c2"", ""r5c3"", ""r5c4"", ""r5c5"", ""r5c6"", ""r5c7"", ""r5c8"", ""r6c1"", ""r6c2"", ""r6c3"", ""r6c4"", ""r6c5"", ""r6c6"", ""r6c7"", ""r6c8""]","{""r1c1"": false, ""r1c2"": false, ""r1c3"": true, ""r1c4"": true, ""r1c5"": true, ""r1c6"": true, ""r1c7"": true, ""r1c8"": true, ""r2c1"": false, ""r2c2"": false, ""r2c3"": true, ""r2c4"": true, ""r2c5"": true, ""r2c6"": true, ""r2c7"": true, ""r2c8"": true, ""r3c1"": false, ""r3c2"": true, ""r3c3"": true, ""r3c4"": true, ""r3c5"": true, ""r3c6"": true, ""r3c7"": true, ""r3c8"": true, ""r4c1"": true, ""r4c2"": true, ""r4c3"": true, ""r4c4"": true, ""r4c5"": true, ""r4c6"": true, ""r4c7"": true, ""r4c8"": true, ""r5c1"": true, ""r5c2"": true, ""r5c3"": true, ""r5c4"": true, ""r5c5"": true, ""r5c6"": true, ""r5c7"": true, ""r5c8"": true, ""r6c1"": true, ""r6c2"": true, ""r6c3"": true, ""r6c4"": true, ""r6c5"": true, ""r6c6"": true, ""r6c7"": true, ""r6c8"": true}",ON,23,Balanced,6,8,0.8131652673085531
2026-10-09 15:41:14,3,"[""r1c3"", ""r1c4"", ""r1c5"", ""r1c6"", ""r1c7"", ""r1c8"", ""r2c1"", ""r2c2"", ""r2c3"", ""r2c4"", ""r2c5"", ""r2c6"", ""r2c7"", ""r2c8"", ""r3c1"", ""r3c2"", ""r3c3"", ""r3c4"", ""r3c5"", ""r3c6"", ""r3c7"", ""r3c8"", ""r4c1"", ""r4c2"", ""r4c3"", ""r4c4"", ""r4c5"", ""r4c6"", ""r4c7"", ""r4c8"", ""r5c1"", ""r5c2"", ""r5c3"", ""r5c4"", ""r5c5"", ""r5c6"", ""r5c7"", ""r5c8"", ""r6c1"", ""r6c2"", ""r6c3"", ""r6c4"", ""r6c5"", ""r6c6"", ""r6c7"", ""r6c8""]","{""r1c1"": false, ""r1c2"": false, ""r1c3"": true, ""r1c4"": true, ""r1c5"": true, ""r1c6"": true, ""r1c7"": true, ""r1c8"": true, ""r2c1"": false, ""r2c2"": true, ""r2c3"": true, ""r2c4"": true, ""r2c5"": true, ""r2c6"": true, ""r2c7"": true, ""r2c8"": true, ""r3c1"": false, ""r3c2"": true, ""r3c3"": true, ""r3c4"": true, ""r3c5"": true, ""r3c6"": true, ""r3c7"": true, ""r3c8"": true, ""r4c1"": true, ""r4c2"": true, ""r4c3"": true, ""r4c4"": true, ""r4c5"": true, ""r4c6"": true, ""r4c7"": true, ""r4c8"": true, ""r5c1"": true, ""r5c2"": true, ""r5c3"": true, ""r5c4"": true, ""r5c5"": true, ""r5c6"": true, ""r5c7"": true, ""r5c8"": true, ""r6c1"": true, ""r6c2"": true, ""r6c3"": true, ""r6c4"": true, ""r6c5"": true, ""r6c6"": true, ""r6c7"": true, ""r6c8"": true}",ON,23,Balanced,6,8,0.9078992009162903
2026-10-09 15:41:16,3,"[""r1c2"", ""r1c3"", ""r1c4"", ""r1c5"", ""r1c6"", ""r1c7"", ""r1c8"", ""r2c2"", ""r2c3"", ""r2c4"", ""r2c5"", ""r2c6"", ""r2c7"", ""r2c8"", ""r3c1"", ""r3c2"", ""r3c3"", ""r3c4"", ""r3c5"", ""r3c6"", ""r3c7"", ""r3c8"", ""r4c1"", ""r4c2"", ""r4c3"", ""r4c4"", ""r4c5"", ""r4c6"", ""r4c7"", ""r4c8"", ""r5c1"", ""r5c2"", ""r5c3"", ""r5c4"", ""r5c5"", ""r5c6"", ""r5c7"", ""r5c8"", ""r6c1"", ""r6c2"", ""r6c3"", ""r6c4"", ""r6c5"", ""r6c6"", ""r6c7"", ""r6c8""]","{""r1c1"": false, ""r1c2"": false, ""r1c3"": true, ""r1c4"": true, ""r1c5"": true, ""r1c6"": true, ""r1c7"": true, ""r1c8"": true, ""r2c1"": false, ""r2c2"": true, ""r2c3"": true, ""r2c4"": true, ""r2c5"": true, ""r2c6"": true, ""r2c7"": true, ""r2c8"": true, ""r3c1"": true, ""r3c2"": true, ""r3c3"": true, ""r3c4"": true, ""r3c5"": true, ""r3c6"": true, ""r3c7"": true, ""r3c8"": true, ""r4c1"": true, ""r4c2"": true, ""r4c3"": true, ""r4c4"": true, ""r4c5"": true, ""r4c6"": true, ""r4c7"": true, ""r4c8"": true, ""r5c1"": true, ""r5c2"": true, ""r5c3"": true, ""r5c4"": true, ""r5c5"": true, ""r5c6"": true, ""r5c7"": true, ""r5c8"": true, ""r6c1"": true, ""r6c2"": true, ""r6c3"": true, ""r6c4"": true, ""r6c5"": true, ""r6c6"": true, ""r6c7"": true, ""r6c8"": true}",ON,23,Balanced,6,8,0.8968665997187296
2026-10-09 15:41:21,3,"[""r1c1"", ""r1c2"", ""r1c3"", ""r1c4"", ""r1c5"", ""r1c6"", ""r1c7"", ""r1c8"", ""r2c1"", ""r2c2"", ""r2c3"", ""r2c4"", ""r2c5"", ""r2c6"", ""r2c7"", ""r2c8"", ""r3c1"", ""r3c2"", ""r3c3"", ""r3c4"", ""r3c5"", ""r3c6"", ""r3c7"", ""r3c8"", ""r4c1"", ""r4c2"", ""r4c3"", ""r4c4"", ""r4c5"", ""r4c6"", ""r4c7"", ""r4c8"", ""r5c1"", ""r5c2"", ""r5c3"", ""r5c4"", ""r5c5"", ""r5c6"", ""r5c7"", ""r5c8"", ""r6c1"", ""r6c2"", ""r6c3"", ""r6c4"", ""r6c5"", ""r6c6"", ""r6c7"", ""r6c8""]","{""r1c1"": false, ""r1c2"": false, ""r1c3"": true, ""r1c4"": true, ""r1c5"": true, ""r1c6"": true, ""r1c7"": true, ""r1c8"": true, ""r2c1"": false, ""r2c2"": true, ""r2c3"": true, ""r2c4"": true, ""r2c5"": true, ""r2c6"": true, ""r2c7"": true, ""r2c8"": true, ""r3c1"": true, ""r3c2"": true, ""r3c3"": true, ""r3c4"": true, ""r3c5"": true, ""r3c6"": true, ""r3c7"": true, ""r3c8"": true, ""r4c1"": true, ""r4c2"": true, ""r4c3"": true, ""r4c4"": true, ""r4c5"": true, ""r4c6"": true, ""r4c7"": true, ""r4c8"": true, ""r5c1"": true, ""r5c2"": true, ""r5c3"": true, ""r5c4"": true, ""r5c5"": true, ""r5c6"": true, ""r5c7"": true, ""r5c8"": true, ""r6c1"": true, ""r6c2"": true, ""r6c3"": true, ""r6c4"": true, ""r6c5"": true, ""r6c6"": true, ""r6c7"": true, ""r6c8"": true}",ON,23,Balanced,6,8,0.8978661497433981
2026-10-09 15:41:26,3,"[""r1c1"", ""r1c2"", ""r1c3"", ""r1c4"", ""r1c5"", ""r1c6"", ""r1c7"", ""r1c8"", ""r2c1"", ""r2c2"", ""r2c3"", ""r2c4"", ""r2c5"", ""r2c6"", ""r2c7"", ""r2c8"", ""r3c1"", ""r3c2"", ""r3c3"", ""r3c4"", ""r3c5"", ""r3c6"", ""r3c7"", ""r3c8"", ""r4c1"", ""r4c2"", ""r4c3"", ""r4c4"", ""r4c5"", ""r4c6"", ""r4c7"", ""r4c8"", ""r5c1"", ""r5c2"", ""r5c3"", ""r5c4"", ""r5c5"", ""r5c6"", ""r5c7"", ""r5c8"", ""r6c1"", ""r6c2"", ""r6c3"", ""r6c4"", ""r6c5"", ""r6c6"", ""r6c7"", ""r6c8""]","{""r1c1"": false, ""r1c2"": true, ""r1c3"": true, ""r1c4"": true, ""r1c5"": true, ""r1c6"": true, ""r1c7"": true, ""r1c8"": true, ""r2c1"": false, ""r2c2"": true, ""r2c3"": true, ""r2c4"": true, ""r2c5"": true, ""r2c6"": true, ""r2c7"": true, ""r2c8"": true, ""r3c1"": true, ""r3c2"": true, ""r3c3"": true, ""r3c4"": true, ""r3c5"": true, ""r3c6"": true, ""r3c7"": true, ""r3c8"": true, ""r4c1"": true, ""r4c2"": true, ""r4c3"": true, ""r4c4"": true, ""r4c5"": true, ""r4c6"": true, ""r4c7"": true, ""r4c8"": true, ""r5c1"": true, ""r5c2"": true, ""r5c3"": true, ""r5c4"": true, ""r5c5"": true, ""r5c6"": true, ""r5c7"": true, ""r5c8"": true, ""r6c1"": true, ""r6c2"": true, ""r6c3"": true, ""r6c4"": true, ""r6c5"": true, ""r6c6"": true, ""r6c7"": true, ""r6c8"": true}",ON,23,Balanced,6,8,0.9061167240142822
2026-10-09 15:41:27,2,"[""r1c1"", ""r1c2"", ""r1c3"", ""r1c4"", ""r1c5"", ""r1c6"", ""r1c7"", ""r1c8"", ""r2c1"", ""r2c2"", ""r2c3"", ""r2c4"", ""r2c5"", ""r2c6"", ""r2c7"", ""r2c8"", ""r3c1"", ""r3c2"", ""r3c3"", ""r3c4"", ""r3c5"", ""r3c6"", ""r3c7"", ""r3c8"", ""r4c1"", ""r4c2"", ""r4c3"", ""r4c4"", ""r4c5"", ""r4c6"", ""r4c7"", ""r4c8"", ""r5c1"", ""r5c2"", ""r5c3"", ""r5c4"", ""r5c5"", ""r5c6"", ""r5c7"", ""r5c8"", ""r6c1"", ""r6c2"", ""r6c3"", ""r6c4"", ""r6c5"", ""r6c6"", ""r6c7"", ""r6c8""]","{""r1c1"": false, ""r1c2"": true, ""r1c3"": true, ""r1c4"": true, ""r1c5"": true, ""r1c6"": true, ""r1c7"": true, ""r1c8"": true, ""r2c1"": false, ""r2c2"": true, ""r2c3"": true, ""r2c4"": true, ""r2c5"": true, ""r2c6"": true, ""r2c7"": true, ""r2c8"": true, ""r3c1"": true, ""r3c2"": true, ""r3c3"": true, ""r3c4"": true, ""r3c5"": true, ""r3c6"": true, ""r3c7"": true, ""r3c8"": true, ""r4c1"": true, ""r4c2"": true, ""r4c3"": true, ""r4c4"": true, ""r4c5"": true, ""r4c6"": true, ""r4c7"": true, ""r4c8"": true, ""r5c1"": true, ""r5c2"": true, ""r5c3"": true, ""r5c4"": true, ""r5c5"": true, ""r5c6"": true, ""r5c7"": true, ""r5c8"": true, ""r6c1"": true, ""r6c2"": true, ""r6c3"": true, ""r6c4"": true, ""r6c5"": true, ""r6c6"": true, ""r6c7"": true, ""r6c8"": true}",ON,23,Balanced,6,8,0.8478215932846069
2026-10-09 15:41:27,3,"[""r1c1"", ""r1c2"", ""r1c3"", ""r1c4"", ""r1c5"", ""r1c6"", ""r1c7"", ""r1c8"", ""r2c1"", ""r2c2"", ""r2c3"", ""r2c4"", ""r2c5"", ""r2c6"", ""r2c7"", ""r2c8"", ""r3c1"", ""r3c2"", ""r3c3"", ""r3c4"", ""r3c5"", ""r3c6"", ""r3c7"", ""r3c8"", ""r4c1"", ""r4c2"", ""r4c3"", ""r4c4"", ""r4c5"", ""r4c6"", ""r4c7"", ""r4c8"", ""r5c1"", ""r5c2"", ""r5c3"", ""r5c4"", ""r5c5"", ""r5c6"", ""r5c7"", ""r5c8"", ""r6c1"", ""r6c2"", ""r6c3"", ""r6c4"", ""r6c5"", ""r6c6"", ""r6c7"", ""r6c8""]","{""r1c1"": false, ""r1c2"": true, ""r1c3"": true, ""r1c4"": true, ""r1c5"": true, ""r1c6"": true, ""r1c7"": true, ""r1c8"": true, ""r2c1"": false, ""r2c2"": true, ""r2c3"": true, ""r2c4"": true, ""r2c5"": true, ""r2c6"": true, ""r2c7"": true, ""r2c8"": true, ""r3c1"": true, ""r3c2"": true, ""r3c3"": true, ""r3c4"": true, ""r3c5"": true, ""r3c6"": true, ""r3c7"": true, ""r3c8"": true, ""r4c1"": true, ""r4c2"": true, ""r4c3"": true, ""r4c4"": true, ""r4c5"": true, ""r4c6"": true, ""r4c7"": true, ""r4c8"": true, ""r5c1"": true, ""r5c2"": true, ""r5c3"": true, ""r5c4"": true, ""r5c5"": true, ""r5c6"": true, ""r5c7"": true, ""r5c8"": true, ""r6c1"": true, ""r6c2"": true, ""r6c3"": true, ""r6c4"": true, ""r6c5"": true, ""r6c6"": true, ""r6c7"": true, ""r6c8"": true}",ON,23,Balanced,6,8,0.8214036226272583
2026-10-09 15:41:27,2,"[""r1c1"", ""r1c2"", ""r1c3"", ""r1c4"", ""r1c5"", ""r1c6"", ""r1c7"", ""r1c8"", ""r2c1"", ""r2c2"", ""r2c3"", ""r2c4"", ""r2c5"", ""r2c6"", ""r2c7"", ""r2c8"", ""r3c1"", ""r3c2"", ""r3c3"", ""r3c4"", ""r3c5"", ""r3c6"", ""r3c7"", ""r3c8"", ""r4c1"", ""r4c2"", ""r4c3"", ""r4c4"", ""r4c5"", ""r4c6"", ""r4c7"", ""r4c8"", ""r5c1"", ""r5c2"", ""r5c3"", ""r5c4"", ""r5c5"", ""r5c6"", ""r5c7"", ""r5c8"", ""r6c1"", ""r6c2"", ""r6c3"", ""r6c4"", ""r6c5"", ""r6c6"", ""r6c7"", ""r6c8""]","{""r1c1"": false, ""r1c2"": true, ""r1c3"": true, ""r1c4"": true, ""r1c5"": true, ""r1c6"": true, ""r1c7"": true, ""r1c8"": true, ""r2c1"": false, ""r2c2"": true, ""r2c3"": true, ""r2c4"": true, ""r2c5"": true, ""r2c6"": true, ""r2c7"": true, ""r2c8"": true, ""r3c1"": true, ""r3c2"": true, ""r3c3"": true, ""r3c4"": true, ""r3c5"": true, ""r3c6"": true, ""r3c7"": true, ""r3c8"": true, ""r4c1"": true, ""r4c2"": true, ""r4c3"": true, ""r4c4"": true, ""r4c5"": true, ""r4c6"": true, ""r4c7"": true, ""r4c8"": true, ""r5c1"": true, ""r5c2"": true, ""r5c3"": true, ""r5c4"": true, ""r5c5"": true, ""r5c6"": true, ""r5c7"": true, ""r5c8"": true, ""r6c1"": true, ""r6c2"": true, ""r6c3"": true, ""r6c4"": true, ""r6c5"": true, ""r6c6"": true, ""r6c7"": true, ""r6c8"": true}",ON,23,Balanced,6,8,0.8175875544548035
2026-10-09 15:41:28,3,"[""r1c1"", ""r1c2"", ""r1c3"", ""r1c4"", ""r1c5"", ""r1c6"", ""r1c7"", ""r1c8"", ""r2c1"", ""r2c2"", ""r2c3"", ""r2c4"", ""r2c5"", ""r2c6"", ""r2c7"", ""r2c8"", ""r3c1"", ""r3c2"", ""r3c3"", ""r3c4"", ""r3c5"", ""r3c6"", ""r3c7"", ""r3c8"", ""r4c1"", ""r4c2"", ""r4c3"", ""r4c4"", ""r4c5"", ""r4c6"", ""r4c7"", ""r4c8"", ""r5c1"", ""r5c2"", ""r5c3"", ""r5c4"", ""r5c5"", ""r5c6"", ""r5c7"", ""r5c8"", ""r6c1"", ""r6c2"", ""r6c3"", ""r6c4"", ""r6c5"", ""r6c6"", ""r6c7"", ""r6c8""]","{""r1c1"": false, ""r1c2"": true, ""r1c3"": true, ""r1c4"": true, ""r1c5"": true, ""r1c6"": true, ""r1c7"": true, ""r1c8"": true, ""r2c1"": false, ""r2c2"": true, ""r2c3"": true, ""r2c4"": true, ""r2c5"": true, ""r2c6"": true, ""r2c7"": true, ""r2c8"": true, ""r3c1"": true, ""r3c2"": true, ""r3c3"": true, ""r3c4"": true, ""r3c5"": true, ""r3c6"": true, ""r3c7"": true, ""r3c8"": true, ""r4c1"": true, ""r4c2"": true, ""r4c3"": true, ""r4c4"": true, ""r4c5"": true, ""r4c6"": true, ""r4c7"": true, ""r4c8"": true, ""r5c1"": true, ""r5c2"": true, ""r5c3"": true, ""r5c4"": true, ""r5c5"": true, ""r5c6"": true, ""r5c7"": true, ""r5c8"": true, ""r6c1"": true, ""r6c2"": true, ""r6c3"": true, ""r6c4"": true, ""r6c5"": true, ""r6c6"": true, ""r6c7"": true, ""r6c8"": true}",ON,23,Balanced,6,8,0.780101497968038
2026-10-09 15:41:28,2,"[""r1c1"", ""r1c2"", ""r1c3"", ""r1c4"", ""r1c5"", ""r1c6"", ""r1c7"", ""r1c8"", ""r2c1"", ""r2c2"", ""r2c3"", ""r2c4"", ""r2c5"", ""r2c6"", ""r2c7"", ""r2c8"", ""r3c1"", ""r3c2"", ""r3c3"", ""r3c4"", ""r3c5"", ""r3c6"", ""r3c7"", ""r3c8"", ""r4c1"", ""r4c2"", ""r4c3"", ""r4c4"", ""r4c5"", ""r4c6"", ""r4c7"", ""r4c8"", ""r5c1"", ""r5c2"", ""r5c3"", ""r5c4"", ""r5c5"", ""r5c6"", ""r5c7"", ""r5c8"", ""r6c1"", ""r6c2"", ""r6c3"", ""r6c4"", ""r6c5"", ""r6c6"", ""r6c7"", ""r6c8""]","{""r1c1"": false, ""r1c2"": true, ""r1c3"": true, ""r1c4"": true, ""r1c5"": true, ""r1c6"": true, ""r1c7"": true, ""r1c8"": true, ""r2c1"": false, ""r2c2"": true, ""r2c3"": true, ""r2c4"": true, ""r2c5"": true, ""r2c6"": true, ""r2c7"": true, ""r2c8"": true, ""r3c1"": true, ""r3c2"": true, ""r3c3"": true, ""r3c4"": true, ""r3c5"": true, ""r3c6"": true, ""r3c7"": true, ""r3c8"": true, ""r4c1"": true, ""r4c2"": true, ""r4c3"": true, ""r4c4"": true, ""r4c5"": true, ""r4c6"": true, ""r4c7"": true, ""r4c8"": true, ""r5c1"": true, ""r5c2"": true, ""r5c3"": true, ""r5c4"": true, ""r5c5"": true, ""r5c6"": true, ""r5c7"": true, ""r5c8"": true, ""r6c1"": true, ""r6c2"": true, ""r6c3"": true, ""r6c4"": true, ""r6c5"": true, ""r6c6"": true, ""r6c7"": true, ""r6c8"": true}",ON,23,Balanced,6,8,0.8425592184066772
2026-10-09 15:41:30,3,"[""r1c1"", ""r1c2"", ""r1c3"", ""r1c4"", ""r1c5"", ""r1c6"", ""r1c7"", ""r1c8"", ""r2c1"", ""r2c2"", ""r2c3"", ""r2c4"", ""r2c5"", ""r2c6"", ""r2c7"", ""r2c8"", ""r3c1"", ""r3c2"", ""r3c3"", ""r3c4"", ""r3c5"", ""r3c6"", ""r3c7"", ""r3c8"", ""r4c1"", ""r4c2"", ""r4c3"", ""r4c4"", ""r4c5"", ""r4c6"", ""r4c7"", ""r4c8"", ""r5c1"", ""r5c2"", ""r5c3"", ""r5c4"", ""r5c5"", ""r5c6"", ""r5c7"", ""r5c8"", ""r6c1"", ""r6c2"", ""r6c3"", ""r6c4"", ""r6c5"", ""r6c6"", ""r6c7"", ""r6c8""]","{""r1c1"": false, ""r1c2"": true, ""r1c3"": true, ""r1c4"": true, ""r1c5"": true, ""r1c6"": true, ""r1c7"": true, ""r1c8"": true, ""r2c1"": false, ""r2c2"": true, ""r2c3"": true, ""r2c4"": true, ""r2c5"": true, ""r2c6"": true, ""r2c7"": true, ""r2c8"": true, ""r3c1"": true, ""r3c2"": true, ""r3c3"": true, ""r3c4"": true, ""r3c5"": true, ""r3c6"": true, ""r3c7"": true, ""r3c8"": true, ""r4c1"": true, ""r4c2"": true, ""r4c3"": true, ""r4c4"": true, ""r4c5"": true, ""r4c6"": true, ""r4c7"": true, ""r4c8"": true, ""r5c1"": true, ""r5c2"": true, ""r5c3"": true, ""r5c4"": true, ""r5c5"": true, ""r5c6"": true, ""r5c7"": true, ""r5c8"": true, ""r6c1"": true, ""r6c2"": true, ""r6c3"": true, ""r6c4"": true, ""r6c5"": true, ""r6c6"": true, ""r6c7"": true, ""r6c8"": true}",ON,23,Balanced,6,8,0.8488677342732748
2026-10-09 15:41:30,2,"[""r1c1"", ""r1c2"", ""r1c3"", ""r1c4"", ""r1c5"", ""r1c6"", ""r1c7"", ""r1c8"", ""r2c1"", ""r2c2"", ""r2c3"", ""r2c4"", ""r2c5"", ""r2c6"", ""r2c7"", ""r2c8"", ""r3c1"", ""r3c2"", ""r3c3"", ""r3c4"", ""r3c5"", ""r3c6"", ""r3c7"", ""r3c8"", ""r4c1"", ""r4c2"", ""r4c3"", ""r4c4"", ""r4c5"", ""r4c6"", ""r4c7"", ""r4c8"", ""r5c1"", ""r5c2"", ""r5c3"", ""r5c4"", ""r5c5"", ""r5c6"", ""r5c7"", ""r5c8"", ""r6c1"", ""r6c2"", ""r6c3"", ""r6c4"", ""r6c5"", ""r6c6"", ""r6c7"", ""r6c8""]","{""r1c1"": false, ""r1c2"": true, ""r1c3"": true, ""r1c4"": true, ""r1c5"": true, ""r1c6"": true, ""r1c7"": true, ""r1c8"": true, ""r2c1"": false, ""r2c2"": true, ""r2c3"": true, ""r2c4"": true, ""r2c5"": true, ""r2c6"": true, ""r2c7"": true, ""r2c8"": true, ""r3c1"": true, ""r3c2"": true, ""r3c3"": true, ""r3c4"": true, ""r3c5"": true, ""r3c6"": true, ""r3c7"": true, ""r3c8"": true, ""r4c1"": true, ""r4c2"": true, ""r4c3"": true, ""r4c4"": true, ""r4c5"": true, ""r4c6"": true, ""r4c7"": true, ""r4c8"": true, ""r5c1"": true, ""r5c2"": true, ""r5c3"": true, ""r5c4"": true, ""r5c5"": true, ""r5c6"": true, ""r5c7"": true, ""r5c8"": true, ""r6c1"": true, ""r6c2"": true, ""r6c3"": true, ""r6c4"": true, ""r6c5"": true, ""r6c6"": true, ""r6c7"": true, ""r6c8"": true}",ON,23,Balanced,6,8,0.9171770513057709
2026-10-09 15:41:31,2,"[""r1c1"", ""r1c2"", ""r1c3"", ""r1c4"", ""r1c5"", ""r1c6"", ""r1c7"", ""r1c8"", ""r2c1"", ""r2c2"", ""r2c3"", ""r2c4"", ""r2c5"", ""r2c6"", ""r2c7"", ""r2c8"", ""r3c1"", ""r3c2"", ""r3c3"", ""r3c4"", ""r3c5"", ""r3c6"", ""r3c7"", ""r3c8"", ""r4c1"", ""r4c2"", ""r4c3"", ""r4c4"", ""r4c5"", ""r4c6"", ""r4c7"", ""r4c8"", ""r5c1"", ""r5c2"", ""r5c3"", ""r5c4"", ""r5c5"", ""r5c6"", ""r5c7"", ""r5c8"", ""r6c2"", ""r6c3"", ""r6c4"", ""r6c5"", ""r6c6"", ""r6c7"", ""r6c8""]","{""r1c1"": true, ""r1c2"": true, ""r1c3"": true, ""r1c4"": true, ""r1c5"": true, ""r1c6"": true, ""r1c7"": true, ""r1c8"": true, ""r2c1"": false, ""r2c2"": true, ""r2c3"": true, ""r2c4"": true, ""r2c5"": true, ""r2c6"": true, ""r2c7"": true, ""r2c8"": true, ""r3c1"": true, ""r3c2"": true, ""r3c3"": true, ""r3c4"": true, ""r3c5"": true, ""r3c6"": true, ""r3c7"": true, ""r3c8"": true, ""r4c1"": true, ""r4c2"": true, ""r4c3"": true, ""r4c4"": true, ""r4c5"": true, ""r4c6"": true, ""r4c7"": true, ""r4c8"": true, ""r5c1"": true, ""r5c2"": true, ""r5c3"": true, ""r5c4"": true, ""r5c5"": true, ""r5c6"": true, ""r5c7"": true, ""r5c8"": true, ""r6c1"": true, ""r6c2"": true, ""r6c3"": true, ""r6c4"": true, ""r6c5"": true, ""r6c6"": true, ""r6c7"": true, ""r6c8"": true}",ON,23,Balanced,6,8,0.9273630678653717
2026-10-09 15:41:31,2,"[""r1c1"", ""r1c2"", ""r1c3"", ""r1c4"", ""r1c5"", ""r1c6"", ""r1c7"", ""r1c8"", ""r2c1"", ""r2c2"", ""r2c3"", ""r2c4"", ""r2c5"", ""r2c6"", ""r2c7"", ""r2c8"", ""r3c1"", ""r3c2"", ""r3c3"", ""r3c4"", ""r3c5"", ""r3c6"", ""r3c7"", ""r3c8"", ""r4c1"", ""r4c2"", ""r4c3"", ""r4c4"", ""r4c5"", ""r4c6"", ""r4c7"", ""r4c8"", ""r5c2"", ""r5c3"", ""r5c4"", ""r5c5"", ""r5c6"", ""r5c7"", ""r5c8"", ""r6c2"", ""r6c3"", ""r6c4"", ""r6c5"", ""r6c6"", ""r6c7"", ""r6c8""]","{""r1c1"": true, ""r1c2"": true, ""r1c3"": true, ""r1c4"": true, ""r1c5"": true, ""r1c6"": true, ""r1c7"": true, ""r1c8"": true, ""r2c1"": true, ""r2c2"": true, ""r2c3"": true, ""r2c4"": true, ""r2c5"": true, ""r2c6"": true, ""r2c7"": true, ""r2c8"": true, ""r3c1"": true, ""r3c2"": true, ""r3c3"": true, ""r3c4"": true, ""r3c5"": true, ""r3c6"": true, ""r3c7"": true, ""r3c8"": true, ""r4c1"": true, ""r4c2"": true, ""r4c3"": true, ""r4c4"": true, ""r4c5"": true, ""r4c6"": true, ""r4c7"": true, ""r4c8"": true, ""r5c1"": true, ""r5c2"": true, ""r5c3"": true, ""r5c4"": true, ""r5c5"": true, ""r5c6"": true, ""r5c7"": true, ""r5c8"": true, ""r6c1"": true, ""r6c2"": true, ""r6c3"": true, ""r6c4"": true, ""r6c5"": true, ""r6c6"": true, ""r6c7"": true, ""r6c8"": true}",ON,23,Balanced,6,8,0.9278298318386078
2026-10-09 15:41:31,3,"[""r1c6"", ""r1c7"", ""r1c8"", ""r2c2"", ""r2c3"", ""r2c4"", ""r2c5"", ""r2c6"", ""r2c7"", ""r2c8"", ""r3c1"", ""r3c2"", ""r3c3"", ""r3c4"", ""r3c5"", ""r3c6"", ""r3c7"", ""r3c8"", ""r4c1"", ""r4c2"", ""r4c3"", ""r4c4"", ""r4c5"", ""r4c6"", ""r4c7"", ""r4c8"", ""r5c1"", ""r5c2"", ""r5c3"", ""r5c4"", ""r5c5"", ""r5c6"", ""r5c7"", ""r5c8"", ""r6c2"", ""r6c3"", ""r6c4"", ""r6c5"", ""r6c6"", ""r6c7"", ""r6c8""]","{""r1c1"": true, ""r1c2"": true, ""r1c3"": true, ""r1c4"": true, ""r1c5"": true, ""r1c6"": true, ""r1c7"": true, ""r1c8"": true, ""r2c1"": true, ""r2c2"": true, ""r2c3"": true, ""r2c4"": true, ""r2c5"": true, ""r2c6"": true, ""r2c7"": true, ""r2c8"": true, ""r3c1"": true, ""r3c2"": true, ""r3c3"": true, ""r3c4"": true, ""r3c5"": true, ""r3c6"": true, ""r3c7"": true, ""r3c8"": true, ""r4c1"": true, ""r4c2"": true, ""r4c3"": true, ""r4c4"": true, ""r4c5"": true, ""r4c6"": true, ""r4c7"": true, ""r4c8"": true, ""r5c1"": true, ""r5c2"": true, ""r5c3"": true, ""r5c4"": true, ""r5c5"": true, ""r5c6"": true, ""r5c7"": true, ""r5c8"": true, ""r6c1"": true, ""r6c2"": true, ""r6c3"": true, ""r6c4"": true, ""r6c5"": true, ""r6c6"": true, ""r6c7"": true, ""r6c8"": true}",ON,23,Balanced,6,8,0.9039123058319092
2026-10-09 15:41:32,4,"[""r1c6"", ""r1c7"", ""r1c8"", ""r2c3"", ""r2c4"", ""r2c5"", ""r2c6"", ""r2c7"", ""r2c8"", ""r3c1"", ""r3c2"", ""r3c3"", ""r3c4"", ""r3c5"", ""r3c6"", ""r3c7"", ""r3c8"", ""r4c1"", ""r4c2"", ""r4c3"", ""r4c4"", ""r4c5"", ""r4c6"", ""r4c7"", ""r4c8"", ""r5c1"", ""r5c2"", ""r5c3"", ""r5c4"", ""r5c5"", ""r5c6"", ""r5c7"", ""r5c8"", ""r6c1"", ""r6c2"", ""r6c3"", ""r6c4"", ""r6c5"", ""r6c6"", ""r6c7"", ""r6c8""]","{""r1c1"": true, ""r1c2"": true, ""r1c3"": true, ""r1c4"": true, ""r1c5"": true, ""r1c6"": true, ""r1c7"": true, ""r1c8"": true, ""r2c1"": true, ""r2c2"": true, ""r2c3"": true, ""r2c4"": true, ""r2c5"": true, ""r2c6"": true, ""r2c7"": true, ""r2c8"": true, ""r3c1"": true, ""r3c2"": true, ""r3c3"": true, ""r3c4"": true, ""r3c5"": true, ""r3c6"": true, ""r3c7"": true, ""r3c8"": true, ""r4c1"": true, ""r4c2"": true, ""r4c3"": true, ""r4c4"": true, ""r4c5"": true, ""r4c6"": true, ""r4c7"": true, ""r4c8"": true, ""r5c1"": true, ""r5c2"": true, ""r5c3"": true, ""r5c4"": true, ""r5c5"": true, ""r5c6"": true, ""r5c7"": true, ""r5c8"": true, ""r6c1"": true, ""r6c2"": true, ""r6c3"": true, ""r6c4"": true, ""r6c5"": true, ""r6c6"": true, ""r6c7"": true, ""r6c8"": true}",ON,23,Balanced,6,8,0.8783021569252014
2026-10-09 15:41:35,3,"[""r1c6"", ""r1c7"", ""r1c8"", ""r2c1"", ""r2c2"", ""r2c3"", ""r2c6"", ""r2c7"", ""r2c8"", ""r3c1"", ""r3c2"", ""r3c3"", ""r3c6"", ""r3c7"", ""r3c8"", ""r4c1"", ""r4c2"", ""r4c3"", ""r4c4"", ""r4c6"", ""r4c7"", ""r4c8"", ""r5c1"", ""r5c2"", ""r5c3"", ""r5c4"", ""r5c5"", ""r5c6"", ""r5c7"", ""r5c8"", ""r6c1"", ""r6c2"", ""r6c3"", ""r6c4"", ""r6c5"", ""r6c6"", ""r6c7"", ""r6c8""]","{""r1c1"": true, ""r1c2"": true, ""r1c3"": true, ""r1c4"": true, ""r1c5"": true, ""r1c6"": true, ""r1c7"": true, ""r1c8"": true, ""r2c1"": true, ""r2c2"": true, ""r2c3"": true, ""r2c4"": true, ""r2c5"": true, ""r2c6"": true, ""r2c7"": true, ""r2c8"": true, ""r3c1"": true, ""r3c2"": true, ""r3c3"": true, ""r3c4"": true, ""r3c5"": true, ""r3c6"": true, ""r3c7"": true, ""r3c8"": true, ""r4c1"": true, ""r4c2"": true, ""r4c3"": true, ""r4c4"": true, ""r4c5"": true, ""r4c6"": true, ""r4c7"": true, ""r4c8"": true, ""r5c1"": true, ""r5c2"": true, ""r5c3"": true, ""r5c4"": true, ""r5c5"": true, ""r5c6"": true, ""r5c7"": true, ""r5c8"": true, ""r6c1"": true, ""r6c2"": true, ""r6c3"": true, ""r6c4"": true, ""r6c5"": true, ""r6c6"": true, ""r6c7"": true, ""r6c8"": true}",ON,23,Balanced,6,8,0.8698808153470358
2026-10-09 15:41:35,4,"[""r1c6"", ""r1c7"", ""r1c8"", ""r2c1"", ""r2c2"", ""r2c3"", ""r2c4"", ""r2c5"", ""r2c6"", ""r2c7"", ""r2c8"", ""r3c1"", ""r3c2"", ""r3c3"", ""r3c4"", ""r3c5"", ""r3c6"", ""r3c7"", ""r3c8"", ""r4c1"", ""r4c2"", ""r4c3"", ""r4c4"", ""r4c5"", ""r4c6"", ""r4c7"", ""r4c8"", ""r5c1"", ""r5c2"", ""r5c3"", ""r5c4"", ""r5c5"", ""r5c6"", ""r5c7"", ""r5c8"", ""r6c1"", ""r6c2"", ""r6c3"", ""r6c4"", ""r6c5"", ""r6c6"", ""r6c7"", ""r6c8""]","{""r1c1"": true, ""r1c2"": true, ""r1c3"": true, ""r1c4"": true, ""r1c5"": true, ""r1c6"": true, ""r1c7"": true, ""r1c8"": true, ""r2c1"": true, ""r2c2"": true, ""r2c3"": true, ""r2c4"": true, ""r2c5"": true, ""r2c6"": true, ""r2c7"": true, ""r2c8"": true, ""r3c1"": true, ""r3c2"": true, ""r3c3"": true, ""r3c4"": true, ""r3c5"": true, ""r3c6"": true, ""r3c7"": true, ""r3c8"": true, ""r4c1"": true, ""r4c2"": true, ""r4c3"": true, ""r4c4"": true, ""r4c5"": true, ""r4c6"": true, ""r4c7"": true, ""r4c8"": true, ""r5c1"": true, ""r5c2"": true, ""r5c3"": true, ""r5c4"": true, ""r5c5"": true, ""r5c6"": true, ""r5c7"": true, ""r5c8"": true, ""r6c1"": true, ""r6c2"": true, ""r6c3"": true, ""r6c4"": true, ""r6c5"": true, ""r6c6"": true, ""r6c7"": true, ""r6c8"": true}",ON,23,Balanced,6,8,0.8443076014518738
2026-10-09 15:41:38,5,"[""r1c4"", ""r1c5"", ""r1c6"", ""r1c7"", ""r1c8"", ""r2c1"", ""r2c2"", ""r2c3"", ""r2c4"", ""r2c5"", ""r2c6"", ""r2c7"", ""r2c8"", ""r3c1"", ""r3c2"", ""r3c3"", ""r3c4"", ""r3c5"", ""r3c6"", ""r3c7"", ""r3c8"", ""r4c1"", ""r4c2"", ""r4c3"", ""r4c4"", ""r4c5"", ""r4c6"", ""r4c7"", ""r4c8"", ""r5c1"", ""r5c2"", ""r5c3"", ""r5c4"", ""r5c5"", ""r5c6"", ""r5c7"", ""r5c8"", ""r6c1"", ""r6c2"", ""r6c3"", ""r6c4"", ""r6c5"", ""r6c6"", ""r6c7"", ""r6c8""]","{""r1c1"": true, ""r1c2"": true, ""r1c3"": true, ""r1c4"": true, ""r1c5"": true, ""r1c6"": true, ""r1c7"": true, ""r1c8"": true, ""r2c1"": true, ""r2c2"": true, ""r2c3"": true, ""r2c4"": true, ""r2c5"": true, ""r2c6"": true, ""r2c7"": true, ""r2c8"": true, ""r3c1"": true, ""r3c2"": true, ""r3c3"": true, ""r3c4"": true, ""r3c5"": true, ""r3c6"": true, ""r3c7"": true, ""r3c8"": true, ""r4c1"": true, ""r4c2"": true, ""r4c3"": true, ""r4c4"": true, ""r4c5"": true, ""r4c6"": true, ""r4c7"": true, ""r4c8"": true, ""r5c1"": true, ""r5c2"": true, ""r5c3"": true, ""r5c4"": true, ""r5c5"": true, ""r5c6"": true, ""r5c7"": true, ""r5c8"": true, ""r6c1"": true, ""r6c2"": true, ""r6c3"": true, ""r6c4"": true, ""r6c5"": true, ""r6c6"": true, ""r6c7"": true, ""r6c8"": true}",ON,21,Balanced,6,8,0.8025618314743042
2026-10-09 15:41:38,4,"[""r1c3"", ""r1c4"", ""r1c5"", ""r1c6"", ""r1c7"", ""r1c8"", ""r2c1"", ""r2c2"", ""r2c3"", ""r2c4"", ""r2c5"", ""r2c6"", ""r2c7"", ""r2c8"", ""r3c1"", ""r3c2"", ""r3c3"", ""r3c4"", ""r3c5"", ""r3c6"", ""r3c7"", ""r3c8"", ""r4c1"", ""r4c2"", ""r4c3"", ""r4c4"", ""r4c5"", ""r4c6"", ""r4c7"", ""r4c8"", ""r5c1"", ""r5c2"", ""r5c3"", ""r5c4"", ""r5c5"", ""r5c6"", ""r5c7"", ""r5c8"", ""r6c1"", ""r6c2"", ""r6c3"", ""r6c4"", ""r6c5"", ""r6c6"", ""r6c7"", ""r6c8""]","{""r1c1"": true, ""r1c2"": true, ""r1c3"": true, ""r1c4"": true, ""r1c5"": true, ""r1c6"": true, ""r1c7"": true, ""r1c8"": true, ""r2c1"": true, ""r2c2"": true, ""r2c3"": true, ""r2c4"": true, ""r2c5"": true, ""r2c6"": true, ""r2c7"": true, ""r2c8"": true, ""r3c1"": true, ""r3c2"": true, ""r3c3"": true, ""r3c4"": true, ""r3c5"": true, ""r3c6"": true, ""r3c7"": true, ""r3c8"": true, ""r4c1"": true, ""r4c2"": true, ""r4c3"": true, ""r4c4"": true, ""r4c5"": true, ""r4c6"": true, ""r4c7"": true, ""r4c8"": true, ""r5c1"": true, ""r5c2"": true, ""r5c3"": true, ""r5c4"": true, ""r5c5"": true, ""r5c6"": true, ""r5c7"": true, ""r5c8"": true, ""r6c1"": true, ""r6c2"": true, ""r6c3"": true, ""r6c4"": true, ""r6c5"": true, ""r6c6"": true, ""r6c7"": true, ""r6c8"": true}",ON,23,Balanced,6,8,0.8610146641731262
2026-10-09 15:41:40,5,"[""r1c2"", ""r1c3"", ""r1c4"", ""r1c5"", ""r1c6"", ""r1c7"", ""r2c1"", ""r2c2"", ""r2c3"", ""r2c4"", ""r2c5"", ""r2c6"", ""r2c7"", ""r3c1"", ""r3c2"", ""r3c3"", ""r3c4"", ""r3c5"", ""r3c6"", ""r3c7"", ""r3c8"", ""r4c1"", ""r4c2"", ""r4c3"", ""r4c4"", ""r4c5"", ""r4c6"", ""r4c7"", ""r4c8"", ""r5c1"", ""r5c2"", ""r5c3"", ""r5c4"", ""r5c5"", ""r5c6"", ""r5c7"", ""r5c8"", ""r6c1"", ""r6c2"", ""r6c3"", ""r6c4"", ""r6c5"", ""r6c6"", ""r6c7"", ""r6c8""]","{""r1c1"": true, ""r1c2"": true, ""r1c3"": true, ""r1c4"": true, ""r1c5"": true, ""r1c6"": true, ""r1c7"": true, ""r1c8"": true, ""r2c1"": true, ""r2c2"": true, ""r2c3"": true, ""r2c4"": true, ""r2c5"": true, ""r2c6"": true, ""r2c7"": true, ""r2c8"": true, ""r3c1"": true, ""r3c2"": true, ""r3c3"": true, ""r3c4"": true, ""r3c5"": true, ""r3c6"": true, ""r3c7"": true, ""r3c8"": true, ""r4c1"": true, ""r4c2"": true, ""r4c3"": true, ""r4c4"": true, ""r4c5"": true, ""r4c6"": true, ""r4c7"": true, ""r4c8"": true, ""r5c1"": true, ""r5c2"": true, ""r5c3"": true, ""r5c4"": true, ""r5c5"": true, ""r5c6"": true, ""r5c7"": true, ""r5c8"": true, ""r6c1"": true, ""r6c2"": true, ""r6c3"": true, ""r6c4"": true, ""r6c5"": true, ""r6c6"": true, ""r6c7"": true, ""r6c8"": true}",ON,21,Balanced,6,8,0.7284881412982941
2026-10-09 15:41:40,4,"[""r1c2"", ""r1c3"", ""r1c4"", ""r1c5"", ""r1c6"", ""r1c7"", ""r2c1"", ""r2c2"", ""r2c3"", ""r2c4"", ""r2c5"", ""r2c6"", ""r2c7"", ""r3c1"", ""r3c2"", ""r3c3"", ""r3c4"", ""r3c5"", ""r3c6"", ""r3c7"", ""r4c1"", ""r4c2"", ""r4c3"", ""r4c4"", ""r4c5"", ""r4c6"", ""r4c7"", ""r4c8"", ""r5c1"", ""r5c2"", ""r5c3"", ""r5c4"", ""r5c5"", ""r5c6"", ""r5c7"", ""r5c8"", ""r6c1"", ""r6c2"", ""r6c3"", ""r6c4"", ""r6c5"", ""r6c6"", ""r6c7"", ""r6c8""]","{""r1c1"": true, ""r1c2"": true, ""r1c3"": true, ""r1c4"": true, ""r1c5"": true, ""r1c6"": true, ""r1c7"": true, ""r1c8"": true, ""r2c1"": true, ""r2c2"": true, ""r2c3"": true, ""r2c4"": true, ""r2c5"": true, ""r2c6"": true, ""r2c7"": true, ""r2c8"": true, ""r3c1"": true, ""r3c2"": true, ""r3c3"": true, ""r3c4"": true, ""r3c5"": true, ""r3c6"": true, ""r3c7"": true, ""r3c8"": true, ""r4c1"": true, ""r4c2"": true, ""r4c3"": true, ""r4c4"": true, ""r4c5"": true, ""r4c6"": true, ""r4c7"": true, ""r4c8"": true, ""r5c1"": true, ""r5c2"": true, ""r5c3"": true, ""r5c4"": true, ""r5c5"": true, ""r5c6"": true, ""r5c7"": true, ""r5c8"": true, ""r6c1"": true, ""r6c2"": true, ""r6c3"": true, ""r6c4"": true, ""r6c5"": true, ""r6c6"": true, ""r6c7"": true, ""r6c8"": true}",ON,23,Balanced,6,8,0.8227739781141281
2026-10-09 15:41:40,5,"[""r1c2"", ""r1c3"", ""r1c4"", ""r1c5"", ""r1c6"", ""r1c7"", ""r2c1"", ""r2c2"", ""r2c3"", ""r2c4"", ""r2c5"", ""r2c6"", ""r2c7"", ""r3c1"", ""r3c2"", ""r3c3"", ""r3c4"", ""r3c5"", ""r3c6"", ""r3c7"", ""r4c1"", ""r4c2"", ""r4c3"", ""r4c4"", ""r4c5"", ""r4c6"", ""r4c7"", ""r4c8"", ""r5c1"", ""r5c2"", ""r5c3"", ""r5c4"", ""r5c5"", ""r5c6"", ""r5c7"", ""r5c8"", ""r6c1"", ""r6c2"", ""r6c3"", ""r6c4"", ""r6c5"", ""r6c6"", ""r6c7"", ""r6c8""]","{""r1c1"": true, ""r1c2"": true, ""r1c3"": true, ""r1c4"": true, ""r1c5"": true, ""r1c6"": true, ""r1c7"": true, ""r1c8"": true, ""r2c1"": true, ""r2c2"": true, ""r2c3"": true, ""r2c4"": true, ""r2c5"": true, ""r2c6"": true, ""r2c7"": true, ""r2c8"": true, ""r3c1"": true, ""r3c2"": true, ""r3c3"": true, ""r3c4"": true, ""r3c5"": true, ""r3c6"": true, ""r3c7"": true, ""r3c8"": true, ""r4c1"": true, ""r4c2"": true, ""r4c3"": true, ""r4c4"": true, ""r4c5"": true, ""r4c6"": true, ""r4c7"": true, ""r4c8"": true, ""r5c1"": true, ""r5c2"": true, ""r5c3"": true, ""r5c4"": true, ""r5c5"": true, ""r5c6"": true, ""r5c7"": true, ""r5c8"": true, ""r6c1"": true, ""r6c2"": true, ""r6c3"": true, ""r6c4"": true, ""r6c5"": true, ""r6c6"": true, ""r6c7"": true, ""r6c8"": true}",ON,21,Balanced,6,8,0.740285313129425
2026-10-09 15:41:40,4,"[""r1c2"", ""r1c3"", ""r1c4"", ""r1c5"", ""r1c6"", ""r1c7"", ""r2c1"", ""r2c2"", ""r2c3"", ""r2c4"", ""r2c5"", ""r2c6"", ""r2c7"", ""r3c1"", ""r3c2"", ""r3c3"", ""r3c4"", ""r3c5"", ""r3c6"", ""r3c7"", ""r3c8"", ""r4c1"", ""r4c2"", ""r4c3"", ""r4c4"", ""r4c5"", ""r4c6"", ""r4c7"", ""r4c8"", ""r5c1"", ""r5c2"", ""r5c3"", ""r5c4"", ""r5c5"", ""r5c6"", ""r5c7"", ""r5c8"", ""r6c1"", ""r6c2"", ""r6c3"", ""r6c4"", ""r6c5"", ""r6c6"", ""r6c7"", ""r6c8""]","{""r1c1"": true, ""r1c2"": true, ""r1c3"": true, ""r1c4"": true, ""r1c5"": true, ""r1c6"": true, ""r1c7"": true, ""r1c8"": true, ""r2c1"": true, ""r2c2"": true, ""r2c3"": true, ""r2c4"": true, ""r2c5"": true, ""r2c6"": true, ""r2c7"": true, ""r2c8"": true, ""r3c1"": true, ""r3c2"": true, ""r3c3"": true, ""r3c4"": true, ""r3c5"": true, ""r3c6"": true, ""r3c7"": true, ""r3c8"": true, ""r4c1"": true, ""r4c2"": true, ""r4c3"": true, ""r4c4"": true, ""r4c5"": true, ""r4c6"": true, ""r4c7"": true, ""r4c8"": true, ""r5c1"": true, ""r5c2"": true, ""r5c3"": true, ""r5c4"": true, ""r5c5"": true, ""r5c6"": true, ""r5c7"": true, ""r5c8"": true, ""r6c1"": true, ""r6c2"": true, ""r6c3"": true, ""r6c4"": true, ""r6c5"": true, ""r6c6"": true, ""r6c7"": true, ""r6c8"": true}",ON,23,Balanced,6,8,0.7765822559595108
2026-10-09 15:41:40,5,"[""r1c2"", ""r1c3"", ""r1c4"", ""r1c5"", ""r1c6"", ""r1c7"", ""r1c8"", ""r2c1"", ""r2c2"", ""r2c3"", ""r2c4"", ""r2c5"", ""r2c6"", ""r2c7"", ""r3c1"", ""r3c2"", ""r3c3"", ""r3c4"", ""r3c5"", ""r3c6"", ""r3c7"", ""r3c8"", ""r4c1"", ""r4c2"", ""r4c3"", ""r4c4"", ""r4c5"", ""r4c6"", ""r4c7"", ""r4c8"", ""r5c1"", ""r5c2"", ""r5c3"", ""r5c4"", ""r5c5"", ""r5c6"", ""r5c7"", ""r5c8"", ""r6c1"", ""r6c2"", ""r6c3"", ""r6c4"", ""r6c5"", ""r6c6"", ""r6c7"", ""r6c8""]","{""r1c1"": true, ""r1c2"": true, ""r1c3"": true, ""r1c4"": true, ""r1c5"": true, ""r1c6"": true, ""r1c7"": true, ""r1c8"": true, ""r2c1"": true, ""r2c2"": true, ""r2c3"": true, ""r2c4"": true, ""r2c5"": true, ""r2c6"": true, ""r2c7"": true, ""r2c8"": true, ""r3c1"": true, ""r3c2"": true, ""r3c3"": true, ""r3c4"": true, ""r3c5"": true, ""r3c6"": true, ""r3c7"": true, ""r3c8"": true, ""r4c1"": true, ""r4c2"": true, ""r4c3"": true, ""r4c4"": true, ""r4c5"": true, ""r4c6"": true, ""r4c7"": true, ""r4c8"": true, ""r5c1"": true, ""r5c2"": true, ""r5c3"": true, ""r5c4"": true, ""r5c5"": true, ""r5c6"": true, ""r5c7"": true, ""r5c8"": true, ""r6c1"": true, ""r6c2"": true, ""r6c3"": true, ""r6c4"": true, ""r6c5"": true, ""r6c6"": true, ""r6c7"": true, ""r6c8"": true}",ON,21,Balanced,6,8,0.6618196070194244
2026-10-09 15:41:40,4,"[""r1c3"", ""r1c4"", ""r1c5"", ""r1c6"", ""r1c7"", ""r1c8"", ""r2c1"", ""r2c2"", ""r2c3"", ""r2c4"", ""r2c5"", ""r2c6"", ""r2c7"", ""r2c8"", ""r3c1"", ""r3c2"", ""r3c3"", ""r3c4"", ""r3c5"", ""r3c6"", ""r3c7"", ""r3c8"", ""r4c1"", ""r4c2"", ""r4c3"", ""r4c4"", ""r4c5"", ""r4c6"", ""r4c7"", ""r4c8"", ""r5c1"", ""r5c2"", ""r5c3"", ""r5c4"", ""r5c5"", ""r5c6"", ""r5c7"", ""r5c8"", ""r6c1"", ""r6c2"", ""r6c3"", ""r6c4"", ""r6c5"", ""r6c6"", ""r6c7"", ""r6c8""]","{""r1c1"": true, ""r1c2"": true, ""r1c3"": true, ""r1c4"": true, ""r1c5"": true, ""r1c6"": true, ""r1c7"": true, ""r1c8"": true, ""r2c1"": true, ""r2c2"": true, ""r2c3"": true, ""r2c4"": true, ""r2c5"": true, ""r2c6"": true, ""r2c7"": true, ""r2c8"": true, ""r3c1"": true, ""r3c2"": true, ""r3c3"": true, ""r3c4"": true, ""r3c5"": true, ""r3c6"": true, ""r3c7"": true, ""r3c8"": true, ""r4c1"": true, ""r4c2"": true, ""r4c3"": true, ""r4c4"": true, ""r4c5"": true, ""r4c6"": true, ""r4c7"": true, ""r4c8"": true, ""r5c1"": true, ""r5c2"": true, ""r5c3"": true, ""r5c4"": true, ""r5c5"": true, ""r5c6"": true, ""r5c7"": true, ""r5c8"": true, ""r6c1"": true, ""r6c2"": true, ""r6c3"": true, ""r6c4"": true, ""r6c5"": true, ""r6c6"": true, ""r6c7"": true, ""r6c8"": true}",ON,23,Balanced,6,8,0.7549439817667007
2026-10-09 15:41:40,5,"[""r1c3"", ""r1c4"", ""r1c5"", ""r1c6"", ""r1c7"", ""r1c8"", ""r2c1"", ""r2c2"", ""r2c3"", ""r2c4"", ""r2c5"", ""r2c6"", ""r2c7"", ""r2c8"", ""r3c1"", ""r3c2"", ""r3c3"", ""r3c4"", ""r3c5"", ""r3c6"", ""r3c7"", ""r3c8"", ""r4c1"", ""r4c2"", ""r4c3"", ""r4c4"", ""r4c5"", ""r4c6"", ""r4c7"", ""r4c8"", ""r5c1"", ""r5c2"", ""r5c3"", ""r5c4"", ""r5c5"", ""r5c6"", ""r5c7"", ""r5c8"", ""r6c1"", ""r6c2"", ""r6c3"", ""r6c4"", ""r6c5"", ""r6c6"", ""r6c7"", ""r6c8""]","{""r1c1"": true, ""r1c2"": true, ""r1c3"": true, ""r1c4"": true, ""r1c5"": true, ""r1c6"": true, ""r1c7"": true, ""r1c8"": true, ""r2c1"": true, ""r2c2"": true, ""r2c3"": true, ""r2c4"": true, ""r2c5"": true, ""r2c6"": true, ""r2c7"": true, ""r2c8"": true, ""r3c1"": true, ""r3c2"": true, ""r3c3"": true, ""r3c4"": true, ""r3c5"": true, ""r3c6"": true, ""r3c7"": true, ""r3c8"": true, ""r4c1"": true, ""r4c2"": true, ""r4c3"": true, ""r4c4"": true, ""r4c5"": true, ""r4c6"": true, ""r4c7"": true, ""r4c8"": true, ""r5c1"": true, ""r5c2"": true, ""r5c3"": true, ""r5c4"": true, ""r5c5"": true, ""r5c6"": true, ""r5c7"": true, ""r5c8"": true, ""r6c1"": true, ""r6c2"": true, ""r6c3"": true, ""r6c4"": true, ""r6c5"": true, ""r6c6"": true, ""r6c7"": true, ""r6c8"": true}",ON,21,Balanced,6,8,0.719912850856781
2026-10-09 15:41:40,4,"[""r1c3"", ""r1c4"", ""r1c5"", ""r1c6"", ""r1c7"", ""r1c8"", ""r2c1"", ""r2c2"", ""r2c3"", ""r2c4"", ""r2c5"", ""r2c6"", ""r2c7"", ""r2c8"", ""r3c1"", ""r3c2"", ""r3c3"", ""r3c4"", ""r3c5"", ""r3c6"", ""r3c7"", ""r3c8"", ""r4c1"", ""r4c2"", ""r4c3"", ""r4c4"", ""r4c5"", ""r4c6"", ""r4c7"", ""r4c8"", ""r5c1"", ""r5c2"", ""r5c3"", ""r5c4"", ""r5c5"", ""r5c6"", ""r5c7"", ""r5c8"", ""r6c1"", ""r6c2"", ""r6c3"", ""r6c4"", ""r6c5"", ""r6c6"", ""r6c7"", ""r6c8""]","{""r1c1"": true, ""r1c2"": true, ""r1c3"": true, ""r1c4"": true, ""r1c5"": true, ""r1c6"": true, ""r1c7"": true, ""r1c8"": true, ""r2c1"": true, ""r2c2"": true, ""r2c3"": true, ""r2c4"": true, ""r2c5"": true, ""r2c6"": true, ""r2c7"": true, ""r2c8"": true, ""r3c1"": true, ""r3c2"": true, ""r3c3"": true, ""r3c4"": true, ""r3c5"": true, ""r3c6"": true, ""r3c7"": true, ""r3c8"": true, ""r4c1"": true, ""r4c2"": true, ""r4c3"": true, ""r4c4"": true, ""r4c5"": true, ""r4c6"": true, ""r4c7"": true, ""r4c8"": true, ""r5c1"": true, ""r5c2"": true, ""r5c3"": true, ""r5c4"": true, ""r5c5"": true, ""r5c6"": true, ""r5c7"": true, ""r5c8"": true, ""r6c1"": true, ""r6c2"": true, ""r6c3"": true, ""r6c4"": true, ""r6c5"": true, ""r6c6"": true, ""r6c7"": true, ""r6c8"": true}",ON,23,Balanced,6,8,0.8359464704990387
2026-10-09 15:41:40,5,"[""r1c3"", ""r1c4"", ""r1c5"", ""r1c6"", ""r1c7"", ""r1c8"", ""r2c1"", ""r2c2"", ""r2c3"", ""r2c4"", ""r2c5"", ""r2c6"", ""r2c7"", ""r2c8"", ""r3c1"", ""r3c2"", ""r3c3"", ""r3c4"", ""r3c5"", ""r3c6"", ""r3c7"", ""r3c8"", ""r4c1"", ""r4c2"", ""r4c3"", ""r4c4"", ""r4c5"", ""r4c6"", ""r4c7"", ""r4c8"", ""r5c1"", ""r5c2"", ""r5c3"", ""r5c4"", ""r5c5"", ""r5c6"", ""r5c7"", ""r5c8"", ""r6c1"", ""r6c2"", ""r6c3"", ""r6c4"", ""r6c5"", ""r6c6"", ""r6c7"", ""r6c8""]","{""r1c1"": true, ""r1c2"": true, ""r1c3"": true, ""r1c4"": true, ""r1c5"": true, ""r1c6"": true, ""r1c7"": true, ""r1c8"": true, ""r2c1"": true, ""r2c2"": true, ""r2c3"": true, ""r2c4"": true, ""r2c5"": true, ""r2c6"": true, ""r2c7"": true, ""r2c8"": true, ""r3c1"": true, ""r3c2"": true, ""r3c3"": true, ""r3c4"": true, ""r3c5"": true, ""r3c6"": true, ""r3c7"": true, ""r3c8"": true, ""r4c1"": true, ""r4c2"": true, ""r4c3"": true, ""r4c4"": true, ""r4c5"": true, ""r4c6"": true, ""r4c7"": true, ""r4c8"": true, ""r5c1"": true, ""r5c2"": true, ""r5c3"": true, ""r5c4"": true, ""r5c5"": true, ""r5c6"": true, ""r5c7"": true, ""r5c8"": true, ""r6c1"": true, ""r6c2"": true, ""r6c3"": true, ""r6c4"": true, ""r6c5"": true, ""r6c6"": true, ""r6c7"": true, ""r6c8"": true}",ON,21,Balanced,6,8,0.7493533968925477
2026-10-09 15:41:41,5,"[""r1c2"", ""r1c3"", ""r1c4"", ""r1c5"", ""r1c6"", ""r1c7"", ""r2c1"", ""r2c2"", ""r2c3"", ""r2c4"", ""r2c5"", ""r2c6"", ""r2c7"", ""r2c8"", ""r3c1"", ""r3c2"", ""r3c3"", ""r3c4"", ""r3c5"", ""r3c6"", ""r3c7"", ""r3c8"", ""r4c1"", ""r4c2"", ""r4c3"", ""r4c4"", ""r4c5"", ""r4c6"", ""r4c7"", ""r4c8"", ""r5c1"", ""r5c2"", ""r5c3"", ""r5c4"", ""r5c5"", ""r5c6"", ""r5c7"", ""r5c8"", ""r6c1"", ""r6c2"", ""r6c3"", ""r6c4"", ""r6c5"", ""r6c6"", ""r6c7"", ""r6c8""]","{""r1c1"": false, ""r1c2"": true, ""r1c3"": true, ""r1c4"": true, ""r1c5"": true, ""r1c6"": true, ""r1c7"": true, ""r1c8"": true, ""r2c1"": true, ""r2c2"": true, ""r2c3"": true, ""r2c4"": true, ""r2c5"": true, ""r2c6"": true, ""r2c7"": true, ""r2c8"": true, ""r3c1"": true, ""r3c2"": true, ""r3c3"": true, ""r3c4"": true, ""r3c5"": true, ""r3c6"": true, ""r3c7"": true, ""r3c8"": true, ""r4c1"": true, ""r4c2"": true, ""r4c3"": true, ""r4c4"": true, ""r4c5"": true, ""r4c6"": true, ""r4c7"": true, ""r4c8"": true, ""r5c1"": true, ""r5c2"": true, ""r5c3"": true, ""r5c4"": true, ""r5c5"": true, ""r5c6"": true, ""r5c7"": true, ""r5c8"": true, ""r6c1"": true, ""r6c2"": true, ""r6c3"": true, ""r6c4"": true, ""r6c5"": true, ""r6c6"": true, ""r6c7"": true, ""r6c8"": true}",ON,21,Balanced,6,8,0.845746111869812
2026-10-09 15:41:44,4,"[""r1c2"", ""r1c3"", ""r1c4"", ""r1c5"", ""r1c6"", ""r1c7"", ""r1c8"", ""r2c2"", ""r2c3"", ""r2c4"", ""r2c5"", ""r2c6"", ""r2c7"", ""r2c8"", ""r3c1"", ""r3c2"", ""r3c3"", ""r3c4"", ""r3c5"", ""r3c6"", ""r3c7"", ""r3c8"", ""r4c1"", ""r4c2"", ""r4c3"", ""r4c4"", ""r4c5"", ""r4c6"", ""r4c7"", ""r4c8"", ""r5c1"", ""r5c2"", ""r5c3"", ""r5c4"", ""r5c5"", ""r5c6"", ""r5c7"", ""r5c8"", ""r6c1"", ""r6c2"", ""r6c3"", ""r6c4"", ""r6c5"", ""r6c6"", ""r6c7"", ""r6c8""]","{""r1c1"": false, ""r1c2"": true, ""r1c3"": true, ""r1c4"": true, ""r1c5"": true, ""r1c6"": true, ""r1c7"": true, ""r1c8"": true, ""r2c1"": true, ""r2c2"": true, ""r2c3"": true, ""r2c4"": true, ""r2c5"": true, ""r2c6"": true, ""r2c7"": true, ""r2c8"": true, ""r3c1"": true, ""r3c2"": true, ""r3c3"": true, ""r3c4"": true, ""r3c5"": true, ""r3c6"": true, ""r3c7"": true, ""r3c8"": true, ""r4c1"": true, ""r4c2"": true, ""r4c3"": true, ""r4c4"": true, ""r4c5"": true, ""r4c6"": true, ""r4c7"": true, ""r4c8"": true, ""r5c1"": true, ""r5c2"": true, ""r5c3"": true, ""r5c4"": true, ""r5c5"": true, ""r5c6"": true, ""r5c7"": true, ""r5c8"": true, ""r6c1"": true, ""r6c2"": true, ""r6c3"": true, ""r6c4"": true, ""r6c5"": true, ""r6c6"": true, ""r6c7"": true, ""r6c8"": true}",ON,23,Balanced,6,8,0.8772871345281601
2026-10-09 15:41:48,5,"[""r1c3"", ""r1c4"", ""r1c5"", ""r1c6"", ""r1c7"", ""r1c8"", ""r2c2"", ""r2c3"", ""r2c4"", ""r2c5"", ""r2c6"", ""r2c7"", ""r2c8"", ""r3c1"", ""r3c2"", ""r3c3"", ""r3c4"", ""r3c5"", ""r3c6"", ""r3c7"", ""r3c8"", ""r4c1"", ""r4c2"", ""r4c3"", ""r4c4"", ""r4c5"", ""r4c6"", ""r4c7"", ""r4c8"", ""r5c1"", ""r5c2"", ""r5c3"", ""r5c4"", ""r5c5"", ""r5c6"", ""r5c7"", ""r5c8"", ""r6c1"", ""r6c2"", ""r6c3"", ""r6c4"", ""r6c5"", ""r6c6"", ""r6c7"", ""r6c8""]","{""r1c1"": false, ""r1c2"": true, ""r1c3"": true, ""r1c4"": true, ""r1c5"": true, ""r1c6"": true, ""r1c7"": true, ""r1c8"": true, ""r2c1"": true, ""r2c2"": true, ""r2c3"": true, ""r2c4"": true, ""r2c5"": true, ""r2c6"": true, ""r2c7"": true, ""r2c8"": true, ""r3c1"": true, ""r3c2"": true, ""r3c3"": true, ""r3c4"": true, ""r3c5"": true, ""r3c6"": true, ""r3c7"": true, ""r3c8"": true, ""r4c1"": true, ""r4c2"": true, ""r4c3"": true, ""r4c4"": true, ""r4c5"": true, ""r4c6"": true, ""r4c7"": true, ""r4c8"": true, ""r5c1"": true, ""r5c2"": true, ""r5c3"": true, ""r5c4"": true, ""r5c5"": true, ""r5c6"": true, ""r5c7"": true, ""r5c8"": true, ""r6c1"": true, ""r6c2"": true, ""r6c3"": true, ""r6c4"": true, ""r6c5"": true, ""r6c6"": true, ""r6c7"": true, ""r6c8"": true}",ON,21,Balanced,6,8,0.7852500081062317
2026-10-09 15:41:48,4,"[""r1c2"", ""r1c3"", ""r1c4"", ""r1c5"", ""r1c6"", ""r1c7"", ""r1c8"", ""r2c2"", ""r2c3"", ""r2c4"", ""r2c5"", ""r2c6"", ""r2c7"", ""r2c8"", ""r3c1"", ""r3c2"", ""r3c3"", ""r3c4"", ""r3c5"", ""r3c6"", ""r3c7"", ""r3c8"", ""r4c1"", ""r4c2"", ""r4c3"", ""r4c4"", ""r4c5"", ""r4c6"", ""r4c7"", ""r4c8"", ""r5c1"", ""r5c2"", ""r5c3"", ""r5c4"", ""r5c5"", ""r5c6"", ""r5c7"", ""r5c8"", ""r6c1"", ""r6c2"", ""r6c3"", ""r6c4"", ""r6c5"", ""r6c6"", ""r6c7"", ""r6c8""]","{""r1c1"": false, ""r1c2"": true, ""r1c3"": true, ""r1c4"": true, ""r1c5"": true, ""r1c6"": true, ""r1c7"": true, ""r1c8"": true, ""r2c1"": true, ""r2c2"": true, ""r2c3"": true, ""r2c4"": true, ""r2c5"": true, ""r2c6"": true, ""r2c7"": true, ""r2c8"": true, ""r3c1"": true, ""r3c2"": true, ""r3c3"": true, ""r3c4"": true, ""r3c5"": true, ""r3c6"": true, ""r3c7"": true, ""r3c8"": true, ""r4c1"": true, ""r4c2"": true, ""r4c3"": true, ""r4c4"": true, ""r4c5"": true, ""r4c6"": true, ""r4c7"": true, ""r4c8"": true, ""r5c1"": true, ""r5c2"": true, ""r5c3"": true, ""r5c4"": true, ""r5c5"": true, ""r5c6"": true, ""r5c7"": true, ""r5c8"": true, ""r6c1"": true, ""r6c2"": true, ""r6c3"": true, ""r6c4"": true, ""r6c5"": true, ""r6c6"": true, ""r6c7"": true, ""r6c8"": true}",ON,23,Balanced,6,8,0.878061830997467
2026-10-09 15:41:52,4,"[""r1c3"", ""r1c4"", ""r1c5"", ""r1c6"", ""r1c7"", ""r1c8"", ""r2c2"", ""r2c3"", ""r2c4"", ""r2c5"", ""r2c6"", ""r2c7"", ""r2c8"", ""r3c1"", ""r3c2"", ""r3c3"", ""r3c4"", ""r3c5"", ""r3c6"", ""r3c7"", ""r3c8"", ""r4c1"", ""r4c2"", ""r4c3"", ""r4c4"", ""r4c5"", ""r4c6"", ""r4c7"", ""r4c8"", ""r5c1"", ""r5c2"", ""r5c3"", ""r5c4"", ""r5c5"", ""r5c6"", ""r5c7"", ""r5c8"", ""r6c1"", ""r6c2"", ""r6c3"", ""r6c4"", ""r6c5"", ""r6c6"", ""r6c7"", ""r6c8""]","{""r1c1"": false, ""r1c2"": true, ""r1c3"": true, ""r1c4"": true, ""r1c5"": true, ""r1c6"": true, ""r1c7"": true, ""r1c8"": true, ""r2c1"": false, ""r2c2"": true, ""r2c3"": true, ""r2c4"": true, ""r2c5"": true, ""r2c6"": true, ""r2c7"": true, ""r2c8"": true, ""r3c1"": true, ""r3c2"": true, ""r3c3"": true, ""r3c4"": true, ""r3c5"": true, ""r3c6"": true, ""r3c7"": true, ""r3c8"": true, ""r4c1"": true, ""r4c2"": true, ""r4c3"": true, ""r4c4"": true, ""r4c5"": true, ""r4c6"": true, ""r4c7"": true, ""r4c8"": true, ""r5c1"": true, ""r5c2"": true, ""r5c3"": true, ""r5c4"": true, ""r5c5"": true, ""r5c6"": true, ""r5c7"": true, ""r5c8"": true, ""r6c1"": true, ""r6c2"": true, ""r6c3"": true, ""r6c4"": true, ""r6c5"": true, ""r6c6"": true, ""r6c7"": true, ""r6c8"": true}",ON,23,Balanced,6,8,0.8958919495344162
2026-10-09 15:41:58,4,"[""r1c2"", ""r1c3"", ""r1c4"", ""r1c5"", ""r1c6"", ""r1c7"", ""r1c8"", ""r2c2"", ""r2c3"", ""r2c4"", ""r2c5"", ""r2c6"", ""r2c7"", ""r2c8"", ""r3c1"", ""r3c2"", ""r3c3"", ""r3c4"", ""r3c5"", ""r3c6"", ""r3c7"", ""r3c8"", ""r4c1"", ""r4c2"", ""r4c3"", ""r4c4"", ""r4c5"", ""r4c6"", ""r4c7"", ""r4c8"", ""r5c1"", ""r5c2"", ""r5c3"", ""r5c4"", ""r5c5"", ""r5c6"", ""r5c7"", ""r5c8"", ""r6c1"", ""r6c2"", ""r6c3"", ""r6c4"", ""r6c5"", ""r6c6"", ""r6c7"", ""r6c8""]","{""r1c1"": false, ""r1c2"": true, ""r1c3"": true, ""r1c4"": true, ""r1c5"": true, ""r1c6"": true, ""r1c7"": true, ""r1c8"": true, ""r2c1"": false, ""r2c2"": true, ""r2c3"": true, ""r2c4"": true, ""r2c5"": true, ""r2c6"": true, ""r2c7"": true, ""r2c8"": true, ""r3c1"": true, ""r3c2"": true, ""r3c3"": true, ""r3c4"": true, ""r3c5"": true, ""r3c6"": true, ""r3c7"": true, ""r3c8"": true, ""r4c1"": true, ""r4c2"": true, ""r4c3"": true, ""r4c4"": true, ""r4c5"": true, ""r4c6"": true, ""r4c7"": true, ""r4c8"": true, ""r5c1"": true, ""r5c2"": true, ""r5c3"": true, ""r5c4"": true, ""r5c5"": true, ""r5c6"": true, ""r5c7"": true, ""r5c8"": true, ""r6c1"": true, ""r6c2"": true, ""r6c3"": true, ""r6c4"": true, ""r6c5"": true, ""r6c6"": true, ""r6c7"": true, ""r6c8"": true}",ON,23,Balanced,6,8,0.9025407880544662
2026-10-09 15:42:03,4,"[""r1c3"", ""r1c4"", ""r1c5"", ""r1c6"", ""r1c7"", ""r1c8"", ""r2c2"", ""r2c3"", ""r2c4"", ""r2c5"", ""r2c6"", ""r2c7"", ""r2c8"", ""r3c1"", ""r3c2"", ""r3c3"", ""r3c4"", ""r3c5"", ""r3c6"", ""r3c7"", ""r3c8"", ""r4c1"", ""r4c2"", ""r4c3"", ""r4c4"", ""r4c5"", ""r4c6"", ""r4c7"", ""r4c8"", ""r5c1"", ""r5c2"", ""r5c3"", ""r5c4"", ""r5c5"", ""r5c6"", ""r5c7"", ""r5c8"", ""r6c1"", ""r6c2"", ""r6c3"", ""r6c4"", ""r6c5"", ""r6c6"", ""r6c7"", ""r6c8""]","{""r1c1"": false, ""r1c2"": true, ""r1c3"": true, ""r1c4"": true, ""r1c5"": true, ""r1c6"": true, ""r1c7"": true, ""r1c8"": true, ""r2c1"": false, ""r2c2"": true, ""r2c3"": true, ""r2c4"": true, ""r2c5"": true, ""r2c6"": true, ""r2c7"": true, ""r2c8"": true, ""r3c1"": true, ""r3c2"": true, ""r3c3"": true, ""r3c4"": true, ""r3c5"": true, ""r3c6"": true, ""r3c7"": true, ""r3c8"": true, ""r4c1"": true, ""r4c2"": true, ""r4c3"": true, ""r4c4"": true, ""r4c5"": true, ""r4c6"": true, ""r4c7"": true, ""r4c8"": true, ""r5c1"": true, ""r5c2"": true, ""r5c3"": true, ""r5c4"": true, ""r5c5"": true, ""r5c6"": true, ""r5c7"": true, ""r5c8"": true, ""r6c1"": true, ""r6c2"": true, ""r6c3"": true, ""r6c4"": true, ""r6c5"": true, ""r6c6"": true, ""r6c7"": true, ""r6c8"": true}",ON,23,Balanced,6,8,0.8944898247718811
2026-10-09 15:42:07,3,"[""r1c4"", ""r1c5"", ""r1c6"", ""r1c7"", ""r1c8"", ""r2c4"", ""r2c5"", ""r2c6"", ""r2c7"", ""r2c8"", ""r3c1"", ""r3c2"", ""r3c3"", ""r3c4"", ""r3c5"", ""r3c6"", ""r3c7"", ""r3c8"", ""r4c1"", ""r4c2"", ""r4c3"", ""r4c4"", ""r4c5"", ""r4c6"", ""r4c7"", ""r4c8"", ""r5c1"", ""r5c2"", ""r5c3"", ""r5c4"", ""r5c5"", ""r5c6"", ""r5c7"", ""r5c8"", ""r6c1"", ""r6c2"", ""r6c3"", ""r6c4"", ""r6c5"", ""r6c6"", ""r6c7""]","{""r1c1"": false, ""r1c2"": true, ""r1c3"": true, ""r1c4"": true, ""r1c5"": true, ""r1c6"": true, ""r1c7"": true, ""r1c8"": true, ""r2c1"": false, ""r2c2"": true, ""r2c3"": true, ""r2c4"": true, ""r2c5"": true, ""r2c6"": true, ""r2c7"": true, ""r2c8"": true, ""r3c1"": true, ""r3c2"": true, ""r3c3"": true, ""r3c4"": true, ""r3c5"": true, ""r3c6"": true, ""r3c7"": true, ""r3c8"": true, ""r4c1"": true, ""r4c2"": true, ""r4c3"": true, ""r4c4"": true, ""r4c5"": true, ""r4c6"": true, ""r4c7"": true, ""r4c8"": true, ""r5c1"": true, ""r5c2"": true, ""r5c3"": true, ""r5c4"": true, ""r5c5"": true, ""r5c6"": true, ""r5c7"": true, ""r5c8"": true, ""r6c1"": true, ""r6c2"": true, ""r6c3"": true, ""r6c4"": true, ""r6c5"": true, ""r6c6"": true, ""r6c7"": true, ""r6c8"": true}",ON,23,Balanced,6,8,0.9063775936762491
2026-10-09 15:42:07,4,"[""r1c4"", ""r1c5"", ""r1c6"", ""r1c7"", ""r1c8"", ""r2c4"", ""r2c5"", ""r2c6"", ""r2c7"", ""r2c8"", ""r3c1"", ""r3c2"", ""r3c3"", ""r3c4"", ""r3c5"", ""r3c6"", ""r3c7"", ""r3c8"", ""r4c1"", ""r4c2"", ""r4c3"", ""r4c4"", ""r4c5"", ""r4c6"", ""r4c7"", ""r4c8"", ""r5c1"", ""r5c2"", ""r5c3"", ""r5c4"", ""r5c5"", ""r5c6"", ""r5c7"", ""r5c8"", ""r6c1"", ""r6c2"", ""r6c3"", ""r6c4"", ""r6c5"", ""r6c6"", ""r6c7""]","{""r1c1"": false, ""r1c2"": true, ""r1c3"": true, ""r1c4"": true, ""r1c5"": true, ""r1c6"": true, ""r1c7"": true, ""r1c8"": true, ""r2c1"": false, ""r2c2"": true, ""r2c3"": true, ""r2c4"": true, ""r2c5"": true, ""r2c6"": true, ""r2c7"": true, ""r2c8"": true, ""r3c1"": true, ""r3c2"": true, ""r3c3"": true, ""r3c4"": true, ""r3c5"": true, ""r3c6"": true, ""r3c7"": true, ""r3c8"": true, ""r4c1"": true, ""r4c2"": true, ""r4c3"": true, ""r4c4"": true, ""r4c5"": true, ""r4c6"": true, ""r4c7"": true, ""r4c8"": true, ""r5c1"": true, ""r5c2"": true, ""r5c3"": true, ""r5c4"": true, ""r5c5"": true, ""r5c6"": true, ""r5c7"": true, ""r5c8"": true, ""r6c1"": true, ""r6c2"": true, ""r6c3"": true, ""r6c4"": true, ""r6c5"": true, ""r6c6"": true, ""r6c7"": true, ""r6c8"": true}",ON,23,Balanced,6,8,0.8218314349651337
2026-10-09 15:42:08,3,"[""r1c3"", ""r1c4"", ""r1c5"", ""r1c6"", ""r1c7"", ""r1c8"", ""r2c3"", ""r2c4"", ""r2c5"", ""r2c6"", ""r2c7"", ""r2c8"", ""r3c1"", ""r3c2"", ""r3c3"", ""r3c4"", ""r3c5"", ""r3c6"", ""r3c7"", ""r3c8"", ""r4c1"", ""r4c2"", ""r4c3"", ""r4c4"", ""r4c5"", ""r4c6"", ""r4c7"", ""r4c8"", ""r5c1"", ""r5c2"", ""r5c3"", ""r5c4"", ""r5c5"", ""r5c6"", ""r5c7"", ""r5c8"", ""r6c1"", ""r6c2"", ""r6c3"", ""r6c4"", ""r6c5"", ""r6c6"", ""r6c7"", ""r6c8""]","{""r1c1"": false, ""r1c2"": true, ""r1c3"": true, ""r1c4"": true, ""r1c5"": true, ""r1c6"": true, ""r1c7"": true, ""r1c8"": true, ""r2c1"": false, ""r2c2"": true, ""r2c3"": true, ""r2c4"": true, ""r2c5"": true, ""r2c6"": true, ""r2c7"": true, ""r2c8"": true, ""r3c1"": true, ""r3c2"": true, ""r3c3"": true, ""r3c4"": true, ""r3c5"": true, ""r3c6"": true, ""r3c7"": true, ""r3c8"": true, ""r4c1"": true, ""r4c2"": true, ""r4c3"": true, ""r4c4"": true, ""r4c5"": true, ""r4c6"": true, ""r4c7"": true, ""r4c8"": true, ""r5c1"": true, ""r5c2"": true, ""r5c3"": true, ""r5c4"": true, ""r5c5"": true, ""r5c6"": true, ""r5c7"": true, ""r5c8"": true, ""r6c1"": true, ""r6c2"": true, ""r6c3"": true, ""r6c4"": true, ""r6c5"": true, ""r6c6"": true, ""r6c7"": true, ""r6c8"": true}",ON,23,Balanced,6,8,0.7646565834681193
2026-10-09 15:42:08,4,"[""r1c2"", ""r1c3"", ""r1c4"", ""r1c5"", ""r1c6"", ""r1c7"", ""r1c8"", ""r2c2"", ""r2c3"", ""r2c4"", ""r2c5"", ""r2c6"", ""r2c7"", ""r2c8"", ""r3c1"", ""r3c2"", ""r3c3"", ""r3c4"", ""r3c5"", ""r3c6"", ""r3c7"", ""r3c8"", ""r4c1"", ""r4c2"", ""r4c3"", ""r4c4"", ""r4c5"", ""r4c6"", ""r4c7"", ""r4c8"", ""r5c1"", ""r5c2"", ""r5c3"", ""r5c4"", ""r5c5"", ""r5c6"", ""r5c7"", ""r5c8"", ""r6c1"", ""r6c2"", ""r6c3"", ""r6c4"", ""r6c5"", ""r6c6"", ""r6c7"", ""r6c8""]","{""r1c1"": false, ""r1c2"": true, ""r1c3"": true, ""r1c4"": true, ""r1c5"": true, ""r1c6"": true, ""r1c7"": true, ""r1c8"": true, ""r2c1"": false, ""r2c2"": true, ""r2c3"": true, ""r2c4"": true, ""r2c5"": true, ""r2c6"": true, ""r2c7"": true, ""r2c8"": true, ""r3c1"": true, ""r3c2"": true, ""r3c3"": true, ""r3c4"": true, ""r3c5"": true, ""r3c6"": true, ""r3c7"": true, ""r3c8"": true, ""r4c1"": true, ""r4c2"": true, ""r4c3"": true, ""r4c4"": true, ""r4c5"": true, ""r4c6"": true, ""r4c7"": true, ""r4c8"": true, ""r5c1"": true, ""r5c2"": true, ""r5c3"": true, ""r5c4"": true, ""r5c5"": true, ""r5c6"": true, ""r5c7"": true, ""r5c8"": true, ""r6c1"": true, ""r6c2"": true, ""r6c3"": true, ""r6c4"": true, ""r6c5"": true, ""r6c6"": true, ""r6c7"": true, ""r6c8"": true}",ON,23,Balanced,6,8,0.6895026415586472
2026-10-09 15:42:08,3,"[""r1c2"", ""r1c3"", ""r1c4"", ""r1c5"", ""r1c6"", ""r1c7"", ""r1c8"", ""r2c2"", ""r2c3"", ""r2c4"", ""r2c5"", ""r2c6"", ""r2c7"", ""r2c8"", ""r3c1"", ""r3c2"", ""r3c3"", ""r3c4"", ""r3c5"", ""r3c6"", ""r3c7"", ""r3c8"", ""r4c1"", ""r4c2"", ""r4c3"", ""r4c4"", ""r4c5"", ""r4c6"", ""r4c7"", ""r4c8"", ""r5c1"", ""r5c2"", ""r5c3"", ""r5c4"", ""r5c5"", ""r5c6"", ""r5c7"", ""r5c8"", ""r6c1"", ""r6c2"", ""r6c3"", ""r6c4"", ""r6c5"", ""r6c6"", ""r6c7"", ""r6c8""]","{""r1c1"": false, ""r1c2"": true, ""r1c3"": true, ""r1c4"": true, ""r1c5"": true, ""r1c6"": true, ""r1c7"": true, ""r1c8"": true, ""r2c1"": false, ""r2c2"": true, ""r2c3"": true, ""r2c4"": true, ""r2c5"": true, ""r2c6"": true, ""r2c7"": true, ""r2c8"": true, ""r3c1"": true, ""r3c2"": true, ""r3c3"": true, ""r3c4"": true, ""r3c5"": true, ""r3c6"": true, ""r3c7"": true, ""r3c8"": true, ""r4c1"": true, ""r4c2"": true, ""r4c3"": true, ""r4c4"": true, ""r4c5"": true, ""r4c6"": true, ""r4c7"": true, ""r4c8"": true, ""r5c1"": true, ""r5c2"": true, ""r5c3"": true, ""r5c4"": true, ""r5c5"": true, ""r5c6"": true, ""r5c7"": true, ""r5c8"": true, ""r6c1"": true, ""r6c2"": true, ""r6c3"": true, ""r6c4"": true, ""r6c5"": true, ""r6c6"": true, ""r6c7"": true, ""r6c8"": true}",ON,23,Balanced,6,8,0.7646328409512838
2026-10-09 15:42:08,2,"[""r1c2"", ""r1c3"", ""r1c4"", ""r1c5"", ""r1c6"", ""r1c7"", ""r1c8"", ""r2c2"", ""r2c3"", ""r2c4"", ""r2c5"", ""r2c6"", ""r2c7"", ""r2c8"", ""r3c1"", ""r3c2"", ""r3c3"", ""r3c4"", ""r3c5"", ""r3c6"", ""r3c7"", ""r3c8"", ""r4c1"", ""r4c2"", ""r4c3"", ""r4c4"", ""r4c5"", ""r4c6"", ""r4c7"", ""r4c8"", ""r5c1"", ""r5c2"", ""r5c3"", ""r5c4"", ""r5c5"", ""r5c6"", ""r5c7"", ""r5c8"", ""r6c1"", ""r6c2"", ""r6c3"", ""r6c4"", ""r6c5"", ""r6c6"", ""r6c7"", ""r6c8""]","{""r1c1"": false, ""r1c2"": true, ""r1c3"": true, ""r1c4"": true, ""r1c5"": true, ""r1c6"": true, ""r1c7"": true, ""r1c8"": true, ""r2c1"": false, ""r2c2"": true, ""r2c3"": true, ""r2c4"": true, ""r2c5"": true, ""r2c6"": true, ""r2c7"": true, ""r2c8"": true, ""r3c1"": true, ""r3c2"": true, ""r3c3"": true, ""r3c4"": true, ""r3c5"": true, ""r3c6"": true, ""r3c7"": true, ""r3c8"": true, ""r4c1"": true, ""r4c2"": true, ""r4c3"": true, ""r4c4"": true, ""r4c5"": true, ""r4c6"": true, ""r4c7"": true, ""r4c8"": true, ""r5c1"": true, ""r5c2"": true, ""r5c3"": true, ""r5c4"": true, ""r5c5"": true, ""r5c6"": true, ""r5c7"": true, ""r5c8"": true, ""r6c1"": true, ""r6c2"": true, ""r6c3"": true, ""r6c4"": true, ""r6c5"": true, ""r6c6"": true, ""r6c7"": true, ""r6c8"": true}",ON,23,Balanced,6,8,0.8864152729511261
2026-10-09 15:42:08,4,"[""r1c2"", ""r1c3"", ""r1c4"", ""r1c5"", ""r1c6"", ""r1c7"", ""r1c8"", ""r2c2"", ""r2c3"", ""r2c4"", ""r2c5"", ""r2c6"", ""r2c7"", ""r2c8"", ""r3c1"", ""r3c2"", ""r3c3"", ""r3c4"", ""r3c5"", ""r3c6"", ""r3c7"", ""r3c8"", ""r4c1"", ""r4c2"", ""r4c3"", ""r4c4"", ""r4c5"", ""r4c6"", ""r4c7"", ""r4c8"", ""r5c1"", ""r5c2"", ""r5c3"", ""r5c4"", ""r5c5"", ""r5c6"", ""r5c7"", ""r5c8"", ""r6c1"", ""r6c2"", ""r6c3"", ""r6c4"", ""r6c5"", ""r6c6"", ""r6c7"", ""r6c8""]","{""r1c1"": false, ""r1c2"": true, ""r1c3"": true, ""r1c4"": true, ""r1c5"": true, ""r1c6"": true, ""r1c7"": true, ""r1c8"": true, ""r2c1"": false, ""r2c2"": true, ""r2c3"": true, ""r2c4"": true, ""r2c5"": true, ""r2c6"": true, ""r2c7"": true, ""r2c8"": true, ""r3c1"": true, ""r3c2"": true, ""r3c3"": true, ""r3c4"": true, ""r3c5"": true, ""r3c6"": true, ""r3c7"": true, ""r3c8"": true, ""r4c1"": true, ""r4c2"": true, ""r4c3"": true, ""r4c4"": true, ""r4c5"": true, ""r4c6"": true, ""r4c7"": true, ""r4c8"": true, ""r5c1"": true, ""r5c2"": true, ""r5c3"": true, ""r5c4"": true, ""r5c5"": true, ""r5c6"": true, ""r5c7"": true, ""r5c8"": true, ""r6c1"": true, ""r6c2"": true, ""r6c3"": true, ""r6c4"": true, ""r6c5"": true, ""r6c6"": true, ""r6c7"": true, ""r6c8"": true}",ON,23,Balanced,6,8,0.6847541183233261
2026-10-09 15:42:08,3,"[""r1c2"", ""r1c3"", ""r1c4"", ""r1c5"", ""r1c6"", ""r1c7"", ""r1c8"", ""r2c2"", ""r2c3"", ""r2c4"", ""r2c5"", ""r2c6"", ""r2c7"", ""r2c8"", ""r3c1"", ""r3c2"", ""r3c3"", ""r3c4"", ""r3c5"", ""r3c6"", ""r3c7"", ""r3c8"", ""r4c1"", ""r4c2"", ""r4c3"", ""r4c4"", ""r4c5"", ""r4c6"", ""r4c7"", ""r4c8"", ""r5c1"", ""r5c2"", ""r5c3"", ""r5c4"", ""r5c5"", ""r5c6"", ""r5c7"", ""r5c8"", ""r6c1"", ""r6c2"", ""r6c3"", ""r6c4"", ""r6c5"", ""r6c6"", ""r6c7"", ""r6c8""]","{""r1c1"": false, ""r1c2"": true, ""r1c3"": true, ""r1c4"": true, ""r1c5"": true, ""r1c6"": true, ""r1c7"": true, ""r1c8"": true, ""r2c1"": false, ""r2c2"": true, ""r2c3"": true, ""r2c4"": true, ""r2c5"": true, ""r2c6"": true, ""r2c7"": true, ""r2c8"": true, ""r3c1"": true, ""r3c2"": true, ""r3c3"": true, ""r3c4"": true, ""r3c5"": true, ""r3c6"": true, ""r3c7"": true, ""r3c8"": true, ""r4c1"": true, ""r4c2"": true, ""r4c3"": true, ""r4c4"": true, ""r4c5"": true, ""r4c6"": true, ""r4c7"": true, ""r4c8"": true, ""r5c1"": true, ""r5c2"": true, ""r5c3"": true, ""r5c4"": true, ""r5c5"": true, ""r5c6"": true, ""r5c7"": true, ""r5c8"": true, ""r6c1"": true, ""r6c2"": true, ""r6c3"": true, ""r6c4"": true, ""r6c5"": true, ""r6c6"": true, ""r6c7"": true, ""r6c8"": true}",ON,23,Balanced,6,8,0.7470521132151285
2026-10-09 15:42:09,2,"[""r1c2"", ""r1c3"", ""r1c4"", ""r1c5"", ""r1c6"", ""r1c7"", ""r1c8"", ""r2c1"", ""r2c2"", ""r2c3"", ""r2c4"", ""r2c5"", ""r2c6"", ""r2c7"", ""r2c8"", ""r3c1"", ""r3c2"", ""r3c3"", ""r3c4"", ""r3c5"", ""r3c6"", ""r3c7"", ""r3c8"", ""r4c1"", ""r4c2"", ""r4c3"", ""r4c4"", ""r4c5"", ""r4c6"", ""r4c7"", ""r4c8"", ""r5c1"", ""r5c2"", ""r5c3"", ""r5c4"", ""r5c5"", ""r5c6"", ""r5c7"", ""r5c8"", ""r6c1"", ""r6c2"", ""r6c3"", ""r6c4"", ""r6c5"", ""r6c6"", ""r6c7"", ""r6c8""]","{""r1c1"": false, ""r1c2"": true, ""r1c3"": true, ""r1c4"": true, ""r1c5"": true, ""r1c6"": true, ""r1c7"": true, ""r1c8"": true, ""r2c1"": false, ""r2c2"": true, ""r2c3"": true, ""r2c4"": true, ""r2c5"": true, ""r2c6"": true, ""r2c7"": true, ""r2c8"": true, ""r3c1"": true, ""r3c2"": true, ""r3c3"": true, ""r3c4"": true, ""r3c5"": true, ""r3c6"": true, ""r3c7"": true, ""r3c8"": true, ""r4c1"": true, ""r4c2"": true, ""r4c3"": true, ""r4c4"": true, ""r4c5"": true, ""r4c6"": true, ""r4c7"": true, ""r4c8"": true, ""r5c1"": true, ""r5c2"": true, ""r5c3"": true, ""r5c4"": true, ""r5c5"": true, ""r5c6"": true, ""r5c7"": true, ""r5c8"": true, ""r6c1"": true, ""r6c2"": true, ""r6c3"": true, ""r6c4"": true, ""r6c5"": true, ""r6c6"": true, ""r6c7"": true, ""r6c8"": true}",ON,23,Balanced,6,8,0.878746747970581
2026-10-09 15:42:09,1,"[""r1c1"", ""r1c2"", ""r1c3"", ""r1c4"", ""r1c5"", ""r1c6"", ""r1c7"", ""r1c8"", ""r2c1"", ""r2c2"", ""r2c3"", ""r2c4"", ""r2c5"", ""r2c6"", ""r2c7"", ""r2c8"", ""r3c1"", ""r3c2"", ""r3c3"", ""r3c4"", ""r3c5"", ""r3c6"", ""r3c7"", ""r3c8"", ""r4c1"", ""r4c2"", ""r4c3"", ""r4c4"", ""r4c5"", ""r4c6"", ""r4c7"", ""r4c8"", ""r5c1"", ""r5c2"", ""r5c3"", ""r5c4"", ""r5c5"", ""r5c6"", ""r5c7"", ""r5c8"", ""r6c1"", ""r6c2"", ""r6c3"", ""r6c4"", ""r6c5"", ""r6c6"", ""r6c7"", ""r6c8""]","{""r1c1"": false, ""r1c2"": true, ""r1c3"": true, ""r1c4"": true, ""r1c5"": true, ""r1c6"": true, ""r1c7"": true, ""r1c8"": true, ""r2c1"": false, ""r2c2"": true, ""r2c3"": true, ""r2c4"": true, ""r2c5"": true, ""r2c6"": true, ""r2c7"": true, ""r2c8"": true, ""r3c1"": true, ""r3c2"": true, ""r3c3"": true, ""r3c4"": true, ""r3c5"": true, ""r3c6"": true, ""r3c7"": true, ""r3c8"": true, ""r4c1"": true, ""r4c2"": true, ""r4c3"": true, ""r4c4"": true, ""r4c5"": true, ""r4c6"": true, ""r4c7"": true, ""r4c8"": true, ""r5c1"": true, ""r5c2"": true, ""r5c3"": true, ""r5c4"": true, ""r5c5"": true, ""r5c6"": true, ""r5c7"": true, ""r5c8"": true, ""r6c1"": true, ""r6c2"": true, ""r6c3"": true, ""r6c4"": true, ""r6c5"": true, ""r6c6"": true, ""r6c7"": true, ""r6c8"": true}",ON,23,Balanced,6,8,0.9064102172851562
2026-10-09 15:42:14,0,[],"{""r1c1"": false, ""r1c2"": true, ""r1c3"": true, ""r1c4"": true, ""r1c5"": true, ""r1c6"": true, ""r1c7"": true, ""r1c8"": true, ""r2c1"": false, ""r2c2"": true, ""r2c3"": true, ""r2c4"": true, ""r2c5"": true, ""r2c6"": true, ""r2c7"": true, ""r2c8"": true, ""r3c1"": true, ""r3c2"": true, ""r3c3"": true, ""r3c4"": true, ""r3c5"": true, ""r3c6"": true, ""r3c7"": true, ""r3c8"": true, ""r4c1"": true, ""r4c2"": true, ""r4c3"": true, ""r4c4"": true, ""r4c5"": true, ""r4c6"": true, ""r4c7"": true, ""r4c8"": true, ""r5c1"": true, ""r5c2"": true, ""r5c3"": true, ""r5c4"": true, ""r5c5"": true, ""r5c6"": true, ""r5c7"": true, ""r5c8"": true, ""r6c1"": true, ""r6c2"": true, ""r6c3"": true, ""r6c4"": true, ""r6c5"": true, ""r6c6"": true, ""r6c7"": true, ""r6c8"": true}",OFF,26,Balanced,6,8,
2026-10-09 15:42:14,1,"[""r3c1"", ""r3c2"", ""r3c3"", ""r3c4"", ""r3c5"", ""r3c6"", ""r3c7"", ""r3c8"", ""r4c1"", ""r4c2"", ""r4c3"", ""r4c4"", ""r4c5"", ""r4c6"", ""r4c7"", ""r4c8"", ""r5c1"", ""r5c2"", ""r5c3"", ""r5c4"", ""r5c5"", ""r5c6"", ""r5c7"", ""r5c8"", ""r6c1"", ""r6c2"", ""r6c3"", ""r6c4"", ""r6c5"", ""r6c6"", ""r6c7"", ""r6c8""]","{""r1c1"": false, ""r1c2"": true, ""r1c3"": true, ""r1c4"": true, ""r1c5"": true, ""r1c6"": true, ""r1c7"": true, ""r1c8"": true, ""r2c1"": false, ""r2c2"": true, ""r2c3"": true, ""r2c4"": true, ""r2c5"": true, ""r2c6"": true, ""r2c7"": true, ""r2c8"": true, ""r3c1"": true, ""r3c2"": true, ""r3c3"": true, ""r3c4"": true, ""r3c5"": true, ""r3c6"": true, ""r3c7"": true, ""r3c8"": true, ""r4c1"": true, ""r4c2"": true, ""r4c3"": true, ""r4c4"": true, ""r4c5"": true, ""r4c6"": true, ""r4c7"": true, ""r4c8"": true, ""r5c1"": true, ""r5c2"": true, ""r5c3"": true, ""r5c4"": true, ""r5c5"": true, ""r5c6"": true, ""r5c7"": true, ""r5c8"": true, ""r6c1"": true, ""r6c2"": true, ""r6c3"": true, ""r6c4"": true, ""r6c5"": true, ""r6c6"": true, ""r6c7"": true, ""r6c8"": true}",ON,23,Balanced,6,8,0.5641710162162781
2026-10-09 15:42:14,0,[],"{""r1c1"": false, ""r1c2"": true, ""r1c3"": true, ""r1c4"": true, ""r1c5"": true, ""r1c6"": true, ""r1c7"": true, ""r1c8"": true, ""r2c1"": false, ""r2c2"": true, ""r2c3"": true, ""r2c4"": true, ""r2c5"": true, ""r2c6"": true, ""r2c7"": true, ""r2c8"": true, ""r3c1"": true, ""r3c2"": true, ""r3c3"": true, ""r3c4"": true, ""r3c5"": true, ""r3c6"": true, ""r3c7"": true, ""r3c8"": true, ""r4c1"": true, ""r4c2"": true, ""r4c3"": true, ""r4c4"": true, ""r4c5"": true, ""r4c6"": true, ""r4c7"": true, ""r4c8"": true, ""r5c1"": true, ""r5c2"": true, ""r5c3"": true, ""r5c4"": true, ""r5c5"": true, ""r5c6"": true, ""r5c7"": true, ""r5c8"": true, ""r6c1"": true, ""r6c2"": true, ""r6c3"": true, ""r6c4"": true, ""r6c5"": true, ""r6c6"": true, ""r6c7"": true, ""r6c8"": true}",OFF,26,Balanced,6,8,
2026-10-09 15:42:14,1,"[""r3c1"", ""r3c2"", ""r3c3"", ""r3c4"", ""r3c5"", ""r3c6"", ""r3c7"", ""r3c8"", ""r4c1"", ""r4c2"", ""r4c3"", ""r4c4"", ""r4c5"", ""r4c6"", ""r4c7"", ""r4c8"", ""r5c1"", ""r5c2"", ""r5c3"", ""r5c4"", ""r5c5"", ""r5c6"", ""r5c7"", ""r5c8"", ""r6c1"", ""r6c2"", ""r6c3"", ""r6c4"", ""r6c5"", ""r6c6"", ""r6c7"", ""r6c8""]","{""r1c1"": false, ""r1c2"": true, ""r1c3"": true, ""r1c4"": true, ""r1c5"": true, ""r1c6"": true, ""r1c7"": true, ""r1c8"": true, ""r2c1"": false, ""r2c2"": true, ""r2c3"": true, ""r2c4"": true, ""r2c5"": true, ""r2c6"": true, ""r2c7"": true, ""r2c8"": true, ""r3c1"": true, ""r3c2"": true, ""r3c3"": true, ""r3c4"": true, ""r3c5"": true, ""r3c6"": true, ""r3c7"": true, ""r3c8"": true, ""r4c1"": true, ""r4c2"": true, ""r4c3"": true, ""r4c4"": true, ""r4c5"": true, ""r4c6"": true, ""r4c7"": true, ""r4c8"": true, ""r5c1"": true, ""r5c2"": true, ""r5c3"": true, ""r5c4"": true, ""r5c5"": true, ""r5c6"": true, ""r5c7"": true, ""r5c8"": true, ""r6c1"": true, ""r6c2"": true, ""r6c3"": true, ""r6c4"": true, ""r6c5"": true, ""r6c6"": true, ""r6c7"": true, ""r6c8"": true}",ON,23,Balanced,6,8,0.5901411771774292
2026-10-09 15:42:15,0,[],"{""r1c1"": false, ""r1c2"": true, ""r1c3"": true, ""r1c4"": true, ""r1c5"": true, ""r1c6"": true, ""r1c7"": true, ""r1c8"": true, ""r2c1"": false, ""r2c2"": true, ""r2c3"": true, ""r2c4"": true, ""r2c5"": true, ""r2c6"": true, ""r2c7"": true, ""r2c8"": true, ""r3c1"": true, ""r3c2"": true, ""r3c3"": true, ""r3c4"": true, ""r3c5"": true, ""r3c6"": true, ""r3c7"": true, ""r3c8"": true, ""r4c1"": true, ""r4c2"": true, ""r4c3"": true, ""r4c4"": true, ""r4c5"": true, ""r4c6"": true, ""r4c7"": true, ""r4c8"": true, ""r5c1"": true, ""r5c2"": true, ""r5c3"": true, ""r5c4"": true, ""r5c5"": true, ""r5c6"": true, ""r5c7"": true, ""r5c8"": true, ""r6c1"": true, ""r6c2"": true, ""r6c3"": true, ""r6c4"": true, ""r6c5"": true, ""r6c6"": true, ""r6c7"": true, ""r6c8"": true}",OFF,26,Balanced,6,8,
2026-10-09 15:42:16,1,"[""r3c1"", ""r3c2"", ""r3c3"", ""r3c4"", ""r3c5"", ""r3c6"", ""r3c7"", ""r3c8"", ""r4c1"", ""r4c2"", ""r4c3"", ""r4c4"", ""r4c5"", ""r4c6"", ""r4c7"", ""r4c8"", ""r5c1"", ""r5c2"", ""r5c3"", ""r5c4"", ""r5c5"", ""r5c6"", ""r5c7"", ""r5c8"", ""r6c1"", ""r6c2"", ""r6c3"", ""r6c4"", ""r6c5"", ""r6c6"", ""r6c7"", ""r6c8""]","{""r1c1"": false, ""r1c2"": true, ""r1c3"": true, ""r1c4"": true, ""r1c5"": true, ""r1c6"": true, ""r1c7"": true, ""r1c8"": true, ""r2c1"": false, ""r2c2"": true, ""r2c3"": true, ""r2c4"": true, ""r2c5"": true, ""r2c6"": true, ""r2c7"": true, ""r2c8"": true, ""r3c1"": true, ""r3c2"": true, ""r3c3"": true, ""r3c4"": true, ""r3c5"": true, ""r3c6"": true, ""r3c7"": true, ""r3c8"": true, ""r4c1"": true, ""r4c2"": true, ""r4c3"": true, ""r4c4"": true, ""r4c5"": true, ""r4c6"": true, ""r4c7"": true, ""r4c8"": true, ""r5c1"": true, ""r5c2"": true, ""r5c3"": true, ""r5c4"": true, ""r5c5"": true, ""r5c6"": true, ""r5c7"": true, ""r5c8"": true, ""r6c1"": true, ""r6c2"": true, ""r6c3"": true, ""r6c4"": true, ""r6c5"": true, ""r6c6"": true, ""r6c7"": true, ""r6c8"": true}",ON,23,Balanced,6,8,0.5424044728279114
2026-10-09 15:42:16,0,[],"{""r1c1"": false, ""r1c2"": true, ""r1c3"": true, ""r1c4"": true, ""r1c5"": true, ""r1c6"": true, ""r1c7"": true, ""r1c8"": true, ""r2c1"": false, ""r2c2"": true, ""r2c3"": true, ""r2c4"": true, ""r2c5"": true, ""r2c6"": true, ""r2c7"": true, ""r2c8"": true, ""r3c1"": true, ""r3c2"": true, ""r3c3"": true, ""r3c4"": true, ""r3c5"": true, ""r3c6"": true, ""r3c7"": true, ""r3c8"": true, ""r4c1"": true, ""r4c2"": true, ""r4c3"": true, ""r4c4"": true, ""r4c5"": true, ""r4c6"": true, ""r4c7"": true, ""r4c8"": true, ""r5c1"": true, ""r5c2"": true, ""r5c3"": true, ""r5c4"": true, ""r5c5"": true, ""r5c6"": true, ""r5c7"": true, ""r5c8"": true, ""r6c1"": true, ""r6c2"": true, ""r6c3"": true, ""r6c4"": true, ""r6c5"": true, ""r6c6"": true, ""r6c7"": true, ""r6c8"": true}",OFF,26,Balanced,6,8,
2026-10-09 15:42:16,1,"[""r3c1"", ""r3c2"", ""r3c3"", ""r3c4"", ""r3c5"", ""r3c6"", ""r3c7"", ""r3c8"", ""r4c1"", ""r4c2"", ""r4c3"", ""r4c4"", ""r4c5"", ""r4c6"", ""r4c7"", ""r4c8"", ""r5c1"", ""r5c2"", ""r5c3"", ""r5c4"", ""r5c5"", ""r5c6"", ""r5c7"", ""r5c8"", ""r6c1"", ""r6c2"", ""r6c3"", ""r6c4"", ""r6c5"", ""r6c6"", ""r6c7"", ""r6c8""]","{""r1c1"": false, ""r1c2"": true, ""r1c3"": true, ""r1c4"": true, ""r1c5"": true, ""r1c6"": true, ""r1c7"": true, ""r1c8"": true, ""r2c1"": false, ""r2c2"": true, ""r2c3"": true, ""r2c4"": true, ""r2c5"": true, ""r2c6"": true, ""r2c7"": true, ""r2c8"": true, ""r3c1"": true, ""r3c2"": true, ""r3c3"": true, ""r3c4"": true, ""r3c5"": true, ""r3c6"": true, ""r3c7"": true, ""r3c8"": true, ""r4c1"": true, ""r4c2"": true, ""r4c3"": true, ""r4c4"": true, ""r4c5"": true, ""r4c6"": true, ""r4c7"": true, ""r4c8"": true, ""r5c1"": true, ""r5c2"": true, ""r5c3"": true, ""r5c4"": true, ""r5c5"": true, ""r5c6"": true, ""r5c7"": true, ""r5c8"": true, ""r6c1"": true, ""r6c2"": true, ""r6c3"": true, ""r6c4"": true, ""r6c5"": true, ""r6c6"": true, ""r6c7"": true, ""r6c8"": true}",ON,23,Balanced,6,8,0.46728143095970154
2026-10-09 15:42:16,0,[],"{""r1c1"": false, ""r1c2"": true, ""r1c3"": true, ""r1c4"": true, ""r1c5"": true, ""r1c6"": true, ""r1c7"": true, ""r1c8"": true, ""r2c1"": false, ""r2c2"": true, ""r2c3"": true, ""r2c4"": true, ""r2c5"": true, ""r2c6"": true, ""r2c7"": true, ""r2c8"": true, ""r3c1"": true, ""r3c2"": true, ""r3c3"": true, ""r3c4"": true, ""r3c5"": true, ""r3c6"": true, ""r3c7"": true, ""r3c8"": true, ""r4c1"": true, ""r4c2"": true, ""r4c3"": true, ""r4c4"": true, ""r4c5"": true, ""r4c6"": true, ""r4c7"": true, ""r4c8"": true, ""r5c1"": true, ""r5c2"": true, ""r5c3"": true, ""r5c4"": true, ""r5c5"": true, ""r5c6"": true, ""r5c7"": true, ""r5c8"": true, ""r6c1"": true, ""r6c2"": true, ""r6c3"": true, ""r6c4"": true, ""r6c5"": true, ""r6c6"": true, ""r6c7"": true, ""r6c8"": true}",OFF,26,Balanced,6,8,
2026-10-09 15:42:16,1,"[""r2c1"", ""r2c2"", ""r2c3"", ""r2c4"", ""r2c5"", ""r2c6"", ""r2c7"", ""r2c8"", ""r3c1"", ""r3c2"", ""r3c3"", ""r3c4"", ""r3c5"", ""r3c6"", ""r3c7"", ""r3c8"", ""r4c1"", ""r4c2"", ""r4c3"", ""r4c4"", ""r4c5"", ""r4c6"", ""r4c7"", ""r4c8"", ""r5c1"", ""r5c2"", ""r5c3"", ""r5c4"", ""r5c5"", ""r5c6"", ""r5c7"", ""r5c8"", ""r6c1"", ""r6c2"", ""r6c3"", ""r6c4"", ""r6c5"", ""r6c6"", ""r6c7"", ""r6c8""]","{""r1c1"": false, ""r1c2"": true, ""r1c3"": true, ""r1c4"": true, ""r1c5"": true, ""r1c6"": true, ""r1c7"": true, ""r1c8"": true, ""r2c1"": false, ""r2c2"": true, ""r2c3"": true, ""r2c4"": true, ""r2c5"": true, ""r2c6"": true, ""r2c7"": true, ""r2c8"": true, ""r3c1"": true, ""r3c2"": true, ""r3c3"": true, ""r3c4"": true, ""r3c5"": true, ""r3c6"": true, ""r3c7"": true, ""r3c8"": true, ""r4c1"": true, ""r4c2"": true, ""r4c3"": true, ""r4c4"": true, ""r4c5"": true, ""r4c6"": true, ""r4c7"": true, ""r4c8"": true, ""r5c1"": true, ""r5c2"": true, ""r5c3"": true, ""r5c4"": true, ""r5c5"": true, ""r5c6"": true, ""r5c7"": true, ""r5c8"": true, ""r6c1"": true, ""r6c2"": true, ""r6c3"": true, ""r6c4"": true, ""r6c5"": true, ""r6c6"": true, ""r6c7"": true, ""r6c8"": true}",ON,23,Balanced,6,8,0.523956835269928
2026-10-09 15:42:16,0,[],"{""r1c1"": false, ""r1c2"": true, ""r1c3"": true, ""r1c4"": true, ""r1c5"": true, ""r1c6"": true, ""r1c7"": true, ""r1c8"": true, ""r2c1"": false, ""r2c2"": true, ""r2c3"": true, ""r2c4"": true, ""r2c5"": true, ""r2c6"": true, ""r2c7"": true, ""r2c8"": true, ""r3c1"": true, ""r3c2"": true, ""r3c3"": true, ""r3c4"": true, ""r3c5"": true, ""r3c6"": true, ""r3c7"": true, ""r3c8"": true, ""r4c1"": true, ""r4c2"": true, ""r4c3"": true, ""r4c4"": true, ""r4c5"": true, ""r4c6"": true, ""r4c7"": true, ""r4c8"": true, ""r5c1"": true, ""r5c2"": true, ""r5c3"": true, ""r5c4"": true, ""r5c5"": true, ""r5c6"": true, ""r5c7"": true, ""r5c8"": true, ""r6c1"": true, ""r6c2"": true, ""r6c3"": true, ""r6c4"": true, ""r6c5"": true, ""r6c6"": true, ""r6c7"": true, ""r6c8"": true}",OFF,26,Balanced,6,8,
2026-10-09 15:42:16,1,"[""r1c1"", ""r1c2"", ""r1c3"", ""r1c4"", ""r1c5"", ""r1c6"", ""r1c7"", ""r1c8"", ""r2c1"", ""r2c2"", ""r2c3"", ""r2c4"", ""r2c5"", ""r2c6"", ""r2c7"", ""r2c8"", ""r3c1"", ""r3c2"", ""r3c3"", ""r3c4"", ""r3c5"", ""r3c6"", ""r3c7"", ""r3c8"", ""r4c1"", ""r4c2"", ""r4c3"", ""r4c4"", ""r4c5"", ""r4c6"", ""r4c7"", ""r4c8"", ""r5c1"", ""r5c2"", ""r5c3"", ""r5c4"", ""r5c5"", ""r5c6"", ""r5c7"", ""r5c8"", ""r6c1"", ""r6c2"", ""r6c3"", ""r6c4"", ""r6c5"", ""r6c6"", ""r6c7"", ""r6c8""]","{""r1c1"": false, ""r1c2"": true, ""r1c3"": true, ""r1c4"": true, ""r1c5"": true, ""r1c6"": true, ""r1c7"": true, ""r1c8"": true, ""r2c1"": false, ""r2c2"": true, ""r2c3"": true, ""r2c4"": true, ""r2c5"": true, ""r2c6"": true, ""r2c7"": true, ""r2c8"": true, ""r3c1"": true, ""r3c2"": true, ""r3c3"": true, ""r3c4"": true, ""r3c5"": true, ""r3c6"": true, ""r3c7"": true, ""r3c8"": true, ""r4c1"": true, ""r4c2"": true, ""r4c3"": true, ""r4c4"": true, ""r4c5"": true, ""r4c6"": true, ""r4c7"": true, ""r4c8"": true, ""r5c1"": true, ""r5c2"": true, ""r5c3"": true, ""r5c4"": true, ""r5c5"": true, ""r5c6"": true, ""r5c7"": true, ""r5c8"": true, ""r6c1"": true, ""r6c2"": true, ""r6c3"": true, ""r6c4"": true, ""r6c5"": true, ""r6c6"": true, ""r6c7"": true, ""r6c8"": true}",ON,23,Balanced,6,8,0.48377320170402527
2026-10-09 15:42:17,0,[],"{""r1c1"": false, ""r1c2"": true, ""r1c3"": true, ""r1c4"": true, ""r1c5"": true, ""r1c6"": true, ""r1c7"": true, ""r1c8"": true, ""r2c1"": false, ""r2c2"": true, ""r2c3"": true, ""r2c4"": true, ""r2c5"": true, ""r2c6"": true, ""r2c7"": true, ""r2c8"": true, ""r3c1"": true, ""r3c2"": true, ""r3c3"": true, ""r3c4"": true, ""r3c5"": true, ""r3c6"": true, ""r3c7"": true, ""r3c8"": true, ""r4c1"": true, ""r4c2"": true, ""r4c3"": true, ""r4c4"": true, ""r4c5"": true, ""r4c6"": true, ""r4c7"": true, ""r4c8"": true, ""r5c1"": true, ""r5c2"": true, ""r5c3"": true, ""r5c4"": true, ""r5c5"": true, ""r5c6"": true, ""r5c7"": true, ""r5c8"": true, ""r6c1"": true, ""r6c2"": true, ""r6c3"": true, ""r6c4"": true, ""r6c5"": true, ""r6c6"": true, ""r6c7"": true, ""r6c8"": true}",OFF,26,Balanced,6,8,
2026-10-09 15:42:17,1,"[""r2c1"", ""r2c2"", ""r2c3"", ""r2c4"", ""r2c5"", ""r2c6"", ""r2c7"", ""r2c8"", ""r3c1"", ""r3c2"", ""r3c3"", ""r3c4"", ""r3c5"", ""r3c6"", ""r3c7"", ""r3c8"", ""r4c1"", ""r4c2"", ""r4c3"", ""r4c4"", ""r4c5"", ""r4c6"", ""r4c7"", ""r4c8"", ""r5c1"", ""r5c2"", ""r5c3"", ""r5c4"", ""r5c5"", ""r5c6"", ""r5c7"", ""r5c8"", ""r6c1"", ""r6c2"", ""r6c3"", ""r6c4"", ""r6c5"", ""r6c6"", ""r6c7"", ""r6c8""]","{""r1c1"": false, ""r1c2"": true, ""r1c3"": true, ""r1c4"": true, ""r1c5"": true, ""r1c6"": true, ""r1c7"": true, ""r1c8"": true, ""r2c1"": false, ""r2c2"": true, ""r2c3"": true, ""r2c4"": true, ""r2c5"": true, ""r2c6"": true, ""r2c7"": true, ""r2c8"": true, ""r3c1"": true, ""r3c2"": true, ""r3c3"": true, ""r3c4"": true, ""r3c5"": true, ""r3c6"": true, ""r3c7"": true, ""r3c8"": true, ""r4c1"": true, ""r4c2"": true, ""r4c3"": true, ""r4c4"": true, ""r4c5"": true, ""r4c6"": true, ""r4c7"": true, ""r4c8"": true, ""r5c1"": true, ""r5c2"": true, ""r5c3"": true, ""r5c4"": true, ""r5c5"": true, ""r5c6"": true, ""r5c7"": true, ""r5c8"": true, ""r6c1"": true, ""r6c2"": true, ""r6c3"": true, ""r6c4"": true, ""r6c5"": true, ""r6c6"": true, ""r6c7"": true, ""r6c8"": true}",ON,23,Balanced,6,8,0.4735907018184662
2026-10-09 15:42:17,0,[],"{""r1c1"": false, ""r1c2"": true, ""r1c3"": true, ""r1c4"": true, ""r1c5"": true, ""r1c6"": true, ""r1c7"": true, ""r1c8"": true, ""r2c1"": false, ""r2c2"": true, ""r2c3"": true, ""r2c4"": true, ""r2c5"": true, ""r2c6"": true, ""r2c7"": true, ""r2c8"": true, ""r3c1"": true, ""r3c2"": true, ""r3c3"": true, ""r3c4"": true, ""r3c5"": true, ""r3c6"": true, ""r3c7"": true, ""r3c8"": true, ""r4c1"": true, ""r4c2"": true, ""r4c3"": true, ""r4c4"": true, ""r4c5"": true, ""r4c6"": true, ""r4c7"": true, ""r4c8"": true, ""r5c1"": true, ""r5c2"": true, ""r5c3"": true, ""r5c4"": true, ""r5c5"": true, ""r5c6"": true, ""r5c7"": true, ""r5c8"": true, ""r6c1"": true, ""r6c2"": true, ""r6c3"": true, ""r6c4"": true, ""r6c5"": true, ""r6c6"": true, ""r6c7"": true, ""r6c8"": true}",OFF,26,Balanced,6,8,
2026-10-09 15:42:17,1,"[""r2c1"", ""r2c2"", ""r2c3"", ""r2c4"", ""r2c5"", ""r2c6"", ""r2c7"", ""r2c8"", ""r3c1"", ""r3c2"", ""r3c3"", ""r3c4"", ""r3c5"", ""r3c6"", ""r3c7"", ""r3c8"", ""r4c1"", ""r4c2"", ""r4c3"", ""r4c4"", ""r4c5"", ""r4c6"", ""r4c7"", ""r4c8"", ""r5c1"", ""r5c2"", ""r5c3"", ""r5c4"", ""r5c5"", ""r5c6"", ""r5c7"", ""r5c8"", ""r6c1"", ""r6c2"", ""r6c3"", ""r6c4"", ""r6c5"", ""r6c6"", ""r6c7"", ""r6c8""]","{""r1c1"": false, ""r1c2"": true, ""r1c3"": true, ""r1c4"": true, ""r1c5"": true, ""r1c6"": true, ""r1c7"": true, ""r1c8"": true, ""r2c1"": false, ""r2c2"": true, ""r2c3"": true, ""r2c4"": true, ""r2c5"": true, ""r2c6"": true, ""r2c7"": true, ""r2c8"": true, ""r3c1"": true, ""r3c2"": true, ""r3c3"": true, ""r3c4"": true, ""r3c5"": true, ""r3c6"": true, ""r3c7"": true, ""r3c8"": true, ""r4c1"": true, ""r4c2"": true, ""r4c3"": true, ""r4c4"": true, ""r4c5"": true, ""r4c6"": true, ""r4c7"": true, ""r4c8"": true, ""r5c1"": true, ""r5c2"": true, ""r5c3"": true, ""r5c4"": true, ""r5c5"": true, ""r5c6"": true, ""r5c7"": true, ""r5c8"": true, ""r6c1"": true, ""r6c2"": true, ""r6c3"": true, ""r6c4"": true, ""r6c5"": true, ""r6c6"": true, ""r6c7"": true, ""r6c8"": true}",ON,23,Balanced,6,8,0.5646419525146484
2026-10-09 15:42:17,0,[],"{""r1c1"": false, ""r1c2"": true, ""r1c3"": true, ""r1c4"": true, ""r1c5"": true, ""r1c6"": true, ""r1c7"": true, ""r1c8"": true, ""r2c1"": false, ""r2c2"": true, ""r2c3"": true, ""r2c4"": true, ""r2c5"": true, ""r2c6"": true, ""r2c7"": true, ""r2c8"": true, ""r3c1"": true, ""r3c2"": true, ""r3c3"": true, ""r3c4"": true, ""r3c5"": true, ""r3c6"": true, ""r3c7"": true, ""r3c8"": true, ""r4c1"": true, ""r4c2"": true, ""r4c3"": true, ""r4c4"": true, ""r4c5"": true, ""r4c6"": true, ""r4c7"": true, ""r4c8"": true, ""r5c1"": true, ""r5c2"": true, ""r5c3"": true, ""r5c4"": true, ""r5c5"": true, ""r5c6"": true, ""r5c7"": true, ""r5c8"": true, ""r6c1"": true, ""r6c2"": true, ""r6c3"": true, ""r6c4"": true, ""r6c5"": true, ""r6c6"": true, ""r6c7"": true, ""r6c8"": true}",OFF,26,Balanced,6,8,
2026-10-09 15:42:17,1,"[""r1c1"", ""r1c2"", ""r1c3"", ""r1c4"", ""r1c5"", ""r1c6"", ""r1c7"", ""r1c8"", ""r2c1"", ""r2c2"", ""r2c3"", ""r2c4"", ""r2c5"", ""r2c6"", ""r2c7"", ""r2c8"", ""r3c1"", ""r3c2"", ""r3c3"", ""r3c4"", ""r3c5"", ""r3c6"", ""r3c7"", ""r3c8"", ""r4c1"", ""r4c2"", ""r4c3"", ""r4c4"", ""r4c5"", ""r4c6"", ""r4c7"", ""r4c8"", ""r5c1"", ""r5c2"", ""r5c3"", ""r5c4"", ""r5c5"", ""r5c6"", ""r5c7"", ""r5c8"", ""r6c1"", ""r6c2"", ""r6c3"", ""r6c4"", ""r6c5"", ""r6c6"", ""r6c7"", ""r6c8""]","{""r1c1"": false, ""r1c2"": true, ""r1c3"": true, ""r1c4"": true, ""r1c5"": true, ""r1c6"": true, ""r1c7"": true, ""r1c8"": true, ""r2c1"": false, ""r2c2"": true, ""r2c3"": true, ""r2c4"": true, ""r2c5"": true, ""r2c6"": true, ""r2c7"": true, ""r2c8"": true, ""r3c1"": true, ""r3c2"": true, ""r3c3"": true, ""r3c4"": true, ""r3c5"": true, ""r3c6"": true, ""r3c7"": true, ""r3c8"": true, ""r4c1"": true, ""r4c2"": true, ""r4c3"": true, ""r4c4"": true, ""r4c5"": true, ""r4c6"": true, ""r4c7"": true, ""r4c8"": true, ""r5c1"": true, ""r5c2"": true, ""r5c3"": true, ""r5c4"": true, ""r5c5"": true, ""r5c6"": true, ""r5c7"": true, ""r5c8"": true, ""r6c1"": true, ""r6c2"": true, ""r6c3"": true, ""r6c4"": true, ""r6c5"": true, ""r6c6"": true, ""r6c7"": true, ""r6c8"": true}",ON,23,Balanced,6,8,0.6033573150634766
2026-10-09 15:42:17,0,[],"{""r1c1"": false, ""r1c2"": true, ""r1c3"": true, ""r1c4"": true, ""r1c5"": true, ""r1c6"": true, ""r1c7"": true, ""r1c8"": true, ""r2c1"": false, ""r2c2"": true, ""r2c3"": true, ""r2c4"": true, ""r2c5"": true, ""r2c6"": true, ""r2c7"": true, ""r2c8"": true, ""r3c1"": true, ""r3c2"": true, ""r3c3"": true, ""r3c4"": true, ""r3c5"": true, ""r3c6"": true, ""r3c7"": true, ""r3c8"": true, ""r4c1"": true, ""r4c2"": true, ""r4c3"": true, ""r4c4"": true, ""r4c5"": true, ""r4c6"": true, ""r4c7"": true, ""r4c8"": true, ""r5c1"": true, ""r5c2"": true, ""r5c3"": true, ""r5c4"": true, ""r5c5"": true, ""r5c6"": true, ""r5c7"": true, ""r5c8"": true, ""r6c1"": true, ""r6c2"": true, ""r6c3"": true, ""r6c4"": true, ""r6c5"": true, ""r6c6"": true, ""r6c7"": true, ""r6c8"": true}",OFF,26,Balanced,6,8,
2026-10-09 15:42:18,1,"[""r1c1"", ""r1c2"", ""r1c3"", ""r1c4"", ""r1c5"", ""r1c6"", ""r1c7"", ""r1c8"", ""r2c1"", ""r2c2"", ""r2c3"", ""r2c4"", ""r2c5"", ""r2c6"", ""r2c7"", ""r2c8"", ""r3c1"", ""r3c2"", ""r3c3"", ""r3c4"", ""r3c5"", ""r3c6"", ""r3c7"", ""r3c8"", ""r4c1"", ""r4c2"", ""r4c3"", ""r4c4"", ""r4c5"", ""r4c6"", ""r4c7"", ""r4c8"", ""r5c1"", ""r5c2"", ""r5c3"", ""r5c4"", ""r5c5"", ""r5c6"", ""r5c7"", ""r5c8"", ""r6c1"", ""r6c2"", ""r6c3"", ""r6c4"", ""r6c5"", ""r6c6"", ""r6c7"", ""r6c8""]","{""r1c1"": false, ""r1c2"": true, ""r1c3"": true, ""r1c4"": true, ""r1c5"": true, ""r1c6"": true, ""r1c7"": true, ""r1c8"": true, ""r2c1"": false, ""r2c2"": true, ""r2c3"": true, ""r2c4"": true, ""r2c5"": true, ""r2c6"": true, ""r2c7"": true, ""r2c8"": true, ""r3c1"": true, ""r3c2"": true, ""r3c3"": true, ""r3c4"": true, ""r3c5"": true, ""r3c6"": true, ""r3c7"": true, ""r3c8"": true, ""r4c1"": true, ""r4c2"": true, ""r4c3"": true, ""r4c4"": true, ""r4c5"": true, ""r4c6"": true, ""r4c7"": true, ""r4c8"": true, ""r5c1"": true, ""r5c2"": true, ""r5c3"": true, ""r5c4"": true, ""r5c5"": true, ""r5c6"": true, ""r5c7"": true, ""r5c8"": true, ""r6c1"": true, ""r6c2"": true, ""r6c3"": true, ""r6c4"": true, ""r6c5"": true, ""r6c6"": true, ""r6c7"": true, ""r6c8"": true}",ON,23,Balanced,6,8,0.5947449803352356
2026-10-09 15:42:20,2,"[""r1c1"", ""r1c2"", ""r1c3"", ""r1c4"", ""r1c5"", ""r1c6"", ""r1c7"", ""r1c8"", ""r2c1"", ""r2c2"", ""r2c3"", ""r2c4"", ""r2c5"", ""r2c6"", ""r2c7"", ""r2c8"", ""r3c1"", ""r3c2"", ""r3c3"", ""r3c4"", ""r3c5"", ""r3c6"", ""r3c7"", ""r3c8"", ""r4c1"", ""r4c2"", ""r4c3"", ""r4c4"", ""r4c5"", ""r4c6"", ""r4c7"", ""r4c8"", ""r5c1"", ""r5c2"", ""r5c3"", ""r5c4"", ""r5c5"", ""r5c6"", ""r5c7"", ""r5c8"", ""r6c1"", ""r6c2"", ""r6c3"", ""r6c4"", ""r6c5"", ""r6c6"", ""r6c7"", ""r6c8""]","{""r1c1"": false, ""r1c2"": true, ""r1c3"": true, ""r1c4"": true, ""r1c5"": true, ""r1c6"": true, ""r1c7"": true, ""r1c8"": true, ""r2c1"": false, ""r2c2"": true, ""r2c3"": true, ""r2c4"": true, ""r2c5"": true, ""r2c6"": true, ""r2c7"": true, ""r2c8"": true, ""r3c1"": true, ""r3c2"": true, ""r3c3"": true, ""r3c4"": true, ""r3c5"": true, ""r3c6"": true, ""r3c7"": true, ""r3c8"": true, ""r4c1"": true, ""r4c2"": true, ""r4c3"": true, ""r4c4"": true, ""r4c5"": true, ""r4c6"": true, ""r4c7"": true, ""r4c8"": true, ""r5c1"": true, ""r5c2"": true, ""r5c3"": true, ""r5c4"": true, ""r5c5"": true, ""r5c6"": true, ""r5c7"": true, ""r5c8"": true, ""r6c1"": true, ""r6c2"": true, ""r6c3"": true, ""r6c4"": true, ""r6c5"": true, ""r6c6"": true, ""r6c7"": true, ""r6c8"": true}",ON,23,Balanced,6,8,0.882637619972229
2026-10-09 15:42:21,1,"[""r1c1"", ""r1c2"", ""r1c3"", ""r1c4"", ""r1c5"", ""r1c6"", ""r1c7"", ""r1c8"", ""r2c1"", ""r2c2"", ""r2c3"", ""r2c4"", ""r2c5"", ""r2c6"", ""r2c7"", ""r2c8"", ""r3c1"", ""r3c2"", ""r3c3"", ""r3c4"", ""r3c5"", ""r3c6"", ""r3c7"", ""r3c8"", ""r4c1"", ""r4c2"", ""r4c3"", ""r4c4"", ""r4c5"", ""r4c6"", ""r4c7"", ""r4c8"", ""r5c1"", ""r5c2"", ""r5c3"", ""r5c4"", ""r5c5"", ""r5c6"", ""r5c7"", ""r5c8"", ""r6c1"", ""r6c2"", ""r6c3"", ""r6c4"", ""r6c5"", ""r6c6"", ""r6c7"", ""r6c8""]","{""r1c1"": false, ""r1c2"": true, ""r1c3"": true, ""r1c4"": true, ""r1c5"": true, ""r1c6"": true, ""r1c7"": true, ""r1c8"": true, ""r2c1"": false, ""r2c2"": true, ""r2c3"": true, ""r2c4"": true, ""r2c5"": true, ""r2c6"": true, ""r2c7"": true, ""r2c8"": true, ""r3c1"": true, ""r3c2"": true, ""r3c3"": true, ""r3c4"": true, ""r3c5"": true, ""r3c6"": true, ""r3c7"": true, ""r3c8"": true, ""r4c1"": true, ""r4c2"": true, ""r4c3"": true, ""r4c4"": true, ""r4c5"": true, ""r4c6"": true, ""r4c7"": true, ""r4c8"": true, ""r5c1"": true, ""r5c2"": true, ""r5c3"": true, ""r5c4"": true, ""r5c5"": true, ""r5c6"": true, ""r5c7"": true, ""r5c8"": true, ""r6c1"": true, ""r6c2"": true, ""r6c3"": true, ""r6c4"": true, ""r6c5"": true, ""r6c6"": true, ""r6c7"": true, ""r6c8"": true}",ON,23,Balanced,6,8,0.8967881798744202
2026-10-09 15:42:21,2,"[""r1c1"", ""r1c2"", ""r1c3"", ""r1c4"", ""r1c5"", ""r1c6"", ""r1c7"", ""r1c8"", ""r2c1"", ""r2c2"", ""r2c3"", ""r2c4"", ""r2c5"", ""r2c6"", ""r2c7"", ""r2c8"", ""r3c1"", ""r3c2"", ""r3c3"", ""r3c4"", ""r3c5"", ""r3c6"", ""r3c7"", ""r3c8"", ""r4c1"", ""r4c2"", ""r4c3"", ""r4c4"", ""r4c5"", ""r4c6"", ""r4c7"", ""r4c8"", ""r5c1"", ""r5c2"", ""r5c3"", ""r5c4"", ""r5c5"", ""r5c6"", ""r5c7"", ""r5c8"", ""r6c1"", ""r6c2"", ""r6c3"", ""r6c4"", ""r6c5"", ""r6c6"", ""r6c7""]","{""r1c1"": false, ""r1c2"": true, ""r1c3"": true, ""r1c4"": true, ""r1c5"": true, ""r1c6"": true, ""r1c7"": true, ""r1c8"": true, ""r2c1"": false, ""r2c2"": true, ""r2c3"": true, ""r2c4"": true, ""r2c5"": true, ""r2c6"": true, ""r2c7"": true, ""r2c8"": true, ""r3c1"": true, ""r3c2"": true, ""r3c3"": true, ""r3c4"": true, ""r3c5"": true, ""r3c6"": true, ""r3c7"": true, ""r3c8"": true, ""r4c1"": true, ""r4c2"": true, ""r4c3"": true, ""r4c4"": true, ""r4c5"": true, ""r4c6"": true, ""r4c7"": true, ""r4c8"": true, ""r5c1"": true, ""r5c2"": true, ""r5c3"": true, ""r5c4"": true, ""r5c5"": true, ""r5c6"": true, ""r5c7"": true, ""r5c8"": true, ""r6c1"": true, ""r6c2"": true, ""r6c3"": true, ""r6c4"": true, ""r6c5"": true, ""r6c6"": true, ""r6c7"": true, ""r6c8"": true}",ON,23,Balanced,6,8,0.7840253412723541
2026-10-09 15:42:21,1,"[""r1c1"", ""r1c2"", ""r1c3"", ""r1c4"", ""r1c5"", ""r1c6"", ""r1c7"", ""r1c8"", ""r2c1"", ""r2c2"", ""r2c3"", ""r2c4"", ""r2c5"", ""r2c6"", ""r2c7"", ""r2c8"", ""r3c1"", ""r3c2"", ""r3c3"", ""r3c4"", ""r3c5"", ""r3c6"", ""r3c7"", ""r3c8"", ""r4c1"", ""r4c2"", ""r4c3"", ""r4c4"", ""r4c5"", ""r4c6"", ""r4c7"", ""r4c8"", ""r5c1"", ""r5c2"", ""r5c3"", ""r5c4"", ""r5c5"", ""r5c6"", ""r5c7"", ""r5c8"", ""r6c1"", ""r6c2"", ""r6c3"", ""r6c4"", ""r6c5"", ""r6c6"", ""r6c7""]","{""r1c1"": false, ""r1c2"": true, ""r1c3"": true, ""r1c4"": true, ""r1c5"": true, ""r1c6"": true, ""r1c7"": true, ""r1c8"": true, ""r2c1"": false, ""r2c2"": true, ""r2c3"": true, ""r2c4"": true, ""r2c5"": true, ""r2c6"": true, ""r2c7"": true, ""r2c8"": true, ""r3c1"": true, ""r3c2"": true, ""r3c3"": true, ""r3c4"": true, ""r3c5"": true, ""r3c6"": true, ""r3c7"": true, ""r3c8"": true, ""r4c1"": true, ""r4c2"": true, ""r4c3"": true, ""r4c4"": true, ""r4c5"": true, ""r4c6"": true, ""r4c7"": true, ""r4c8"": true, ""r5c1"": true, ""r5c2"": true, ""r5c3"": true, ""r5c4"": true, ""r5c5"": true, ""r5c6"": true, ""r5c7"": true, ""r5c8"": true, ""r6c1"": true, ""r6c2"": true, ""r6c3"": true, ""r6c4"": true, ""r6c5"": true, ""r6c6"": true, ""r6c7"": true, ""r6c8"": true}",ON,23,Balanced,6,8,0.8990461826324463
2026-10-09 15:42:21,2,"[""r1c1"", ""r1c2"", ""r1c3"", ""r1c4"", ""r1c5"", ""r1c6"", ""r1c7"", ""r2c1"", ""r2c2"", ""r2c3"", ""r2c4"", ""r2c5"", ""r2c6"", ""r2c7"", ""r3c1"", ""r3c2"", ""r3c3"", ""r3c4"", ""r3c5"", ""r3c6"", ""r3c7"", ""r4c1"", ""r4c2"", ""r4c3"", ""r4c4"", ""r4c5"", ""r4c6"", ""r4c7"", ""r5c1"", ""r5c2"", ""r5c3"", ""r5c4"", ""r5c5"", ""r5c6"", ""r5c7"", ""r6c1"", ""r6c2"", ""r6c3"", ""r6c4"", ""r6c5"", ""r6c6"", ""r6c7""]","{""r1c1"": false, ""r1c2"": true, ""r1c3"": true, ""r1c4"": true, ""r1c5"": true, ""r1c6"": true, ""r1c7"": true, ""r1c8"": true, ""r2c1"": false, ""r2c2"": true, ""r2c3"": true, ""r2c4"": true, ""r2c5"": true, ""r2c6"": true, ""r2c7"": true, ""r2c8"": true, ""r3c1"": true, ""r3c2"": true, ""r3c3"": true, ""r3c4"": true, ""r3c5"": true, ""r3c6"": true, ""r3c7"": true, ""r3c8"": true, ""r4c1"": true, ""r4c2"": true, ""r4c3"": true, ""r4c4"": true, ""r4c5"": true, ""r4c6"": true, ""r4c7"": true, ""r4c8"": true, ""r5c1"": true, ""r5c2"": true, ""r5c3"": true, ""r5c4"": true, ""r5c5"": true, ""r5c6"": true, ""r5c7"": true, ""r5c8"": true, ""r6c1"": true, ""r6c2"": true, ""r6c3"": true, ""r6c4"": true, ""r6c5"": true, ""r6c6"": true, ""r6c7"": true, ""r6c8"": true}",ON,23,Balanced,6,8,0.7201440334320068
2026-10-09 15:42:22,1,"[""r1c1"", ""r1c2"", ""r1c3"", ""r1c4"", ""r1c5"", ""r1c6"", ""r1c7"", ""r2c1"", ""r2c2"", ""r2c3"", ""r2c4"", ""r2c5"", ""r2c6"", ""r2c7"", ""r3c1"", ""r3c2"", ""r3c3"", ""r3c4"", ""r3c5"", ""r3c6"", ""r3c7"", ""r4c1"", ""r4c2"", ""r4c3"", ""r4c4"", ""r4c5"", ""r4c6"", ""r4c7"", ""r5c1"", ""r5c2"", ""r5c3"", ""r5c4"", ""r5c5"", ""r5c6"", ""r5c7"", ""r6c1"", ""r6c2"", ""r6c3"", ""r6c4"", ""r6c5"", ""r6c6"", ""r6c7""]","{""r1c1"": false, ""r1c2"": true, ""r1c3"": true, ""r1c4"": true, ""r1c5"": true, ""r1c6"": true, ""r1c7"": true, ""r1c8"": true, ""r2c1"": false, ""r2c2"": true, ""r2c3"": true, ""r2c4"": true, ""r2c5"": true, ""r2c6"": true, ""r2c7"": true, ""r2c8"": true, ""r3c1"": true, ""r3c2"": true, ""r3c3"": true, ""r3c4"": true, ""r3c5"": true, ""r3c6"": true, ""r3c7"": true, ""r3c8"": true, ""r4c1"": true, ""r4c2"": true, ""r4c3"": true, ""r4c4"": true, ""r4c5"": true, ""r4c6"": true, ""r4c7"": true, ""r4c8"": true, ""r5c1"": true, ""r5c2"": true, ""r5c3"": true, ""r5c4"": true, ""r5c5"": true, ""r5c6"": true, ""r5c7"": true, ""r5c8"": true, ""r6c1"": true, ""r6c2"": true, ""r6c3"": true, ""r6c4"": true, ""r6c5"": true, ""r6c6"": true, ""r6c7"": true, ""r6c8"": true}",ON,23,Balanced,6,8,0.9013397097587585
2026-10-09 15:42:23,2,"[""r3c1"", ""r3c2"", ""r3c3"", ""r3c4"", ""r4c1"", ""r4c2"", ""r4c3"", ""r4c4"", ""r4c5"", ""r4c6"", ""r5c1"", ""r5c2"", ""r5c3"", ""r5c4"", ""r5c5"", ""r5c6"", ""r6c1"", ""r6c2"", ""r6c3"", ""r6c4"", ""r6c5"", ""r6c6""]","{""r1c1"": false, ""r1c2"": true, ""r1c3"": true, ""r1c4"": true, ""r1c5"": true, ""r1c6"": true, ""r1c7"": true, ""r1c8"": true, ""r2c1"": false, ""r2c2"": true, ""r2c3"": true, ""r2c4"": true, ""r2c5"": true, ""r2c6"": true, ""r2c7"": true, ""r2c8"": true, ""r3c1"": true, ""r3c2"": true, ""r3c3"": true, ""r3c4"": true, ""r3c5"": true, ""r3c6"": true, ""r3c7"": true, ""r3c8"": true, ""r4c1"": true, ""r4c2"": true, ""r4c3"": true, ""r4c4"": true, ""r4c5"": true, ""r4c6"": true, ""r4c7"": true, ""r4c8"": true, ""r5c1"": true, ""r5c2"": true, ""r5c3"": true, ""r5c4"": true, ""r5c5"": true, ""r5c6"": true, ""r5c7"": true, ""r5c8"": true, ""r6c1"": true, ""r6c2"": true, ""r6c3"": true, ""r6c4"": true, ""r6c5"": true, ""r6c6"": true, ""r6c7"": true, ""r6c8"": true}",ON,23,Balanced,6,8,0.6837261021137238
2026-10-09 15:42:23,1,"[""r4c1"", ""r4c2"", ""r4c3"", ""r4c4"", ""r5c1"", ""r5c2"", ""r5c3"", ""r5c4"", ""r6c1"", ""r6c2"", ""r6c3"", ""r6c4""]","{""r1c1"": false, ""r1c2"": true, ""r1c3"": true, ""r1c4"": true, ""r1c5"": true, ""r1c6"": true, ""r1c7"": true, ""r1c8"": true, ""r2c1"": false, ""r2c2"": true, ""r2c3"": true, ""r2c4"": true, ""r2c5"": true, ""r2c6"": true, ""r2c7"": true, ""r2c8"": true, ""r3c1"": true, ""r3c2"": true, ""r3c3"": true, ""r3c4"": true, ""r3c5"": true, ""r3c6"": true, ""r3c7"": true, ""r3c8"": true, ""r4c1"": true, ""r4c2"": true, ""r4c3"": true, ""r4c4"": true, ""r4c5"": true, ""r4c6"": true, ""r4c7"": true, ""r4c8"": true, ""r5c1"": true, ""r5c2"": true, ""r5c3"": true, ""r5c4"": true, ""r5c5"": true, ""r5c6"": true, ""r5c7"": true, ""r5c8"": true, ""r6c1"": true, ""r6c2"": true, ""r6c3"": true, ""r6c4"": true, ""r6c5"": true, ""r6c6"": true, ""r6c7"": true, ""r6c8"": true}",ON,23,Balanced,6,8,0.829443633556366
2026-10-09 15:42:23,2,"[""r1c2"", ""r1c3"", ""r2c2"", ""r2c3"", ""r3c1"", ""r3c2"", ""r3c3"", ""r4c1"", ""r4c2"", ""r4c3"", ""r5c1"", ""r5c2"", ""r5c3"", ""r5c4"", ""r6c1"", ""r6c2"", ""r6c3"", ""r6c4""]","{""r1c1"": false, ""r1c2"": true, ""r1c3"": true, ""r1c4"": true, ""r1c5"": true, ""r1c6"": true, ""r1c7"": true, ""r1c8"": true, ""r2c1"": false, ""r2c2"": true, ""r2c3"": true, ""r2c4"": true, ""r2c5"": true, ""r2c6"": true, ""r2c7"": true, ""r2c8"": true, ""r3c1"": true, ""r3c2"": true, ""r3c3"": true, ""r3c4"": true, ""r3c5"": true, ""r3c6"": true, ""r3c7"": true, ""r3c8"": true, ""r4c1"": true, ""r4c2"": true, ""r4c3"": true, ""r4c4"": true, ""r4c5"": true, ""r4c6"": true, ""r4c7"": true, ""r4c8"": true, ""r5c1"": true, ""r5c2"": true, ""r5c3"": true, ""r5c4"": true, ""r5c5"": true, ""r5c6"": true, ""r5c7"": true, ""r5c8"": true, ""r6c1"": true, ""r6c2"": true, ""r6c3"": true, ""r6c4"": true, ""r6c5"": true, ""r6c6"": true, ""r6c7"": true, ""r6c8"": true}",ON,23,Balanced,6,8,0.818185955286026
2026-10-09 15:42:24,1,"[""r2c2"", ""r2c3"", ""r2c4"", ""r2c5"", ""r3c2"", ""r3c3"", ""r3c4"", ""r3c5"", ""r4c2"", ""r4c3"", ""r4c4"", ""r4c5"", ""r5c2"", ""r5c3"", ""r5c4"", ""r5c5""]","{""r1c1"": false, ""r1c2"": true, ""r1c3"": true, ""r1c4"": true, ""r1c5"": true, ""r1c6"": true, ""r1c7"": true, ""r1c8"": true, ""r2c1"": false, ""r2c2"": true, ""r2c3"": true, ""r2c4"": true, ""r2c5"": true, ""r2c6"": true, ""r2c7"": true, ""r2c8"": true, ""r3c1"": true, ""r3c2"": true, ""r3c3"": true, ""r3c4"": true, ""r3c5"": true, ""r3c6"": true, ""r3c7"": true, ""r3c8"": true, ""r4c1"": true, ""r4c2"": true, ""r4c3"": true, ""r4c4"": true, ""r4c5"": true, ""r4c6"": true, ""r4c7"": true, ""r4c8"": true, ""r5c1"": true, ""r5c2"": true, ""r5c3"": true, ""r5c4"": true, ""r5c5"": true, ""r5c6"": true, ""r5c7"": true, ""r5c8"": true, ""r6c1"": true, ""r6c2"": true, ""r6c3"": true, ""r6c4"": true, ""r6c5"": true, ""r6c6"": true, ""r6c7"": true, ""r6c8"": true}",ON,23,Balanced,6,8,0.4518466889858246
2026-10-09 15:42:24,2,"[""r3c2"", ""r3c3"", ""r3c4"", ""r3c5"", ""r4c3"", ""r4c4"", ""r4c5"", ""r5c2"", ""r5c3"", ""r5c4"", ""r5c5"", ""r6c2"", ""r6c3"", ""r6c4""]","{""r1c1"": false, ""r1c2"": true, ""r1c3"": true, ""r1c4"": true, ""r1c5"": true, ""r1c6"": true, ""r1c7"": true, ""r1c8"": true, ""r2c1"": false, ""r2c2"": true, ""r2c3"": true, ""r2c4"": true, ""r2c5"": true, ""r2c6"": true, ""r2c7"": true, ""r2c8"": true, ""r3c1"": true, ""r3c2"": true, ""r3c3"": true, ""r3c4"": true, ""r3c5"": true, ""r3c6"": true, ""r3c7"": true, ""r3c8"": true, ""r4c1"": true, ""r4c2"": true, ""r4c3"": true, ""r4c4"": true, ""r4c5"": true, ""r4c6"": true, ""r4c7"": true, ""r4c8"": true, ""r5c1"": true, ""r5c2"": true, ""r5c3"": true, ""r5c4"": true, ""r5c5"": true, ""r5c6"": true, ""r5c7"": true, ""r5c8"": true, ""r6c1"": true, ""r6c2"": true, ""r6c3"": true, ""r6c4"": true, ""r6c5"": true, ""r6c6"": true, ""r6c7"": true, ""r6c8"": true}",ON,23,Balanced,6,8,0.5778441280126572
2026-10-09 15:42:24,3,"[""r3c3"", ""r3c4"", ""r3c5"", ""r4c3"", ""r4c4"", ""r4c5"", ""r5c2"", ""r5c3"", ""r5c4"", ""r5c5"", ""r5c6"", ""r6c2"", ""r6c3"", ""r6c4"", ""r6c5"", ""r6c6""]","{""r1c1"": false, ""r1c2"": true, ""r1c3"": true, ""r1c4"": true, ""r1c5"": true, ""r1c6"": true, ""r1c7"": true, ""r1c8"": true, ""r2c1"": false, ""r2c2"": true, ""r2c3"": true, ""r2c4"": true, ""r2c5"": true, ""r2c6"": true, ""r2c7"": true, ""r2c8"": true, ""r3c1"": true, ""r3c2"": true, ""r3c3"": true, ""r3c4"": true, ""r3c5"": true, ""r3c6"": true, ""r3c7"": true, ""r3c8"": true, ""r4c1"": true, ""r4c2"": true, ""r4c3"": true, ""r4c4"": true, ""r4c5"": true, ""r4c6"": true, ""r4c7"": true, ""r4c8"": true, ""r5c1"": true, ""r5c2"": true, ""r5c3"": true, ""r5c4"": true, ""r5c5"": true, ""r5c6"": true, ""r5c7"": true, ""r5c8"": true, ""r6c1"": true, ""r6c2"": true, ""r6c3"": true, ""r6c4"": true, ""r6c5"": true, ""r6c6"": true, ""r6c7"": true, ""r6c8"": true}",ON,23,Balanced,6,8,0.7658799886703491
2026-10-09 15:42:24,4,"[""r2c3"", ""r2c4"", ""r3c3"", ""r3c4"", ""r3c5"", ""r3c6"", ""r4c3"", ""r4c4"", ""r4c5"", ""r4c6"", ""r5c2"", ""r5c3"", ""r5c4"", ""r5c5"", ""r5c6"", ""r6c2"", ""r6c3"", ""r6c4"", ""r6c5"", ""r6c6""]","{""r1c1"": false, ""r1c2"": true, ""r1c3"": true, ""r1c4"": true, ""r1c5"": true, ""r1c6"": true, ""r1c7"": true, ""r1c8"": true, ""r2c1"": false, ""r2c2"": true, ""r2c3"": true, ""r2c4"": true, ""r2c5"": true, ""r2c6"": true, ""r2c7"": true, ""r2c8"": true, ""r3c1"": true, ""r3c2"": true, ""r3c3"": true, ""r3c4"": true, ""r3c5"": true, ""r3c6"": true, ""r3c7"": true, ""r3c8"": true, ""r4c1"": true, ""r4c2"": true, ""r4c3"": true, ""r4c4"": true, ""r4c5"": true, ""r4c6"": true, ""r4c7"": true, ""r4c8"": true, ""r5c1"": true, ""r5c2"": true, ""r5c3"": true, ""r5c4"": true, ""r5c5"": true, ""r5c6"": true, ""r5c7"": true, ""r5c8"": true, ""r6c1"": true, ""r6c2"": true, ""r6c3"": true, ""r6c4"": true, ""r6c5"": true, ""r6c6"": true, ""r6c7"": true, ""r6c8"": true}",ON,23,Balanced,6,8,0.7001243531703949
2026-10-09 15:42:25,3,"[""r2c3"", ""r2c4"", ""r2c5"", ""r3c3"", ""r3c4"", ""r3c5"", ""r4c1"", ""r4c2"", ""r4c3"", ""r4c4"", ""r4c5"", ""r4c6"", ""r5c2"", ""r5c3"", ""r5c4"", ""r5c5"", ""r5c6"", ""r6c2"", ""r6c3"", ""r6c4"", ""r6c5"", ""r6c6""]","{""r1c1"": false, ""r1c2"": true, ""r1c3"": true, ""r1c4"": true, ""r1c5"": true, ""r1c6"": true, ""r1c7"": true, ""r1c8"": true, ""r2c1"": false, ""r2c2"": true, ""r2c3"": true, ""r2c4"": true, ""r2c5"": true, ""r2c6"": true, ""r2c7"": true, ""r2c8"": true, ""r3c1"": true, ""r3c2"": true, ""r3c3"": true, ""r3c4"": true, ""r3c5"": true, ""r3c6"": true, ""r3c7"": true, ""r3c8"": true, ""r4c1"": true, ""r4c2"": true, ""r4c3"": true, ""r4c4"": true, ""r4c5"": true, ""r4c6"": true, ""r4c7"": true, ""r4c8"": true, ""r5c1"": true, ""r5c2"": true, ""r5c3"": true, ""r5c4"": true, ""r5c5"": true, ""r5c6"": true, ""r5c7"": true, ""r5c8"": true, ""r6c1"": true, ""r6c2"": true, ""r6c3"": true, ""r6c4"": true, ""r6c5"": true, ""r6c6"": true, ""r6c7"": true, ""r6c8"": true}",ON,23,Balanced,6,8,0.8037595947583517
2026-10-09 15:42:25,5,"[""r2c3"", ""r2c4"", ""r2c5"", ""r2c6"", ""r3c3"", ""r3c4"", ""r3c5"", ""r3c6"", ""r4c2"", ""r4c3"", ""r4c4"", ""r4c5"", ""r4c6"", ""r5c2"", ""r5c3"", ""r5c4"", ""r5c5"", ""r5c6"", ""r6c2"", ""r6c3"", ""r6c4"", ""r6c5"", ""r6c6"", ""r6c8""]","{""r1c1"": false, ""r1c2"": true, ""r1c3"": true, ""r1c4"": true, ""r1c5"": true, ""r1c6"": true, ""r1c7"": true, ""r1c8"": true, ""r2c1"": false, ""r2c2"": true, ""r2c3"": true, ""r2c4"": true, ""r2c5"": true, ""r2c6"": true, ""r2c7"": true, ""r2c8"": true, ""r3c1"": true, ""r3c2"": true, ""r3c3"": true, ""r3c4"": true, ""r3c5"": true, ""r3c6"": true, ""r3c7"": true, ""r3c8"": true, ""r4c1"": true, ""r4c2"": true, ""r4c3"": true, ""r4c4"": true, ""r4c5"": true, ""r4c6"": true, ""r4c7"": true, ""r4c8"": true, ""r5c1"": true, ""r5c2"": true, ""r5c3"": true, ""r5c4"": true, ""r5c5"": true, ""r5c6"": true, ""r5c7"": true, ""r5c8"": true, ""r6c1"": true, ""r6c2"": true, ""r6c3"": true, ""r6c4"": true, ""r6c5"": true, ""r6c6"": true, ""r6c7"": true, ""r6c8"": true}",ON,21,Balanced,6,8,0.7352331042289734
2026-10-09 15:42:25,4,"[""r2c3"", ""r2c4"", ""r2c5"", ""r2c6"", ""r3c3"", ""r3c4"", ""r3c5"", ""r3c6"", ""r4c2"", ""r4c3"", ""r4c4"", ""r4c5"", ""r4c6"", ""r5c2"", ""r5c3"", ""r5c4"", ""r5c5"", ""r5c6"", ""r6c2"", ""r6c3"", ""r6c4"", ""r6c5"", ""r6c6""]","{""r1c1"": false, ""r1c2"": true, ""r1c3"": true, ""r1c4"": true, ""r1c5"": true, ""r1c6"": true, ""r1c7"": true, ""r1c8"": true, ""r2c1"": false, ""r2c2"": true, ""r2c3"": true, ""r2c4"": true, ""r2c5"": true, ""r2c6"": true, ""r2c7"": true, ""r2c8"": true, ""r3c1"": true, ""r3c2"": true, ""r3c3"": true, ""r3c4"": true, ""r3c5"": true, ""r3c6"": true, ""r3c7"": true, ""r3c8"": true, ""r4c1"": true, ""r4c2"": true, ""r4c3"": true, ""r4c4"": true, ""r4c5"": true, ""r4c6"": true, ""r4c7"": true, ""r4c8"": true, ""r5c1"": true, ""r5c2"": true, ""r5c3"": true, ""r5c4"": true, ""r5c5"": true, ""r5c6"": true, ""r5c7"": true, ""r5c8"": true, ""r6c1"": true, ""r6c2"": true, ""r6c3"": true, ""r6c4"": true, ""r6c5"": true, ""r6c6"": true, ""r6c7"": true, ""r6c8"": true}",ON,23,Balanced,6,8,0.78127820789814
2026-10-09 15:42:25,3,"[""r3c3"", ""r3c4"", ""r3c5"", ""r4c3"", ""r4c4"", ""r4c5"", ""r5c2"", ""r5c3"", ""r5c4"", ""r5c5"", ""r5c6"", ""r6c2"", ""r6c3"", ""r6c4"", ""r6c5"", ""r6c6""]","{""r1c1"": false, ""r1c2"": true, ""r1c3"": true, ""r1c4"": true, ""r1c5"": true, ""r1c6"": true, ""r1c7"": true, ""r1c8"": true, ""r2c1"": false, ""r2c2"": true, ""r2c3"": true, ""r2c4"": true, ""r2c5"": true, ""r2c6"": true, ""r2c7"": true, ""r2c8"": true, ""r3c1"": true, ""r3c2"": true, ""r3c3"": true, ""r3c4"": true, ""r3c5"": true, ""r3c6"": true, ""r3c7"": true, ""r3c8"": true, ""r4c1"": true, ""r4c2"": true, ""r4c3"": true, ""r4c4"": true, ""r4c5"": true, ""r4c6"": true, ""r4c7"": true, ""r4c8"": true, ""r5c1"": true, ""r5c2"": true, ""r5c3"": true, ""r5c4"": true, ""r5c5"": true, ""r5c6"": true, ""r5c7"": true, ""r5c8"": true, ""r6c1"": true, ""r6c2"": true, ""r6c3"": true, ""r6c4"": true, ""r6c5"": true, ""r6c6"": true, ""r6c7"": true, ""r6c8"": true}",ON,23,Balanced,6,8,0.746614674727122
2026-10-09 15:42:25,4,"[""r3c3"", ""r3c4"", ""r3c5"", ""r4c3"", ""r4c4"", ""r4c5"", ""r5c2"", ""r5c3"", ""r5c4"", ""r5c5"", ""r5c6"", ""r6c2"", ""r6c3"", ""r6c4"", ""r6c5"", ""r6c6""]","{""r1c1"": false, ""r1c2"": true, ""r1c3"": true, ""r1c4"": true, ""r1c5"": true, ""r1c6"": true, ""r1c7"": true, ""r1c8"": true, ""r2c1"": false, ""r2c2"": true, ""r2c3"": true, ""r2c4"": true, ""r2c5"": true, ""r2c6"": true, ""r2c7"": true, ""r2c8"": true, ""r3c1"": true, ""r3c2"": true, ""r3c3"": true, ""r3c4"": true, ""r3c5"": true, ""r3c6"": true, ""r3c7"": true, ""r3c8"": true, ""r4c1"": true, ""r4c2"": true, ""r4c3"": true, ""r4c4"": true, ""r4c5"": true, ""r4c6"": true, ""r4c7"": true, ""r4c8"": true, ""r5c1"": true, ""r5c2"": true, ""r5c3"": true, ""r5c4"": true, ""r5c5"": true, ""r5c6"": true, ""r5c7"": true, ""r5c8"": true, ""r6c1"": true, ""r6c2"": true, ""r6c3"": true, ""r6c4"": true, ""r6c5"": true, ""r6c6"": true, ""r6c7"": true, ""r6c8"": true}",ON,23,Balanced,6,8,0.7330861836671829
2026-10-09 15:42:26,5,"[""r2c2"", ""r2c3"", ""r3c2"", ""r3c3"", ""r3c4"", ""r3c5"", ""r4c3"", ""r4c4"", ""r4c5"", ""r5c2"", ""r5c3"", ""r5c4"", ""r5c5"", ""r5c6"", ""r6c2"", ""r6c3"", ""r6c4"", ""r6c5"", ""r6c6"", ""r6c8""]","{""r1c1"": false, ""r1c2"": true, ""r1c3"": true, ""r1c4"": true, ""r1c5"": true, ""r1c6"": true, ""r1c7"": true, ""r1c8"": true, ""r2c1"": false, ""r2c2"": true, ""r2c3"": true, ""r2c4"": true, ""r2c5"": true, ""r2c6"": true, ""r2c7"": true, ""r2c8"": true, ""r3c1"": true, ""r3c2"": true, ""r3c3"": true, ""r3c4"": true, ""r3c5"": true, ""r3c6"": true, ""r3c7"": true, ""r3c8"": true, ""r4c1"": true, ""r4c2"": true, ""r4c3"": true, ""r4c4"": true, ""r4c5"": true, ""r4c6"": true, ""r4c7"": true, ""r4c8"": true, ""r5c1"": true, ""r5c2"": true, ""r5c3"": true, ""r5c4"": true, ""r5c5"": true, ""r5c6"": true, ""r5c7"": true, ""r5c8"": true, ""r6c1"": true, ""r6c2"": true, ""r6c3"": true, ""r6c4"": true, ""r6c5"": true, ""r6c6"": true, ""r6c7"": true, ""r6c8"": true}",ON,21,Balanced,6,8,0.7462616086006164
2026-10-09 15:42:26,3,"[""r3c3"", ""r3c4"", ""r3c5"", ""r4c3"", ""r4c4"", ""r4c5"", ""r5c2"", ""r5c3"", ""r5c4"", ""r5c5"", ""r5c6"", ""r6c2"", ""r6c3"", ""r6c4"", ""r6c5""]","{""r1c1"": false, ""r1c2"": true, ""r1c3"": true, ""r1c4"": true, ""r1c5"": true, ""r1c6"": true, ""r1c7"": true, ""r1c8"": true, ""r2c1"": false, ""r2c2"": true, ""r2c3"": true, ""r2c4"": true, ""r2c5"": true, ""r2c6"": true, ""r2c7"": true, ""r2c8"": true, ""r3c1"": true, ""r3c2"": true, ""r3c3"": true, ""r3c4"": true, ""r3c5"": true, ""r3c6"": true, ""r3c7"": true, ""r3c8"": true, ""r4c1"": true, ""r4c2"": true, ""r4c3"": true, ""r4c4"": true, ""r4c5"": true, ""r4c6"": true, ""r4c7"": true, ""r4c8"": true, ""r5c1"": true, ""r5c2"": true, ""r5c3"": true, ""r5c4"": true, ""r5c5"": true, ""r5c6"": true, ""r5c7"": true, ""r5c8"": true, ""r6c1"": true, ""r6c2"": true, ""r6c3"": true, ""r6c4"": true, ""r6c5"": true, ""r6c6"": true, ""r6c7"": true, ""r6c8"": true}",ON,23,Balanced,6,8,0.764979362487793
2026-10-09 15:42:26,4,"[""r3c2"", ""r3c3"", ""r3c4"", ""r3c5"", ""r4c3"", ""r4c4"", ""r4c5"", ""r5c2"", ""r5c3"", ""r5c4"", ""r5c5"", ""r5c6"", ""r6c2"", ""r6c3"", ""r6c4"", ""r6c5""]","{""r1c1"": false, ""r1c2"": true, ""r1c3"": true, ""r1c4"": true, ""r1c5"": true, ""r1c6"": true, ""r1c7"": true, ""r1c8"": true, ""r2c1"": false, ""r2c2"": true, ""r2c3"": true, ""r2c4"": true, ""r2c5"": true, ""r2c6"": true, ""r2c7"": true, ""r2c8"": true, ""r3c1"": true, ""r3c2"": true, ""r3c3"": true, ""r3c4"": true, ""r3c5"": true, ""r3c6"": true, ""r3c7"": true, ""r3c8"": true, ""r4c1"": true, ""r4c2"": true, ""r4c3"": true, ""r4c4"": true, ""r4c5"": true, ""r4c6"": true, ""r4c7"": true, ""r4c8"": true, ""r5c1"": true, ""r5c2"": true, ""r5c3"": true, ""r5c4"": true, ""r5c5"": true, ""r5c6"": true, ""r5c7"": true, ""r5c8"": true, ""r6c1"": true, ""r6c2"": true, ""r6c3"": true, ""r6c4"": true, ""r6c5"": true, ""r6c6"": true, ""r6c7"": true, ""r6c8"": true}",ON,23,Balanced,6,8,0.7327684462070465
2026-10-09 15:42:26,5,"[""r3c2"", ""r3c3"", ""r3c4"", ""r3c5"", ""r4c2"", ""r4c3"", ""r4c4"", ""r4c5"", ""r5c2"", ""r5c3"", ""r5c4"", ""r5c5"", ""r6c2"", ""r6c3"", ""r6c4"", ""r6c5"", ""r6c7"", ""r6c8""]","{""r1c1"": false, ""r1c2"": true, ""r1c3"": true, ""r1c4"": true, ""r1c5"": true, ""r1c6"": true, ""r1c7"": true, ""r1c8"": true, ""r2c1"": false, ""r2c2"": true, ""r2c3"": true, ""r2c4"": true, ""r2c5"": true, ""r2c6"": true, ""r2c7"": true, ""r2c8"": true, ""r3c1"": true, ""r3c2"": true, ""r3c3"": true, ""r3c4"": true, ""r3c5"": true, ""r3c6"": true, ""r3c7"": true, ""r3c8"": true, ""r4c1"": true, ""r4c2"": true, ""r4c3"": true, ""r4c4"": true, ""r4c5"": true, ""r4c6"": true, ""r4c7"": true, ""r4c8"": true, ""r5c1"": true, ""r5c2"": true, ""r5c3"": true, ""r5c4"": true, ""r5c5"": true, ""r5c6"": true, ""r5c7"": true, ""r5c8"": true, ""r6c1"": true, ""r6c2"": true, ""r6c3"": true, ""r6c4"": true, ""r6c5"": true, ""r6c6"": true, ""r6c7"": true, ""r6c8"": true}",ON,21,Balanced,6,8,0.7380850672721863
2026-10-09 15:42:26,4,"[""r3c2"", ""r3c3"", ""r3c4"", ""r4c2"", ""r4c3"", ""r4c4"", ""r5c2"", ""r5c3"", ""r5c4"", ""r5c5"", ""r6c2"", ""r6c3"", ""r6c4"", ""r6c5""]","{""r1c1"": false, ""r1c2"": true, ""r1c3"": true, ""r1c4"": true, ""r1c5"": true, ""r1c6"": true, ""r1c7"": true, ""r1c8"": true, ""r2c1"": false, ""r2c2"": true, ""r2c3"": true, ""r2c4"": true, ""r2c5"": true, ""r2c6"": true, ""r2c7"": true, ""r2c8"": true, ""r3c1"": true, ""r3c2"": true, ""r3c3"": true, ""r3c4"": true, ""r3c5"": true, ""r3c6"": true, ""r3c7"": true, ""r3c8"": true, ""r4c1"": true, ""r4c2"": true, ""r4c3"": true, ""r4c4"": true, ""r4c5"": true, ""r4c6"": true, ""r4c7"": true, ""r4c8"": true, ""r5c1"": true, ""r5c2"": true, ""r5c3"": true, ""r5c4"": true, ""r5c5"": true, ""r5c6"": true, ""r5c7"": true, ""r5c8"": true, ""r6c1"": true, ""r6c2"": true, ""r6c3"": true, ""r6c4"": true, ""r6c5"": true, ""r6c6"": true, ""r6c7"": true, ""r6c8"": true}",ON,23,Balanced,6,8,0.749851867556572
2026-10-09 15:42:26,5,"[""r2c2"", ""r2c3"", ""r3c2"", ""r3c3"", ""r3c4"", ""r4c2"", ""r4c3"", ""r4c4"", ""r5c2"", ""r5c3"", ""r5c4"", ""r5c5"", ""r6c2"", ""r6c3"", ""r6c4"", ""r6c5"", ""r6c7"", ""r6c8""]","{""r1c1"": false, ""r1c2"": true, ""r1c3"": true, ""r1c4"": true, ""r1c5"": true, ""r1c6"": true, ""r1c7"": true, ""r1c8"": true, ""r2c1"": false, ""r2c2"": true, ""r2c3"": true, ""r2c4"": true, ""r2c5"": true, ""r2c6"": true, ""r2c7"": true, ""r2c8"": true, ""r3c1"": true, ""r3c2"": true, ""r3c3"": true, ""r3c4"": true, ""r3c5"": true, ""r3c6"": true, ""r3c7"": true, ""r3c8"": true, ""r4c1"": true, ""r4c2"": true, ""r4c3"": true, ""r4c4"": true, ""r4c5"": true, ""r4c6"": true, ""r4c7"": true, ""r4c8"": true, ""r5c1"": true, ""r5c2"": true, ""r5c3"": true, ""r5c4"": true, ""r5c5"": true, ""r5c6"": true, ""r5c7"": true, ""r5c8"": true, ""r6c1"": true, ""r6c2"": true, ""r6c3"": true, ""r6c4"": true, ""r6c5"": true, ""r6c6"": true, ""r6c7"": true, ""r6c8"": true}",ON,21,Balanced,6,8,0.7579941391944885
2026-10-09 15:42:27,4,"[""r3c2"", ""r3c3"", ""r4c2"", ""r4c3"", ""r4c4"", ""r5c2"", ""r5c3"", ""r5c4"", ""r5c5"", ""r5c7"", ""r5c8"", ""r6c2"", ""r6c3"", ""r6c4"", ""r6c5"", ""r6c7"", ""r6c8""]","{""r1c1"": false, ""r1c2"": true, ""r1c3"": true, ""r1c4"": true, ""r1c5"": true, ""r1c6"": true, ""r1c7"": true, ""r1c8"": true, ""r2c1"": false, ""r2c2"": true, ""r2c3"": true, ""r2c4"": true, ""r2c5"": true, ""r2c6"": true, ""r2c7"": true, ""r2c8"": true, ""r3c1"": true, ""r3c2"": true, ""r3c3"": true, ""r3c4"": true, ""r3c5"": true, ""r3c6"": true, ""r3c7"": true, ""r3c8"": true, ""r4c1"": true, ""r4c2"": true, ""r4c3"": true, ""r4c4"": true, ""r4c5"": true, ""r4c6"": true, ""r4c7"": true, ""r4c8"": true, ""r5c1"": true, ""r5c2"": true, ""r5c3"": true, ""r5c4"": true, ""r5c5"": true, ""r5c6"": true, ""r5c7"": true, ""r5c8"": true, ""r6c1"": true, ""r6c2"": true, ""r6c3"": true, ""r6c4"": true, ""r6c5"": true, ""r6c6"": true, ""r6c7"": true, ""r6c8"": true}",ON,23,Balanced,6,8,0.7771984785795212
2026-10-09 15:42:28,3,"[""r3c2"", ""r3c3"", ""r4c2"", ""r4c3"", ""r5c2"", ""r5c3"", ""r5c4"", ""r5c7"", ""r5c8"", ""r6c2"", ""r6c3"", ""r6c4"", ""r6c6"", ""r6c7"", ""r6c8""]","{""r1c1"": false, ""r1c2"": true, ""r1c3"": true, ""r1c4"": true, ""r1c5"": true, ""r1c6"": true, ""r1c7"": true, ""r1c8"": true, ""r2c1"": false, ""r2c2"": true, ""r2c3"": true, ""r2c4"": true, ""r2c5"": true, ""r2c6"": true, ""r2c7"": true, ""r2c8"": true, ""r3c1"": true, ""r3c2"": true, ""r3c3"": true, ""r3c4"": true, ""r3c5"": true, ""r3c6"": true, ""r3c7"": true, ""r3c8"": true, ""r4c1"": true, ""r4c2"": true, ""r4c3"": true, ""r4c4"": true, ""r4c5"": true, ""r4c6"": true, ""r4c7"": true, ""r4c8"": true, ""r5c1"": true, ""r5c2"": true, ""r5c3"": true, ""r5c4"": true, ""r5c5"": true, ""r5c6"": true, ""r5c7"": true, ""r5c8"": true, ""r6c1"": true, ""r6c2"": true, ""r6c3"": true, ""r6c4"": true, ""r6c5"": true, ""r6c6"": true, ""r6c7"": true, ""r6c8"": true}",ON,23,Balanced,6,8,0.7552191813786825
2026-10-09 15:42:28,4,"[""r3c1"", ""r3c2"", ""r4c1"", ""r4c2"", ""r4c3"", ""r5c1"", ""r5c2"", ""r5c3"", ""r5c4"", ""r5c6"", ""r5c7"", ""r5c8"", ""r6c2"", ""r6c3"", ""r6c4"", ""r6c6"", ""r6c7"", ""r6c8""]","{""r1c1"": false, ""r1c2"": true, ""r1c3"": true, ""r1c4"": true, ""r1c5"": true, ""r1c6"": true, ""r1c7"": true, ""r1c8"": true, ""r2c1"": false, ""r2c2"": true, ""r2c3"": true, ""r2c4"": true, ""r2c5"": true, ""r2c6"": true, ""r2c7"": true, ""r2c8"": true, ""r3c1"": true, ""r3c2"": true, ""r3c3"": true, ""r3c4"": true, ""r3c5"": true, ""r3c6"": true, ""r3c7"": true, ""r3c8"": true, ""r4c1"": true, ""r4c2"": true, ""r4c3"": true, ""r4c4"": true, ""r4c5"": true, ""r4c6"": true, ""r4c7"": true, ""r4c8"": true, ""r5c1"": true, ""r5c2"": true, ""r5c3"": true, ""r5c4"": true, ""r5c5"": true, ""r5c6"": true, ""r5c7"": true, ""r5c8"": true, ""r6c1"": true, ""r6c2"": true, ""r6c3"": true, ""r6c4"": true, ""r6c5"": true, ""r6c6"": true, ""r6c7"": true, ""r6c8"": true}",ON,23,Balanced,6,8,0.6163132786750793
2026-10-09 15:42:28,5,"[""r3c1"", ""r3c2"", ""r3c3"", ""r4c1"", ""r4c2"", ""r4c3"", ""r5c2"", ""r5c3"", ""r5c4"", ""r5c5"", ""r5c6"", ""r5c7"", ""r5c8"", ""r6c2"", ""r6c3"", ""r6c4"", ""r6c5"", ""r6c6"", ""r6c7"", ""r6c8""]","{""r1c1"": false, ""r1c2"": true, ""r1c3"": true, ""r1c4"": true, ""r1c5"": true, ""r1c6"": true, ""r1c7"": true, ""r1c8"": true, ""r2c1"": false, ""r2c2"": true, ""r2c3"": true, ""r2c4"": true, ""r2c5"": true, ""r2c6"": true, ""r2c7"": true, ""r2c8"": true, ""r3c1"": true, ""r3c2"": true, ""r3c3"": true, ""r3c4"": true, ""r3c5"": true, ""r3c6"": true, ""r3c7"": true, ""r3c8"": true, ""r4c1"": true, ""r4c2"": true, ""r4c3"": true, ""r4c4"": true, ""r4c5"": true, ""r4c6"": true, ""r4c7"": true, ""r4c8"": true, ""r5c1"": true, ""r5c2"": true, ""r5c3"": true, ""r5c4"": true, ""r5c5"": true, ""r5c6"": true, ""r5c7"": true, ""r5c8"": true, ""r6c1"": true, ""r6c2"": true, ""r6c3"": true, ""r6c4"": true, ""r6c5"": true, ""r6c6"": true, ""r6c7"": true, ""r6c8"": true}",ON,21,Balanced,6,8,0.7137261271476746
2026-10-09 15:42:29,4,"[""r3c2"", ""r3c3"", ""r4c2"", ""r4c3"", ""r4c4"", ""r5c2"", ""r5c3"", ""r5c4"", ""r5c5"", ""r5c7"", ""r5c8"", ""r6c2"", ""r6c3"", ""r6c4"", ""r6c5"", ""r6c7"", ""r6c8""]","{""r1c1"": false, ""r1c2"": true, ""r1c3"": true, ""r1c4"": true, ""r1c5"": true, ""r1c6"": true, ""r1c7"": true, ""r1c8"": true, ""r2c1"": false, ""r2c2"": true, ""r2c3"": true, ""r2c4"": true, ""r2c5"": true, ""r2c6"": true, ""r2c7"": true, ""r2c8"": true, ""r3c1"": true, ""r3c2"": true, ""r3c3"": true, ""r3c4"": true, ""r3c5"": true, ""r3c6"": true, ""r3c7"": true, ""r3c8"": true, ""r4c1"": true, ""r4c2"": true, ""r4c3"": true, ""r4c4"": true, ""r4c5"": true, ""r4c6"": true, ""r4c7"": true, ""r4c8"": true, ""r5c1"": true, ""r5c2"": true, ""r5c3"": true, ""r5c4"": true, ""r5c5"": true, ""r5c6"": true, ""r5c7"": true, ""r5c8"": true, ""r6c1"": true, ""r6c2"": true, ""r6c3"": true, ""r6c4"": true, ""r6c5"": true, ""r6c6"": true, ""r6c7"": true, ""r6c8"": true}",ON,23,Balanced,6,8,0.7759640961885452
2026-10-09 15:42:29,5,"[""r2c2"", ""r2c3"", ""r3c2"", ""r3c3"", ""r3c4"", ""r3c5"", ""r4c2"", ""r4c3"", ""r4c4"", ""r4c5"", ""r5c2"", ""r5c3"", ""r5c4"", ""r5c5"", ""r5c7"", ""r5c8"", ""r6c2"", ""r6c3"", ""r6c4"", ""r6c5"", ""r6c7"", ""r6c8""]","{""r1c1"": false, ""r1c2"": true, ""r1c3"": true, ""r1c4"": true, ""r1c5"": true, ""r1c6"": true, ""r1c7"": true, ""r1c8"": true, ""r2c1"": false, ""r2c2"": true, ""r2c3"": true, ""r2c4"": true, ""r2c5"": true, ""r2c6"": true, ""r2c7"": true, ""r2c8"": true, ""r3c1"": true, ""r3c2"": true, ""r3c3"": true, ""r3c4"": true, ""r3c5"": true, ""r3c6"": true, ""r3c7"": true, ""r3c8"": true, ""r4c1"": true, ""r4c2"": true, ""r4c3"": true, ""r4c4"": true, ""r4c5"": true, ""r4c6"": true, ""r4c7"": true, ""r4c8"": true, ""r5c1"": true, ""r5c2"": true, ""r5c3"": true, ""r5c4"": true, ""r5c5"": true, ""r5c6"": true, ""r5c7"": true, ""r5c8"": true, ""r6c1"": true, ""r6c2"": true, ""r6c3"": true, ""r6c4"": true, ""r6c5"": true, ""r6c6"": true, ""r6c7"": true, ""r6c8"": true}",ON,21,Balanced,6,8,0.7526178359985352
2026-10-09 15:42:29,4,"[""r3c3"", ""r3c4"", ""r3c5"", ""r4c3"", ""r4c4"", ""r4c5"", ""r5c2"", ""r5c3"", ""r5c4"", ""r5c5"", ""r5c7"", ""r5c8"", ""r6c2"", ""r6c3"", ""r6c4"", ""r6c5"", ""r6c7"", ""r6c8""]","{""r1c1"": false, ""r1c2"": true, ""r1c3"": true, ""r1c4"": true, ""r1c5"": true, ""r1c6"": true, ""r1c7"": true, ""r1c8"": true, ""r2c1"": false, ""r2c2"": true, ""r2c3"": true, ""r2c4"": true, ""r2c5"": true, ""r2c6"": true, ""r2c7"": true, ""r2c8"": true, ""r3c1"": true, ""r3c2"": true, ""r3c3"": true, ""r3c4"": true, ""r3c5"": true, ""r3c6"": true, ""r3c7"": true, ""r3c8"": true, ""r4c1"": true, ""r4c2"": true, ""r4c3"": true, ""r4c4"": true, ""r4c5"": true, ""r4c6"": true, ""r4c7"": true, ""r4c8"": true, ""r5c1"": true, ""r5c2"": true, ""r5c3"": true, ""r5c4"": true, ""r5c5"": true, ""r5c6"": true, ""r5c7"": true, ""r5c8"": true, ""r6c1"": true, ""r6c2"": true, ""r6c3"": true, ""r6c4"": true, ""r6c5"": true, ""r6c6"": true, ""r6c7"": true, ""r6c8"": true}",ON,23,Balanced,6,8,0.7408639341592789
2026-10-09 15:42:29,5,"[""r3c2"", ""r3c3"", ""r3c4"", ""r3c5"", ""r4c2"", ""r4c3"", ""r4c4"", ""r4c5"", ""r5c2"", ""r5c3"", ""r5c4"", ""r5c5"", ""r5c7"", ""r5c8"", ""r6c2"", ""r6c3"", ""r6c4"", ""r6c5"", ""r6c7"", ""r6c8""]","{""r1c1"": false, ""r1c2"": true, ""r1c3"": true, ""r1c4"": true, ""r1c5"": true, ""r1c6"": true, ""r1c7"": true, ""r1c8"": true, ""r2c1"": false, ""r2c2"": true, ""r2c3"": true, ""r2c4"": true, ""r2c5"": true, ""r2c6"": true, ""r2c7"": true, ""r2c8"": true, ""r3c1"": true, ""r3c2"": true, ""r3c3"": true, ""r3c4"": true, ""r3c5"": true, ""r3c6"": true, ""r3c7"": true, ""r3c8"": true, ""r4c1"": true, ""r4c2"": true, ""r4c3"": true, ""r4c4"": true, ""r4c5"": true, ""r4c6"": true, ""r4c7"": true, ""r4c8"": true, ""r5c1"": true, ""r5c2"": true, ""r5c3"": true, ""r5c4"": true, ""r5c5"": true, ""r5c6"": true, ""r5c7"": true, ""r5c8"": true, ""r6c1"": true, ""r6c2"": true, ""r6c3"": true, ""r6c4"": true, ""r6c5"": true, ""r6c6"": true, ""r6c7"": true, ""r6c8"": true}",ON,21,Balanced,6,8,0.7326742768287658
2026-10-09 15:42:29,4,"[""r3c3"", ""r3c4"", ""r3c5"", ""r4c3"", ""r4c4"", ""r4c5"", ""r5c2"", ""r5c3"", ""r5c4"", ""r5c5"", ""r5c7"", ""r5c8"", ""r6c2"", ""r6c3"", ""r6c4"", ""r6c5"", ""r6c7"", ""r6c8""]","{""r1c1"": false, ""r1c2"": true, ""r1c3"": true, ""r1c4"": true, ""r1c5"": true, ""r1c6"": true, ""r1c7"": true, ""r1c8"": true, ""r2c1"": false, ""r2c2"": true, ""r2c3"": true, ""r2c4"": true, ""r2c5"": true, ""r2c6"": true, ""r2c7"": true, ""r2c8"": true, ""r3c1"": true, ""r3c2"": true, ""r3c3"": true, ""r3c4"": true, ""r3c5"": true, ""r3c6"": true, ""r3c7"": true, ""r3c8"": true, ""r4c1"": true, ""r4c2"": true, ""r4c3"": true, ""r4c4"": true, ""r4c5"": true, ""r4c6"": true, ""r4c7"": true, ""r4c8"": true, ""r5c1"": true, ""r5c2"": true, ""r5c3"": true, ""r5c4"": true, ""r5c5"": true, ""r5c6"": true, ""r5c7"": true, ""r5c8"": true, ""r6c1"": true, ""r6c2"": true, ""r6c3"": true, ""r6c4"": true, ""r6c5"": true, ""r6c6"": true, ""r6c7"": true, ""r6c8"": true}",ON,23,Balanced,6,8,0.7619106620550156
2026-10-09 15:42:29,5,"[""r3c2"", ""r3c3"", ""r3c4"", ""r3c5"", ""r4c2"", ""r4c3"", ""r4c4"", ""r4c5"", ""r5c2"", ""r5c3"", ""r5c4"", ""r5c5"", ""r5c7"", ""r5c8"", ""r6c2"", ""r6c3"", ""r6c4"", ""r6c5"", ""r6c7"", ""r6c8""]","{""r1c1"": false, ""r1c2"": true, ""r1c3"": true, ""r1c4"": true, ""r1c5"": true, ""r1c6"": true, ""r1c7"": true, ""r1c8"": true, ""r2c1"": false, ""r2c2"": true, ""r2c3"": true, ""r2c4"": true, ""r2c5"": true, ""r2c6"": true, ""r2c7"": true, ""r2c8"": true, ""r3c1"": true, ""r3c2"": true, ""r3c3"": true, ""r3c4"": true, ""r3c5"": true, ""r3c6"": true, ""r3c7"": true, ""r3c8"": true, ""r4c1"": true, ""r4c2"": true, ""r4c3"": true, ""r4c4"": true, ""r4c5"": true, ""r4c6"": true, ""r4c7"": true, ""r4c8"": true, ""r5c1"": true, ""r5c2"": true, ""r5c3"": true, ""r5c4"": true, ""r5c5"": true, ""r5c6"": true, ""r5c7"": true, ""r5c8"": true, ""r6c1"": true, ""r6c2"": true, ""r6c3"": true, ""r6c4"": true, ""r6c5"": true, ""r6c6"": true, ""r6c7"": true, ""r6c8"": true}",ON,21,Balanced,6,8,0.760579776763916
2026-10-09 15:42:29,4,"[""r3c3"", ""r3c4"", ""r3c5"", ""r4c3"", ""r4c4"", ""r4c5"", ""r5c2"", ""r5c3"", ""r5c4"", ""r5c5"", ""r5c7"", ""r5c8"", ""r6c2"", ""r6c3"", ""r6c4"", ""r6c5"", ""r6c7"", ""r6c8""]","{""r1c1"": false, ""r1c2"": true, ""r1c3"": true, ""r1c4"": true, ""r1c5"": true, ""r1c6"": true, ""r1c7"": true, ""r1c8"": true, ""r2c1"": false, ""r2c2"": true, ""r2c3"": true, ""r2c4"": true, ""r2c5"": true, ""r2c6"": true, ""r2c7"": true, ""r2c8"": true, ""r3c1"": true, ""r3c2"": true, ""r3c3"": true, ""r3c4"": true, ""r3c5"": true, ""r3c6"": true, ""r3c7"": true, ""r3c8"": true, ""r4c1"": true, ""r4c2"": true, ""r4c3"": true, ""r4c4"": true, ""r4c5"": true, ""r4c6"": true, ""r4c7"": true, ""r4c8"": true, ""r5c1"": true, ""r5c2"": true, ""r5c3"": true, ""r5c4"": true, ""r5c5"": true, ""r5c6"": true, ""r5c7"": true, ""r5c8"": true, ""r6c1"": true, ""r6c2"": true, ""r6c3"": true, ""r6c4"": true, ""r6c5"": true, ""r6c6"": true, ""r6c7"": true, ""r6c8"": true}",ON,23,Balanced,6,8,0.7965145111083984
2026-10-09 15:42:29,5,"[""r3c2"", ""r3c3"", ""r3c4"", ""r3c5"", ""r4c2"", ""r4c3"", ""r4c4"", ""r4c5"", ""r5c2"", ""r5c3"", ""r5c4"", ""r5c5"", ""r5c7"", ""r5c8"", ""r6c2"", ""r6c3"", ""r6c4"", ""r6c5"", ""r6c7"", ""r6c8""]","{""r1c1"": false, ""r1c2"": true, ""r1c3"": true, ""r1c4"": true, ""r1c5"": true, ""r1c6"": true, ""r1c7"": true, ""r1c8"": true, ""r2c1"": false, ""r2c2"": true, ""r2c3"": true, ""r2c4"": true, ""r2c5"": true, ""r2c6"": true, ""r2c7"": true, ""r2c8"": true, ""r3c1"": true, ""r3c2"": true, ""r3c3"": true, ""r3c4"": true, ""r3c5"": true, ""r3c6"": true, ""r3c7"": true, ""r3c8"": true, ""r4c1"": true, ""r4c2"": true, ""r4c3"": true, ""r4c4"": true, ""r4c5"": true, ""r4c6"": true, ""r4c7"": true, ""r4c8"": true, ""r5c1"": true, ""r5c2"": true, ""r5c3"": true, ""r5c4"": true, ""r5c5"": true, ""r5c6"": true, ""r5c7"": true, ""r5c8"": true, ""r6c1"": true, ""r6c2"": true, ""r6c3"": true, ""r6c4"": true, ""r6c5"": true, ""r6c6"": true, ""r6c7"": true, ""r6c8"": true}",ON,21,Balanced,6,8,0.7467271029949188
2026-10-09 15:42:30,4,"[""r3c2"", ""r3c3"", ""r3c4"", ""r4c3"", ""r4c4"", ""r5c2"", ""r5c3"", ""r5c4"", ""r5c5"", ""r5c7"", ""r5c8"", ""r6c2"", ""r6c3"", ""r6c4"", ""r6c5"", ""r6c7"", ""r6c8""]","{""r1c1"": false, ""r1c2"": true, ""r1c3"": true, ""r1c4"": true, ""r1c5"": true, ""r1c6"": true, ""r1c7"": true, ""r1c8"": true, ""r2c1"": false, ""r2c2"": true, ""r2c3"": true, ""r2c4"": true, ""r2c5"": true, ""r2c6"": true, ""r2c7"": true, ""r2c8"": true, ""r3c1"": true, ""r3c2"": true, ""r3c3"": true, ""r3c4"": true, ""r3c5"": true, ""r3c6"": true, ""r3c7"": true, ""r3c8"": true, ""r4c1"": true, ""r4c2"": true, ""r4c3"": true, ""r4c4"": true, ""r4c5"": true, ""r4c6"": true, ""r4c7"": true, ""r4c8"": true, ""r5c1"": true, ""r5c2"": true, ""r5c3"": true, ""r5c4"": true, ""r5c5"": true, ""r5c6"": true, ""r5c7"": true, ""r5c8"": true, ""r6c1"": true, ""r6c2"": true, ""r6c3"": true, ""r6c4"": true, ""r6c5"": true, ""r6c6"": true, ""r6c7"": true, ""r6c8"": true}",ON,23,Balanced,6,8,0.738164097070694
2026-10-09 15:42:30,5,"[""r3c2"", ""r3c3"", ""r3c4"", ""r4c2"", ""r4c3"", ""r4c4"", ""r5c2"", ""r5c3"", ""r5c4"", ""r5c5"", ""r5c6"", ""r5c7"", ""r5c8"", ""r6c2"", ""r6c3"", ""r6c4"", ""r6c5"", ""r6c7"", ""r6c8""]","{""r1c1"": false, ""r1c2"": true, ""r1c3"": true, ""r1c4"": true, ""r1c5"": true, ""r1c6"": true, ""r1c7"": true, ""r1c8"": true, ""r2c1"": false, ""r2c2"": true, ""r2c3"": true, ""r2c4"": true, ""r2c5"": true, ""r2c6"": true, ""r2c7"": true, ""r2c8"": true, ""r3c1"": true, ""r3c2"": true, ""r3c3"": true, ""r3c4"": true, ""r3c5"": true, ""r3c6"": true, ""r3c7"": true, ""r3c8"": true, ""r4c1"": true, ""r4c2"": true, ""r4c3"": true, ""r4c4"": true, ""r4c5"": true, ""r4c6"": true, ""r4c7"": true, ""r4c8"": true, ""r5c1"": true, ""r5c2"": true, ""r5c3"": true, ""r5c4"": true, ""r5c5"": true, ""r5c6"": true, ""r5c7"": true, ""r5c8"": true, ""r6c1"": true, ""r6c2"": true, ""r6c3"": true, ""r6c4"": true, ""r6c5"": true, ""r6c6"": true, ""r6c7"": true, ""r6c8"": true}",ON,21,Balanced,6,8,0.7726060032844544
2026-10-09 15:42:31,5,"[""r4c2"", ""r4c3"", ""r4c4"", ""r4c5"", ""r5c2"", ""r5c3"", ""r5c4"", ""r5c5"", ""r5c6"", ""r5c7"", ""r5c8"", ""r6c2"", ""r6c3"", ""r6c4"", ""r6c5"", ""r6c6"", ""r6c7"", ""r6c8""]","{""r1c1"": false, ""r1c2"": true, ""r1c3"": true, ""r1c4"": true, ""r1c5"": true, ""r1c6"": true, ""r1c7"": true, ""r1c8"": true, ""r2c1"": false, ""r2c2"": true, ""r2c3"": true, ""r2c4"": true, ""r2c5"": true, ""r2c6"": true, ""r2c7"": true, ""r2c8"": true, ""r3c1"": true, ""r3c2"": true, ""r3c3"": true, ""r3c4"": true, ""r3c5"": true, ""r3c6"": true, ""r3c7"": true, ""r3c8"": true, ""r4c1"": true, ""r4c2"": true, ""r4c3"": true, ""r4c4"": true, ""r4c5"": true, ""r4c6"": true, ""r4c7"": true, ""r4c8"": false, ""r5c1"": true, ""r5c2"": true, ""r5c3"": true, ""r5c4"": true, ""r5c5"": true, ""r5c6"": true, ""r5c7"": true, ""r5c8"": true, ""r6c1"": true, ""r6c2"": true, ""r6c3"": true, ""r6c4"": true, ""r6c5"": true, ""r6c6"": true, ""r6c7"": true, ""r6c8"": true}",ON,21,Balanced,6,8,0.7885809302330017
2026-10-09 15:42:31,5,"[""r4c2"", ""r4c3"", ""r4c4"", ""r4c5"", ""r5c2"", ""r5c3"", ""r5c4"", ""r5c5"", ""r5c6"", ""r5c7"", ""r5c8"", ""r6c2"", ""r6c3"", ""r6c4"", ""r6c5"", ""r6c6"", ""r6c7"", ""r6c8""]","{""r1c1"": false, ""r1c2"": true, ""r1c3"": true, ""r1c4"": true, ""r1c5"": true, ""r1c6"": true, ""r1c7"": true, ""r1c8"": true, ""r2c1"": false, ""r2c2"": true, ""r2c3"": true, ""r2c4"": true, ""r2c5"": true, ""r2c6"": true, ""r2c7"": true, ""r2c8"": true, ""r3c1"": true, ""r3c2"": true, ""r3c3"": true, ""r3c4"": true, ""r3c5"": true, ""r3c6"": true, ""r3c7"": true, ""r3c8"": false, ""r4c1"": true, ""r4c2"": true, ""r4c3"": true, ""r4c4"": true, ""r4c5"": true, ""r4c6"": true, ""r4c7"": true, ""r4c8"": false, ""r5c1"": true, ""r5c2"": true, ""r5c3"": true, ""r5c4"": true, ""r5c5"": true, ""r5c6"": true, ""r5c7"": true, ""r5c8"": true, ""r6c1"": true, ""r6c2"": true, ""r6c3"": true, ""r6c4"": true, ""r6c5"": true, ""r6c6"": true, ""r6c7"": true, ""r6c8"": true}",ON,21,Balanced,6,8,0.7518359422683716
2026-10-09 15:42:31,5,"[""r4c2"", ""r4c3"", ""r4c4"", ""r4c5"", ""r5c2"", ""r5c3"", ""r5c4"", ""r5c5"", ""r5c6"", ""r5c7"", ""r5c8"", ""r6c2"", ""r6c3"", ""r6c4"", ""r6c5"", ""r6c6"", ""r6c7"", ""r6c8""]","{""r1c1"": false, ""r1c2"": true, ""r1c3"": true, ""r1c4"": true, ""r1c5"": true, ""r1c6"": true, ""r1c7"": true, ""r1c8"": false, ""r2c1"": false, ""r2c2"": true, ""r2c3"": true, ""r2c4"": true, ""r2c5"": true, ""r2c6"": true, ""r2c7"": true, ""r2c8"": false, ""r3c1"": true, ""r3c2"": true, ""r3c3"": true, ""r3c4"": true, ""r3c5"": true, ""r3c6"": true, ""r3c7"": true, ""r3c8"": false, ""r4c1"": true, ""r4c2"": true, ""r4c3"": true, ""r4c4"": true, ""r4c5"": true, ""r4c6"": true, ""r4c7"": true, ""r4c8"": false, ""r5c1"": true, ""r5c2"": true, ""r5c3"": true, ""r5c4"": true, ""r5c5"": true, ""r5c6"": true, ""r5c7"": true, ""r5c8"": true, ""r6c1"": true, ""r6c2"": true, ""r6c3"": true, ""r6c4"": true, ""r6c5"": true, ""r6c6"": true, ""r6c7"": true, ""r6c8"": true}",ON,21,Balanced,6,8,0.7726487278938293
2026-10-09 15:42:32,5,"[""r3c2"", ""r3c3"", ""r4c2"", ""r4c3"", ""r4c4"", ""r4c5"", ""r5c2"", ""r5c3"", ""r5c4"", ""r5c5"", ""r5c6"", ""r5c7"", ""r5c8"", ""r6c2"", ""r6c3"", ""r6c4"", ""r6c5"", ""r6c6"", ""r6c7"", ""r6c8""]","{""r1c1"": false, ""r1c2"": true, ""r1c3"": true, ""r1c4"": true, ""r1c5"": true, ""r1c6"": true, ""r1c7"": true, ""r1c8"": false, ""r2c1"": false, ""r2c2"": true, ""r2c3"": true, ""r2c4"": true, ""r2c5"": true, ""r2c6"": true, ""r2c7"": true, ""r2c8"": false, ""r3c1"": true, ""r3c2"": true, ""r3c3"": true, ""r3c4"": true, ""r3c5"": true, ""r3c6"": true, ""r3c7"": true, ""r3c8"": false, ""r4c1"": true, ""r4c2"": true, ""r4c3"": true, ""r4c4"": true, ""r4c5"": true, ""r4c6"": true, ""r4c7"": false, ""r4c8"": false, ""r5c1"": true, ""r5c2"": true, ""r5c3"": true, ""r5c4"": true, ""r5c5"": true, ""r5c6"": true, ""r5c7"": true, ""r5c8"": true, ""r6c1"": true, ""r6c2"": true, ""r6c3"": true, ""r6c4"": true, ""r6c5"": true, ""r6c6"": true, ""r6c7"": true, ""r6c8"": true}",ON,21,Balanced,6,8,0.7663090467453003
2026-10-09 15:42:32,5,"[""r3c2"", ""r3c3"", ""r4c2"", ""r4c3"", ""r4c4"", ""r4c5"", ""r5c2"", ""r5c3"", ""r5c4"", ""r5c5"", ""r5c6"", ""r5c7"", ""r5c8"", ""r6c2"", ""r6c3"", ""r6c4"", ""r6c5"", ""r6c6"", ""r6c7"", ""r6c8""]","{""r1c1"": false, ""r1c2"": true, ""r1c3"": true, ""r1c4"": true, ""r1c5"": true, ""r1c6"": true, ""r1c7"": true, ""r1c8"": false, ""r2c1"": false, ""r2c2"": true, ""r2c3"": true, ""r2c4"": true, ""r2c5"": true, ""r2c6"": true, ""r2c7"": true, ""r2c8"": false, ""r3c1"": true, ""r3c2"": true, ""r3c3"": true, ""r3c4"": true, ""r3c5"": true, ""r3c6"": true, ""r3c7"": false, ""r3c8"": false, ""r4c1"": true, ""r4c2"": true, ""r4c3"": true, ""r4c4"": true, ""r4c5"": true, ""r4c6"": true, ""r4c7"": false, ""r4c8"": false, ""r5c1"": true, ""r5c2"": true, ""r5c3"": true, ""r5c4"": true, ""r5c5"": true, ""r5c6"": true, ""r5c7"": true, ""r5c8"": true, ""r6c1"": true, ""r6c2"": true, ""r6c3"": true, ""r6c4"": true, ""r6c5"": true, ""r6c6"": true, ""r6c7"": true, ""r6c8"": true}",ON,21,Balanced,6,8,0.7227428078651428
2026-10-09 15:42:32,5,"[""r3c2"", ""r3c3"", ""r4c2"", ""r4c3"", ""r4c4"", ""r4c5"", ""r5c2"", ""r5c3"", ""r5c4"", ""r5c5"", ""r5c6"", ""r5c7"", ""r5c8"", ""r6c2"", ""r6c3"", ""r6c4"", ""r6c5"", ""r6c6"", ""r6c7"", ""r6c8""]","{""r1c1"": false, ""r1c2"": true, ""r1c3"": true, ""r1c4"": true, ""r1c5"": true, ""r1c6"": true, ""r1c7"": false, ""r1c8"": false, ""r2c1"": false, ""r2c2"": true, ""r2c3"": true, ""r2c4"": true, ""r2c5"": true, ""r2c6"": true, ""r2c7"": false, ""r2c8"": false, ""r3c1"": true, ""r3c2"": true, ""r3c3"": true, ""r3c4"": true, ""r3c5"": true, ""r3c6"": true, ""r3c7"": false, ""r3c8"": false, ""r4c1"": true, ""r4c2"": true, ""r4c3"": true, ""r4c4"": true, ""r4c5"": true, ""r4c6"": true, ""r4c7"": false, ""r4c8"": false, ""r5c1"": true, ""r5c2"": true, ""r5c3"": true, ""r5c4"": true, ""r5c5"": true, ""r5c6"": true, ""r5c7"": true, ""r5c8"": true, ""r6c1"": true, ""r6c2"": true, ""r6c3"": true, ""r6c4"": true, ""r6c5"": true, ""r6c6"": true, ""r6c7"": true, ""r6c8"": true}",ON,21,Balanced,6,8,0.7586076021194458
2026-10-09 15:42:33,4,"[""r3c2"", ""r3c3"", ""r4c2"", ""r4c3"", ""r4c4"", ""r4c5"", ""r5c2"", ""r5c3"", ""r5c4"", ""r5c5"", ""r5c6"", ""r6c2"", ""r6c3"", ""r6c4"", ""r6c5"", ""r6c6""]","{""r1c1"": false, ""r1c2"": true, ""r1c3"": true, ""r1c4"": true, ""r1c5"": false, ""r1c6"": false, ""r1c7"": false, ""r1c8"": false, ""r2c1"": false, ""r2c2"": true, ""r2c3"": true, ""r2c4"": true, ""r2c5"": true, ""r2c6"": true, ""r2c7"": false, ""r2c8"": false, ""r3c1"": true, ""r3c2"": true, ""r3c3"": true, ""r3c4"": true, ""r3c5"": true, ""r3c6"": true, ""r3c7"": false, ""r3c8"": false, ""r4c1"": true, ""r4c2"": true, ""r4c3"": true, ""r4c4"": true, ""r4c5"": true, ""r4c6"": true, ""r4c7"": false, ""r4c8"": false, ""r5c1"": true, ""r5c2"": true, ""r5c3"": true, ""r5c4"": true, ""r5c5"": true, ""r5c6"": true, ""r5c7"": true, ""r5c8"": true, ""r6c1"": true, ""r6c2"": true, ""r6c3"": true, ""r6c4"": true, ""r6c5"": true, ""r6c6"": true, ""r6c7"": true, ""r6c8"": true}",ON,23,Balanced,6,8,0.6953818947076797
2026-10-09 15:42:33,2,"[""r4c2"", ""r4c3"", ""r4c4"", ""r4c5"", ""r5c2"", ""r5c3"", ""r5c4"", ""r5c5"", ""r5c6"", ""r5c7"", ""r6c2"", ""r6c3"", ""r6c4"", ""r6c5"", ""r6c6""]","{""r1c1"": false, ""r1c2"": true, ""r1c3"": true, ""r1c4"": true, ""r1c5"": false, ""r1c6"": false, ""r1c7"": false, ""r1c8"": false, ""r2c1"": false, ""r2c2"": true, ""r2c3"": true, ""r2c4"": true, ""r2c5"": true, ""r2c6"": true, ""r2c7"": false, ""r2c8"": false, ""r3c1"": true, ""r3c2"": true, ""r3c3"": true, ""r3c4"": true, ""r3c5"": true, ""r3c6"": true, ""r3c7"": false, ""r3c8"": false, ""r4c1"": true, ""r4c2"": true, ""r4c3"": true, ""r4c4"": true, ""r4c5"": true, ""r4c6"": true, ""r4c7"": false, ""r4c8"": false, ""r5c1"": true, ""r5c2"": true, ""r5c3"": true, ""r5c4"": true, ""r5c5"": true, ""r5c6"": true, ""r5c7"": true, ""r5c8"": true, ""r6c1"": true, ""r6c2"": true, ""r6c3"": true, ""r6c4"": true, ""r6c5"": true, ""r6c6"": true, ""r6c7"": true, ""r6c8"": true}",ON,23,Balanced,6,8,0.7558610439300537
2026-10-09 15:42:33,3,"[""r3c4"", ""r3c5"", ""r3c6"", ""r4c2"", ""r4c3"", ""r4c4"", ""r4c5"", ""r4c6"", ""r5c2"", ""r5c3"", ""r5c4"", ""r5c5"", ""r5c6"", ""r5c7"", ""r6c2"", ""r6c3"", ""r6c4"", ""r6c5"", ""r6c6"", ""r6c7""]","{""r1c1"": false, ""r1c2"": true, ""r1c3"": true, ""r1c4"": true, ""r1c5"": false, ""r1c6"": false, ""r1c7"": false, ""r1c8"": false, ""r2c1"": false, ""r2c2"": true, ""r2c3"": true, ""r2c4"": true, ""r2c5"": true, ""r2c6"": true, ""r2c7"": false, ""r2c8"": false, ""r3c1"": true, ""r3c2"": true, ""r3c3"": true, ""r3c4"": true, ""r3c5"": true, ""r3c6"": true, ""r3c7"": false, ""r3c8"": false, ""r4c1"": true, ""r4c2"": true, ""r4c3"": true, ""r4c4"": true, ""r4c5"": true, ""r4c6"": true, ""r4c7"": false, ""r4c8"": false, ""r5c1"": true, ""r5c2"": true, ""r5c3"": true, ""r5c4"": true, ""r5c5"": true, ""r5c6"": true, ""r5c7"": true, ""r5c8"": true, ""r6c1"": true, ""r6c2"": true, ""r6c3"": true, ""r6c4"": true, ""r6c5"": true, ""r6c6"": true, ""r6c7"": true, ""r6c8"": true}",ON,23,Balanced,6,8,0.7072902123133341
2026-10-09 15:42:33,1,"[""r4c1"", ""r4c2"", ""r4c3"", ""r4c4"", ""r4c5"", ""r4c6"", ""r5c2"", ""r5c3"", ""r5c4"", ""r5c5"", ""r6c2"", ""r6c3"", ""r6c4"", ""r6c5""]","{""r1c1"": false, ""r1c2"": true, ""r1c3"": true, ""r1c4"": true, ""r1c5"": false, ""r1c6"": false, ""r1c7"": false, ""r1c8"": false, ""r2c1"": false, ""r2c2"": true, ""r2c3"": true, ""r2c4"": true, ""r2c5"": true, ""r2c6"": true, ""r2c7"": false, ""r2c8"": false, ""r3c1"": true, ""r3c2"": true, ""r3c3"": true, ""r3c4"": true, ""r3c5"": true, ""r3c6"": true, ""r3c7"": false, ""r3c8"": false, ""r4c1"": true, ""r4c2"": true, ""r4c3"": true, ""r4c4"": true, ""r4c5"": true, ""r4c6"": true, ""r4c7"": false, ""r4c8"": false, ""r5c1"": true, ""r5c2"": true, ""r5c3"": true, ""r5c4"": true, ""r5c5"": true, ""r5c6"": true, ""r5c7"": true, ""r5c8"": true, ""r6c1"": true, ""r6c2"": true, ""r6c3"": true, ""r6c4"": true, ""r6c5"": true, ""r6c6"": true, ""r6c7"": true, ""r6c8"": true}",ON,23,Balanced,6,8,0.8354694843292236
2026-10-09 15:42:35,2,"[""r1c1"", ""r1c2"", ""r1c3"", ""r1c4"", ""r1c5"", ""r1c6"", ""r1c7"", ""r1c8"", ""r2c1"", ""r2c2"", ""r2c3"", ""r2c4"", ""r2c5"", ""r2c6"", ""r2c7"", ""r2c8"", ""r3c1"", ""r3c2"", ""r3c3"", ""r3c4"", ""r3c5"", ""r3c6"", ""r3c7"", ""r3c8"", ""r4c1"", ""r4c2"", ""r4c3"", ""r4c4"", ""r4c5"", ""r4c6"", ""r4c7"", ""r4c8"", ""r5c1"", ""r5c2"", ""r5c3"", ""r5c4"", ""r5c5"", ""r5c6"", ""r5c7"", ""r5c8"", ""r6c1"", ""r6c2"", ""r6c3"", ""r6c4"", ""r6c5"", ""r6c6"", ""r6c7"", ""r6c8""]","{""r1c1"": false, ""r1c2"": true, ""r1c3"": true, ""r1c4"": true, ""r1c5"": false, ""r1c6"": false, ""r1c7"": false, ""r1c8"": false, ""r2c1"": false, ""r2c2"": true, ""r2c3"": true, ""r2c4"": true, ""r2c5"": true, ""r2c6"": true, ""r2c7"": false, ""r2c8"": false, ""r3c1"": true, ""r3c2"": true, ""r3c3"": true, ""r3c4"": true, ""r3c5"": true, ""r3c6"": true, ""r3c7"": false, ""r3c8"": false, ""r4c1"": true, ""r4c2"": true, ""r4c3"": true, ""r4c4"": true, ""r4c5"": true, ""r4c6"": true, ""r4c7"": false, ""r4c8"": false, ""r5c1"": true, ""r5c2"": true, ""r5c3"": true, ""r5c4"": true, ""r5c5"": true, ""r5c6"": true, ""r5c7"": true, ""r5c8"": true, ""r6c1"": true, ""r6c2"": true, ""r6c3"": true, ""r6c4"": true, ""r6c5"": true, ""r6c6"": true, ""r6c7"": true, ""r6c8"": true}",ON,23,Balanced,6,8,0.9117890298366547
2026-10-09 15:42:35,1,"[""r1c1"", ""r1c2"", ""r1c3"", ""r1c4"", ""r1c5"", ""r1c6"", ""r1c7"", ""r1c8"", ""r2c1"", ""r2c2"", ""r2c3"", ""r2c4"", ""r2c5"", ""r2c6"", ""r2c7"", ""r2c8"", ""r3c1"", ""r3c2"", ""r3c3"", ""r3c4"", ""r3c5"", ""r3c6"", ""r3c7"", ""r3c8"", ""r4c1"", ""r4c2"", ""r4c3"", ""r4c4"", ""r4c5"", ""r4c6"", ""r4c7"", ""r4c8"", ""r5c1"", ""r5c2"", ""r5c3"", ""r5c4"", ""r5c5"", ""r5c6"", ""r5c7"", ""r5c8"", ""r6c1"", ""r6c2"", ""r6c3"", ""r6c4"", ""r6c5"", ""r6c6"", ""r6c7"", ""r6c8""]","{""r1c1"": false, ""r1c2"": true, ""r1c3"": true, ""r1c4"": true, ""r1c5"": false, ""r1c6"": false, ""r1c7"": false, ""r1c8"": false, ""r2c1"": false, ""r2c2"": true, ""r2c3"": true, ""r2c4"": true, ""r2c5"": true, ""r2c6"": true, ""r2c7"": false, ""r2c8"": false, ""r3c1"": true, ""r3c2"": true, ""r3c3"": true, ""r3c4"": true, ""r3c5"": true, ""r3c6"": true, ""r3c7"": false, ""r3c8"": false, ""r4c1"": true, ""r4c2"": true, ""r4c3"": true, ""r4c4"": true, ""r4c5"": true, ""r4c6"": true, ""r4c7"": false, ""r4c8"": false, ""r5c1"": true, ""r5c2"": true, ""r5c3"": true, ""r5c4"": true, ""r5c5"": true, ""r5c6"": true, ""r5c7"": true, ""r5c8"": true, ""r6c1"": true, ""r6c2"": true, ""r6c3"": true, ""r6c4"": true, ""r6c5"": true, ""r6c6"": true, ""r6c7"": true, ""r6c8"": true}",ON,23,Balanced,6,8,0.9338579773902893
2026-10-09 15:42:35,2,"[""r1c1"", ""r1c2"", ""r1c3"", ""r1c4"", ""r1c5"", ""r1c6"", ""r1c7"", ""r1c8"", ""r2c1"", ""r2c2"", ""r2c3"", ""r2c4"", ""r2c5"", ""r2c6"", ""r2c7"", ""r2c8"", ""r3c1"", ""r3c2"", ""r3c3"", ""r3c4"", ""r3c5"", ""r3c6"", ""r3c7"", ""r3c8"", ""r4c1"", ""r4c2"", ""r4c3"", ""r4c4"", ""r4c5"", ""r4c6"", ""r4c7"", ""r4c8"", ""r5c1"", ""r5c2"", ""r5c3"", ""r5c4"", ""r5c5"", ""r5c6"", ""r5c7"", ""r5c8"", ""r6c1"", ""r6c2"", ""r6c3"", ""r6c4"", ""r6c5"", ""r6c6"", ""r6c7"", ""r6c8""]","{""r1c1"": false, ""r1c2"": true, ""r1c3"": true, ""r1c4"": true, ""r1c5"": false, ""r1c6"": false, ""r1c7"": false, ""r1c8"": false, ""r2c1"": false, ""r2c2"": true, ""r2c3"": true, ""r2c4"": true, ""r2c5"": true, ""r2c6"": true, ""r2c7"": false, ""r2c8"": false, ""r3c1"": true, ""r3c2"": true, ""r3c3"": true, ""r3c4"": true, ""r3c5"": true, ""r3c6"": true, ""r3c7"": false, ""r3c8"": false, ""r4c1"": true, ""r4c2"": true, ""r4c3"": true, ""r4c4"": true, ""r4c5"": true, ""r4c6"": true, ""r4c7"": false, ""r4c8"": false, ""r5c1"": true, ""r5c2"": true, ""r5c3"": true, ""r5c4"": true, ""r5c5"": true, ""r5c6"": true, ""r5c7"": true, ""r5c8"": true, ""r6c1"": true, ""r6c2"": true, ""r6c3"": true, ""r6c4"": true, ""r6c5"": true, ""r6c6"": true, ""r6c7"": true, ""r6c8"": true}",ON,23,Balanced,6,8,0.8008266687393188
2026-10-09 15:42:36,1,"[""r1c1"", ""r1c2"", ""r1c3"", ""r1c4"", ""r1c5"", ""r1c6"", ""r1c7"", ""r1c8"", ""r2c1"", ""r2c2"", ""r2c3"", ""r2c4"", ""r2c5"", ""r2c6"", ""r2c7"", ""r2c8"", ""r3c1"", ""r3c2"", ""r3c3"", ""r3c4"", ""r3c5"", ""r3c6"", ""r3c7"", ""r3c8"", ""r4c1"", ""r4c2"", ""r4c3"", ""r4c4"", ""r4c5"", ""r4c6"", ""r4c7"", ""r4c8"", ""r5c1"", ""r5c2"", ""r5c3"", ""r5c4"", ""r5c5"", ""r5c6"", ""r5c7"", ""r5c8"", ""r6c1"", ""r6c2"", ""r6c3"", ""r6c4"", ""r6c5"", ""r6c6"", ""r6c7"", ""r6c8""]","{""r1c1"": false, ""r1c2"": true, ""r1c3"": true, ""r1c4"": true, ""r1c5"": false, ""r1c6"": false, ""r1c7"": false, ""r1c8"": false, ""r2c1"": false, ""r2c2"": true, ""r2c3"": true, ""r2c4"": true, ""r2c5"": true, ""r2c6"": true, ""r2c7"": false, ""r2c8"": false, ""r3c1"": true, ""r3c2"": true, ""r3c3"": true, ""r3c4"": true, ""r3c5"": true, ""r3c6"": true, ""r3c7"": false, ""r3c8"": false, ""r4c1"": true, ""r4c2"": true, ""r4c3"": true, ""r4c4"": true, ""r4c5"": true, ""r4c6"": true, ""r4c7"": false, ""r4c8"": false, ""r5c1"": true, ""r5c2"": true, ""r5c3"": true, ""r5c4"": true, ""r5c5"": true, ""r5c6"": true, ""r5c7"": true, ""r5c8"": true, ""r6c1"": true, ""r6c2"": true, ""r6c3"": true, ""r6c4"": true, ""r6c5"": true, ""r6c6"": true, ""r6c7"": true, ""r6c8"": true}",ON,23,Balanced,6,8,0.9264342188835144
2026-10-09 15:42:43,1,"[""r1c1"", ""r1c2"", ""r1c3"", ""r1c4"", ""r1c5"", ""r1c6"", ""r1c7"", ""r1c8"", ""r2c1"", ""r2c2"", ""r2c3"", ""r2c4"", ""r2c5"", ""r2c6"", ""r2c7"", ""r2c8"", ""r3c1"", ""r3c2"", ""r3c3"", ""r3c4"", ""r3c5"", ""r3c6"", ""r3c7"", ""r3c8"", ""r4c1"", ""r4c2"", ""r4c3"", ""r4c4"", ""r4c5"", ""r4c6"", ""r4c7"", ""r4c8"", ""r5c1"", ""r5c2"", ""r5c3"", ""r5c4"", ""r5c5"", ""r5c6"", ""r5c7"", ""r5c8"", ""r6c1"", ""r6c2"", ""r6c3"", ""r6c4"", ""r6c5"", ""r6c6"", ""r6c7"", ""r6c8""]","{""r1c1"": false, ""r1c2"": true, ""r1c3"": true, ""r1c4"": true, ""r1c5"": false, ""r1c6"": false, ""r1c7"": false, ""r1c8"": false, ""r2c1"": true, ""r2c2"": true, ""r2c3"": true, ""r2c4"": true, ""r2c5"": true, ""r2c6"": true, ""r2c7"": true, ""r2c8"": false, ""r3c1"": true, ""r3c2"": true, ""r3c3"": true, ""r3c4"": true, ""r3c5"": true, ""r3c6"": true, ""r3c7"": true, ""r3c8"": false, ""r4c1"": true, ""r4c2"": true, ""r4c3"": true, ""r4c4"": true, ""r4c5"": true, ""r4c6"": true, ""r4c7"": false, ""r4c8"": false, ""r5c1"": true, ""r5c2"": true, ""r5c3"": true, ""r5c4"": true, ""r5c5"": true, ""r5c6"": true, ""r5c7"": true, ""r5c8"": true, ""r6c1"": true, ""r6c2"": true, ""r6c3"": true, ""r6c4"": true, ""r6c5"": true, ""r6c6"": true, ""r6c7"": true, ""r6c8"": true}",ON,23,Balanced,6,8,0.7017143964767456
2026-10-09 15:42:43,0,[],"{""r1c1"": false, ""r1c2"": true, ""r1c3"": true, ""r1c4"": true, ""r1c5"": false, ""r1c6"": false, ""r1c7"": false, ""r1c8"": false, ""r2c1"": true, ""r2c2"": true, ""r2c3"": true, ""r2c4"": true, ""r2c5"": true, ""r2c6"": true, ""r2c7"": true, ""r2c8"": false, ""r3c1"": true, ""r3c2"": true, ""r3c3"": true, ""r3c4"": true, ""r3c5"": true, ""r3c6"": true, ""r3c7"": true, ""r3c8"": false, ""r4c1"": true, ""r4c2"": true, ""r4c3"": true, ""r4c4"": true, ""r4c5"": true, ""r4c6"": true, ""r4c7"": false, ""r4c8"": false, ""r5c1"": true, ""r5c2"": true, ""r5c3"": true, ""r5c4"": true, ""r5c5"": true, ""r5c6"": true, ""r5c7"": true, ""r5c8"": true, ""r6c1"": true, ""r6c2"": true, ""r6c3"": true, ""r6c4"": true, ""r6c5"": true, ""r6c6"": true, ""r6c7"": true, ""r6c8"": true}",OFF,26,Balanced,6,8,
2026-10-09 15:42:44,1,"[""r1c1"", ""r1c2"", ""r1c3"", ""r1c4"", ""r1c5"", ""r1c6"", ""r1c7"", ""r1c8"", ""r2c1"", ""r2c2"", ""r2c3"", ""r2c4"", ""r2c5"", ""r2c6"", ""r2c7"", ""r2c8"", ""r3c1"", ""r3c2"", ""r3c3"", ""r3c4"", ""r3c5"", ""r3c6"", ""r3c7"", ""r3c8"", ""r4c1"", ""r4c2"", ""r4c3"", ""r4c4"", ""r4c5"", ""r4c6"", ""r4c7"", ""r4c8"", ""r5c1"", ""r5c2"", ""r5c3"", ""r5c4"", ""r5c5"", ""r5c6"", ""r5c7"", ""r5c8"", ""r6c1"", ""r6c2"", ""r6c3"", ""r6c4"", ""r6c5"", ""r6c6"", ""r6c7"", ""r6c8""]","{""r1c1"": false, ""r1c2"": true, ""r1c3"": true, ""r1c4"": true, ""r1c5"": false, ""r1c6"": false, ""r1c7"": false, ""r1c8"": false, ""r2c1"": true, ""r2c2"": true, ""r2c3"": true, ""r2c4"": true, ""r2c5"": true, ""r2c6"": true, ""r2c7"": true, ""r2c8"": false, ""r3c1"": true, ""r3c2"": true, ""r3c3"": true, ""r3c4"": true, ""r3c5"": true, ""r3c6"": true, ""r3c7"": true, ""r3c8"": false, ""r4c1"": true, ""r4c2"": true, ""r4c3"": true, ""r4c4"": true, ""r4c5"": true, ""r4c6"": true, ""r4c7"": false, ""r4c8"": false, ""r5c1"": true, ""r5c2"": true, ""r5c3"": true, ""r5c4"": true, ""r5c5"": true, ""r5c6"": true, ""r5c7"": true, ""r5c8"": true, ""r6c1"": true, ""r6c2"": true, ""r6c3"": true, ""r6c4"": true, ""r6c5"": true, ""r6c6"": true, ""r6c7"": true, ""r6c8"": true}",ON,23,Balanced,6,8,0.5476421117782593
2026-10-09 15:42:44,0,[],"{""r1c1"": false, ""r1c2"": true, ""r1c3"": true, ""r1c4"": true, ""r1c5"": false, ""r1c6"": false, ""r1c7"": false, ""r1c8"": false, ""r2c1"": true, ""r2c2"": true, ""r2c3"": true, ""r2c4"": true, ""r2c5"": true, ""r2c6"": true, ""r2c7"": true, ""r2c8"": false, ""r3c1"": true, ""r3c2"": true, ""r3c3"": true, ""r3c4"": true, ""r3c5"": true, ""r3c6"": true, ""r3c7"": true, ""r3c8"": false, ""r4c1"": true, ""r4c2"": true, ""r4c3"": true, ""r4c4"": true, ""r4c5"": true, ""r4c6"": true, ""r4c7"": false, ""r4c8"": false, ""r5c1"": true, ""r5c2"": true, ""r5c3"": true, ""r5c4"": true, ""r5c5"": true, ""r5c6"": true, ""r5c7"": true, ""r5c8"": true, ""r6c1"": true, ""r6c2"": true, ""r6c3"": true, ""r6c4"": true, ""r6c5"": true, ""r6c6"": true, ""r6c7"": true, ""r6c8"": true}",OFF,26,Balanced,6,8,
2026-10-09 15:42:44,1,"[""r1c1"", ""r1c2"", ""r1c3"", ""r1c4"", ""r1c5"", ""r1c6"", ""r1c7"", ""r1c8"", ""r2c1"", ""r2c2"", ""r2c3"", ""r2c4"", ""r2c5"", ""r2c6"", ""r2c7"", ""r2c8"", ""r3c1"", ""r3c2"", ""r3c3"", ""r3c4"", ""r3c5"", ""r3c6"", ""r3c7"", ""r3c8"", ""r4c1"", ""r4c2"", ""r4c3"", ""r4c4"", ""r4c5"", ""r4c6"", ""r4c7"", ""r4c8"", ""r5c1"", ""r5c2"", ""r5c3"", ""r5c4"", ""r5c5"", ""r5c6"", ""r5c7"", ""r5c8"", ""r6c1"", ""r6c2"", ""r6c3"", ""r6c4"", ""r6c5"", ""r6c6"", ""r6c7"", ""r6c8""]","{""r1c1"": false, ""r1c2"": true, ""r1c3"": true, ""r1c4"": true, ""r1c5"": false, ""r1c6"": false, ""r1c7"": false, ""r1c8"": false, ""r2c1"": true, ""r2c2"": true, ""r2c3"": true, ""r2c4"": true, ""r2c5"": true, ""r2c6"": true, ""r2c7"": true, ""r2c8"": false, ""r3c1"": true, ""r3c2"": true, ""r3c3"": true, ""r3c4"": true, ""r3c5"": true, ""r3c6"": true, ""r3c7"": true, ""r3c8"": false, ""r4c1"": true, ""r4c2"": true, ""r4c3"": true, ""r4c4"": true, ""r4c5"": true, ""r4c6"": true, ""r4c7"": false, ""r4c8"": false, ""r5c1"": true, ""r5c2"": true, ""r5c3"": true, ""r5c4"": true, ""r5c5"": true, ""r5c6"": true, ""r5c7"": true, ""r5c8"": true, ""r6c1"": true, ""r6c2"": true, ""r6c3"": true, ""r6c4"": true, ""r6c5"": true, ""r6c6"": true, ""r6c7"": true, ""r6c8"": true}",ON,23,Balanced,6,8,0.5340531468391418
2026-10-09 15:42:45,0,[],"{""r1c1"": false, ""r1c2"": true, ""r1c3"": true, ""r1c4"": true, ""r1c5"": false, ""r1c6"": false, ""r1c7"": false, ""r1c8"": false, ""r2c1"": true, ""r2c2"": true, ""r2c3"": true, ""r2c4"": true, ""r2c5"": true, ""r2c6"": true, ""r2c7"": true, ""r2c8"": false, ""r3c1"": true, ""r3c2"": true, ""r3c3"": true, ""r3c4"": true, ""r3c5"": true, ""r3c6"": true, ""r3c7"": true, ""r3c8"": false, ""r4c1"": true, ""r4c2"": true, ""r4c3"": true, ""r4c4"": true, ""r4c5"": true, ""r4c6"": true, ""r4c7"": false, ""r4c8"": false, ""r5c1"": true, ""r5c2"": true, ""r5c3"": true, ""r5c4"": true, ""r5c5"": true, ""r5c6"": true, ""r5c7"": true, ""r5c8"": true, ""r6c1"": true, ""r6c2"": true, ""r6c3"": true, ""r6c4"": true, ""r6c5"": true, ""r6c6"": true, ""r6c7"": true, ""r6c8"": true}",OFF,26,Balanced,6,8,
2026-10-09 15:42:45,1,"[""r1c1"", ""r1c2"", ""r1c3"", ""r1c4"", ""r1c5"", ""r1c6"", ""r1c7"", ""r1c8"", ""r2c1"", ""r2c2"", ""r2c3"", ""r2c4"", ""r2c5"", ""r2c6"", ""r2c7"", ""r2c8"", ""r3c1"", ""r3c2"", ""r3c3"", ""r3c4"", ""r3c5"", ""r3c6"", ""r3c7"", ""r3c8"", ""r4c1"", ""r4c2"", ""r4c3"", ""r4c4"", ""r4c5"", ""r4c6"", ""r4c7"", ""r4c8"", ""r5c1"", ""r5c2"", ""r5c3"", ""r5c4"", ""r5c5"", ""r5c6"", ""r5c7"", ""r5c8"", ""r6c1"", ""r6c2"", ""r6c3"", ""r6c4"", ""r6c5"", ""r6c6"", ""r6c7"", ""r6c8""]","{""r1c1"": false, ""r1c2"": true, ""r1c3"": true, ""r1c4"": true, ""r1c5"": false, ""r1c6"": false, ""r1c7"": false, ""r1c8"": false, ""r2c1"": true, ""r2c2"": true, ""r2c3"": true, ""r2c4"": true, ""r2c5"": true, ""r2c6"": true, ""r2c7"": true, ""r2c8"": false, ""r3c1"": true, ""r3c2"": true, ""r3c3"": true, ""r3c4"": true, ""r3c5"": true, ""r3c6"": true, ""r3c7"": true, ""r3c8"": false, ""r4c1"": true, ""r4c2"": true, ""r4c3"": true, ""r4c4"": true, ""r4c5"": true, ""r4c6"": true, ""r4c7"": false, ""r4c8"": false, ""r5c1"": true, ""r5c2"": true, ""r5c3"": true, ""r5c4"": true, ""r5c5"": true, ""r5c6"": true, ""r5c7"": true, ""r5c8"": true, ""r6c1"": true, ""r6c2"": true, ""r6c3"": true, ""r6c4"": true, ""r6c5"": true, ""r6c6"": true, ""r6c7"": true, ""r6c8"": true}",ON,23,Balanced,6,8,0.5195531845092773
2026-10-09 15:42:45,0,[],"{""r1c1"": false, ""r1c2"": true, ""r1c3"": true, ""r1c4"": true, ""r1c5"": false, ""r1c6"": false, ""r1c7"": false, ""r1c8"": false, ""r2c1"": true, ""r2c2"": true, ""r2c3"": true, ""r2c4"": true, ""r2c5"": true, ""r2c6"": true, ""r2c7"": true, ""r2c8"": false, ""r3c1"": true, ""r3c2"": true, ""r3c3"": true, ""r3c4"": true, ""r3c5"": true, ""r3c6"": true, ""r3c7"": true, ""r3c8"": false, ""r4c1"": true, ""r4c2"": true, ""r4c3"": true, ""r4c4"": true, ""r4c5"": true, ""r4c6"": true, ""r4c7"": false, ""r4c8"": false, ""r5c1"": true, ""r5c2"": true, ""r5c3"": true, ""r5c4"": true, ""r5c5"": true, ""r5c6"": true, ""r5c7"": true, ""r5c8"": true, ""r6c1"": true, ""r6c2"": true, ""r6c3"": true, ""r6c4"": true, ""r6c5"": true, ""r6c6"": true, ""r6c7"": true, ""r6c8"": true}",OFF,26,Balanced,6,8,
2026-10-09 15:42:45,1,"[""r1c1"", ""r1c2"", ""r1c3"", ""r1c4"", ""r1c5"", ""r1c6"", ""r1c7"", ""r1c8"", ""r2c1"", ""r2c2"", ""r2c3"", ""r2c4"", ""r2c5"", ""r2c6"", ""r2c7"", ""r2c8"", ""r3c1"", ""r3c2"", ""r3c3"", ""r3c4"", ""r3c5"", ""r3c6"", ""r3c7"", ""r3c8"", ""r4c1"", ""r4c2"", ""r4c3"", ""r4c4"", ""r4c5"", ""r4c6"", ""r4c7"", ""r4c8"", ""r5c1"", ""r5c2"", ""r5c3"", ""r5c4"", ""r5c5"", ""r5c6"", ""r5c7"", ""r5c8"", ""r6c1"", ""r6c2"", ""r6c3"", ""r6c4"", ""r6c5"", ""r6c6"", ""r6c7"", ""r6c8""]","{""r1c1"": false, ""r1c2"": true, ""r1c3"": true, ""r1c4"": true, ""r1c5"": false, ""r1c6"": false, ""r1c7"": false, ""r1c8"": false, ""r2c1"": true, ""r2c2"": true, ""r2c3"": true, ""r2c4"": true, ""r2c5"": true, ""r2c6"": true, ""r2c7"": true, ""r2c8"": false, ""r3c1"": true, ""r3c2"": true, ""r3c3"": true, ""r3c4"": true, ""r3c5"": true, ""r3c6"": true, ""r3c7"": true, ""r3c8"": false, ""r4c1"": true, ""r4c2"": true, ""r4c3"": true, ""r4c4"": true, ""r4c5"": true, ""r4c6"": true, ""r4c7"": false, ""r4c8"": false, ""r5c1"": true, ""r5c2"": true, ""r5c3"": true, ""r5c4"": true, ""r5c5"": true, ""r5c6"": true, ""r5c7"": true, ""r5c8"": true, ""r6c1"": true, ""r6c2"": true, ""r6c3"": true, ""r6c4"": true, ""r6c5"": true, ""r6c6"": true, ""r6c7"": true, ""r6c8"": true}",ON,23,Balanced,6,8,0.5106309056282043
2026-10-09 15:42:45,0,[],"{""r1c1"": false, ""r1c2"": true, ""r1c3"": true, ""r1c4"": true, ""r1c5"": false, ""r1c6"": false, ""r1c7"": false, ""r1c8"": false, ""r2c1"": true, ""r2c2"": true, ""r2c3"": true, ""r2c4"": true, ""r2c5"": true, ""r2c6"": true, ""r2c7"": true, ""r2c8"": false, ""r3c1"": true, ""r3c2"": true, ""r3c3"": true, ""r3c4"": true, ""r3c5"": true, ""r3c6"": true, ""r3c7"": true, ""r3c8"": false, ""r4c1"": true, ""r4c2"": true, ""r4c3"": true, ""r4c4"": true, ""r4c5"": true, ""r4c6"": true, ""r4c7"": false, ""r4c8"": false, ""r5c1"": true, ""r5c2"": true, ""r5c3"": true, ""r5c4"": true, ""r5c5"": true, ""r5c6"": true, ""r5c7"": true, ""r5c8"": true, ""r6c1"": true, ""r6c2"": true, ""r6c3"": true, ""r6c4"": true, ""r6c5"": true, ""r6c6"": true, ""r6c7"": true, ""r6c8"": true}",OFF,26,Balanced,6,8,
2026-10-09 15:42:45,1,"[""r1c1"", ""r1c2"", ""r1c3"", ""r1c4"", ""r1c5"", ""r1c6"", ""r1c7"", ""r1c8"", ""r2c1"", ""r2c2"", ""r2c3"", ""r2c4"", ""r2c5"", ""r2c6"", ""r2c7"", ""r2c8"", ""r3c1"", ""r3c2"", ""r3c3"", ""r3c4"", ""r3c5"", ""r3c6"", ""r3c7"", ""r3c8"", ""r4c1"", ""r4c2"", ""r4c3"", ""r4c4"", ""r4c5"", ""r4c6"", ""r4c7"", ""r4c8"", ""r5c1"", ""r5c2"", ""r5c3"", ""r5c4"", ""r5c5"", ""r5c6"", ""r5c7"", ""r5c8"", ""r6c1"", ""r6c2"", ""r6c3"", ""r6c4"", ""r6c5"", ""r6c6"", ""r6c7"", ""r6c8""]","{""r1c1"": false, ""r1c2"": true, ""r1c3"": true, ""r1c4"": true, ""r1c5"": false, ""r1c6"": false, ""r1c7"": false, ""r1c8"": false, ""r2c1"": true, ""r2c2"": true, ""r2c3"": true, ""r2c4"": true, ""r2c5"": true, ""r2c6"": true, ""r2c7"": true, ""r2c8"": false, ""r3c1"": true, ""r3c2"": true, ""r3c3"": true, ""r3c4"": true, ""r3c5"": true, ""r3c6"": true, ""r3c7"": true, ""r3c8"": false, ""r4c1"": true, ""r4c2"": true, ""r4c3"": true, ""r4c4"": true, ""r4c5"": true, ""r4c6"": true, ""r4c7"": false, ""r4c8"": false, ""r5c1"": true, ""r5c2"": true, ""r5c3"": true, ""r5c4"": true, ""r5c5"": true, ""r5c6"": true, ""r5c7"": true, ""r5c8"": true, ""r6c1"": true, ""r6c2"": true, ""r6c3"": true, ""r6c4"": true, ""r6c5"": true, ""r6c6"": true, ""r6c7"": true, ""r6c8"": true}",ON,23,Balanced,6,8,0.5219698548316956
2026-10-09 15:42:46,0,[],"{""r1c1"": false, ""r1c2"": true, ""r1c3"": true, ""r1c4"": true, ""r1c5"": false, ""r1c6"": false, ""r1c7"": false, ""r1c8"": false, ""r2c1"": true, ""r2c2"": true, ""r2c3"": true, ""r2c4"": true, ""r2c5"": true, ""r2c6"": true, ""r2c7"": true, ""r2c8"": false, ""r3c1"": true, ""r3c2"": true, ""r3c3"": true, ""r3c4"": true, ""r3c5"": true, ""r3c6"": true, ""r3c7"": true, ""r3c8"": false, ""r4c1"": true, ""r4c2"": true, ""r4c3"": true, ""r4c4"": true, ""r4c5"": true, ""r4c6"": true, ""r4c7"": false, ""r4c8"": false, ""r5c1"": true, ""r5c2"": true, ""r5c3"": true, ""r5c4"": true, ""r5c5"": true, ""r5c6"": true, ""r5c7"": true, ""r5c8"": true, ""r6c1"": true, ""r6c2"": true, ""r6c3"": true, ""r6c4"": true, ""r6c5"": true, ""r6c6"": true, ""r6c7"": true, ""r6c8"": true}",OFF,26,Balanced,6,8,
2026-10-09 15:42:51,1,"[""r1c1"", ""r1c2"", ""r1c3"", ""r1c4"", ""r1c5"", ""r1c6"", ""r1c7"", ""r1c8"", ""r2c1"", ""r2c2"", ""r2c3"", ""r2c4"", ""r2c5"", ""r2c6"", ""r2c7"", ""r2c8"", ""r3c1"", ""r3c2"", ""r3c3"", ""r3c4"", ""r3c5"", ""r3c6"", ""r3c7"", ""r3c8"", ""r4c1"", ""r4c2"", ""r4c3"", ""r4c4"", ""r4c5"", ""r4c6"", ""r4c7"", ""r4c8"", ""r5c1"", ""r5c2"", ""r5c3"", ""r5c4"", ""r5c5"", ""r5c6"", ""r5c7"", ""r5c8"", ""r6c1"", ""r6c2"", ""r6c3"", ""r6c4"", ""r6c5"", ""r6c6"", ""r6c7"", ""r6c8""]","{""r1c1"": false, ""r1c2"": true, ""r1c3"": true, ""r1c4"": true, ""r1c5"": false, ""r1c6"": false, ""r1c7"": false, ""r1c8"": false, ""r2c1"": true, ""r2c2"": true, ""r2c3"": true, ""r2c4"": true, ""r2c5"": true, ""r2c6"": true, ""r2c7"": true, ""r2c8"": false, ""r3c1"": true, ""r3c2"": true, ""r3c3"": true, ""r3c4"": true, ""r3c5"": true, ""r3c6"": true, ""r3c7"": true, ""r3c8"": false, ""r4c1"": true, ""r4c2"": true, ""r4c3"": true, ""r4c4"": true, ""r4c5"": true, ""r4c6"": true, ""r4c7"": false, ""r4c8"": false, ""r5c1"": true, ""r5c2"": true, ""r5c3"": true, ""r5c4"": true, ""r5c5"": true, ""r5c6"": true, ""r5c7"": true, ""r5c8"": true, ""r6c1"": true, ""r6c2"": true, ""r6c3"": true, ""r6c4"": true, ""r6c5"": true, ""r6c6"": true, ""r6c7"": true, ""r6c8"": true}",ON,23,Balanced,6,8,0.4613301455974579
2026-10-09 15:43:01,1,"[""r1c1"", ""r1c2"", ""r1c3"", ""r1c4"", ""r1c5"", ""r1c6"", ""r1c7"", ""r1c8"", ""r2c1"", ""r2c2"", ""r2c3"", ""r2c4"", ""r2c5"", ""r2c6"", ""r2c7"", ""r2c8"", ""r3c1"", ""r3c2"", ""r3c3"", ""r3c4"", ""r3c5"", ""r3c6"", ""r3c7"", ""r3c8"", ""r4c1"", ""r4c2"", ""r4c3"", ""r4c4"", ""r4c5"", ""r4c6"", ""r4c7"", ""r4c8"", ""r5c1"", ""r5c2"", ""r5c3"", ""r5c4"", ""r5c5"", ""r5c6"", ""r5c7"", ""r5c8"", ""r6c1"", ""r6c2"", ""r6c3"", ""r6c4"", ""r6c5"", ""r6c6"", ""r6c7"", ""r6c8""]","{""r1c1"": true, ""r1c2"": true, ""r1c3"": true, ""r1c4"": true, ""r1c5"": true, ""r1c6"": true, ""r1c7"": true, ""r1c8"": true, ""r2c1"": true, ""r2c2"": true, ""r2c3"": true, ""r2c4"": true, ""r2c5"": true, ""r2c6"": true, ""r2c7"": true, ""r2c8"": true, ""r3c1"": true, ""r3c2"": true, ""r3c3"": true, ""r3c4"": true, ""r3c5"": true, ""r3c6"": true, ""r3c7"": true, ""r3c8"": true, ""r4c1"": true, ""r4c2"": true, ""r4c3"": true, ""r4c4"": true, ""r4c5"": true, ""r4c6"": true, ""r4c7"": true, ""r4c8"": true, ""r5c1"": true, ""r5c2"": true, ""r5c3"": true, ""r5c4"": true, ""r5c5"": true, ""r5c6"": true, ""r5c7"": true, ""r5c8"": true, ""r6c1"": true, ""r6c2"": true, ""r6c3"": true, ""r6c4"": true, ""r6c5"": true, ""r6c6"": true, ""r6c7"": true, ""r6c8"": true}",ON,23,Balanced,6,8,0.913620114326477
2026-10-09 15:43:13,2,"[""r1c1"", ""r1c2"", ""r1c3"", ""r1c4"", ""r1c5"", ""r1c6"", ""r1c7"", ""r1c8"", ""r2c1"", ""r2c2"", ""r2c3"", ""r2c4"", ""r2c5"", ""r2c6"", ""r2c7"", ""r2c8"", ""r3c1"", ""r3c2"", ""r3c3"", ""r3c4"", ""r3c5"", ""r3c6"", ""r3c7"", ""r3c8"", ""r4c1"", ""r4c2"", ""r4c3"", ""r4c4"", ""r4c5"", ""r4c6"", ""r4c7"", ""r4c8"", ""r5c1"", ""r5c2"", ""r5c3"", ""r5c4"", ""r5c5"", ""r5c6"", ""r5c7"", ""r5c8"", ""r6c1"", ""r6c2"", ""r6c3"", ""r6c4"", ""r6c5"", ""r6c6"", ""r6c7"", ""r6c8""]","{""r1c1"": true, ""r1c2"": true, ""r1c3"": true, ""r1c4"": true, ""r1c5"": true, ""r1c6"": true, ""r1c7"": true, ""r1c8"": true, ""r2c1"": true, ""r2c2"": true, ""r2c3"": true, ""r2c4"": true, ""r2c5"": true, ""r2c6"": true, ""r2c7"": true, ""r2c8"": true, ""r3c1"": true, ""r3c2"": true, ""r3c3"": true, ""r3c4"": true, ""r3c5"": true, ""r3c6"": true, ""r3c7"": true, ""r3c8"": true, ""r4c1"": true, ""r4c2"": true, ""r4c3"": true, ""r4c4"": true, ""r4c5"": true, ""r4c6"": true, ""r4c7"": true, ""r4c8"": true, ""r5c1"": true, ""r5c2"": true, ""r5c3"": true, ""r5c4"": true, ""r5c5"": true, ""r5c6"": true, ""r5c7"": true, ""r5c8"": true, ""r6c1"": true, ""r6c2"": true, ""r6c3"": true, ""r6c4"": true, ""r6c5"": true, ""r6c6"": true, ""r6c7"": true, ""r6c8"": true}",ON,23,Balanced,6,8,0.8026951849460602
2026-10-09 15:43:13,1,"[""r1c1"", ""r1c2"", ""r1c3"", ""r1c4"", ""r1c5"", ""r1c6"", ""r1c7"", ""r1c8"", ""r2c1"", ""r2c2"", ""r2c3"", ""r2c4"", ""r2c5"", ""r2c6"", ""r2c7"", ""r2c8"", ""r3c1"", ""r3c2"", ""r3c3"", ""r3c4"", ""r3c5"", ""r3c6"", ""r3c7"", ""r3c8"", ""r4c1"", ""r4c2"", ""r4c3"", ""r4c4"", ""r4c5"", ""r4c6"", ""r4c7"", ""r4c8"", ""r5c1"", ""r5c2"", ""r5c3"", ""r5c4"", ""r5c5"", ""r5c6"", ""r5c7"", ""r5c8"", ""r6c1"", ""r6c2"", ""r6c3"", ""r6c4"", ""r6c5"", ""r6c6"", ""r6c7"", ""r6c8""]","{""r1c1"": true, ""r1c2"": true, ""r1c3"": true, ""r1c4"": true, ""r1c5"": true, ""r1c6"": true, ""r1c7"": true, ""r1c8"": true, ""r2c1"": true, ""r2c2"": true, ""r2c3"": true, ""r2c4"": true, ""r2c5"": true, ""r2c6"": true, ""r2c7"": true, ""r2c8"": true, ""r3c1"": true, ""r3c2"": true, ""r3c3"": true, ""r3c4"": true, ""r3c5"": true, ""r3c6"": true, ""r3c7"": true, ""r3c8"": true, ""r4c1"": true, ""r4c2"": true, ""r4c3"": true, ""r4c4"": true, ""r4c5"": true, ""r4c6"": true, ""r4c7"": true, ""r4c8"": true, ""r5c1"": true, ""r5c2"": true, ""r5c3"": true, ""r5c4"": true, ""r5c5"": true, ""r5c6"": true, ""r5c7"": true, ""r5c8"": true, ""r6c1"": true, ""r6c2"": true, ""r6c3"": true, ""r6c4"": true, ""r6c5"": true, ""r6c6"": true, ""r6c7"": true, ""r6c8"": true}",ON,23,Balanced,6,8,0.9038475155830383
2026-10-09 15:43:14,2,"[""r1c1"", ""r1c2"", ""r1c3"", ""r1c4"", ""r1c5"", ""r1c6"", ""r1c7"", ""r1c8"", ""r2c1"", ""r2c2"", ""r2c3"", ""r2c4"", ""r2c5"", ""r2c6"", ""r2c7"", ""r2c8"", ""r3c1"", ""r3c2"", ""r3c3"", ""r3c4"", ""r3c5"", ""r3c6"", ""r3c7"", ""r3c8"", ""r4c1"", ""r4c2"", ""r4c3"", ""r4c4"", ""r4c5"", ""r4c6"", ""r4c7"", ""r4c8"", ""r5c1"", ""r5c2"", ""r5c3"", ""r5c4"", ""r5c5"", ""r5c6"", ""r5c7"", ""r5c8"", ""r6c1"", ""r6c2"", ""r6c3"", ""r6c4"", ""r6c5"", ""r6c6"", ""r6c7"", ""r6c8""]","{""r1c1"": true, ""r1c2"": true, ""r1c3"": true, ""r1c4"": true, ""r1c5"": true, ""r1c6"": true, ""r1c7"": true, ""r1c8"": true, ""r2c1"": true, ""r2c2"": true, ""r2c3"": true, ""r2c4"": true, ""r2c5"": true, ""r2c6"": true, ""r2c7"": true, ""r2c8"": true, ""r3c1"": true, ""r3c2"": true, ""r3c3"": true, ""r3c4"": true, ""r3c5"": true, ""r3c6"": true, ""r3c7"": true, ""r3c8"": true, ""r4c1"": true, ""r4c2"": true, ""r4c3"": true, ""r4c4"": true, ""r4c5"": true, ""r4c6"": true, ""r4c7"": true, ""r4c8"": true, ""r5c1"": true, ""r5c2"": true, ""r5c3"": true, ""r5c4"": true, ""r5c5"": true, ""r5c6"": true, ""r5c7"": true, ""r5c8"": true, ""r6c1"": true, ""r6c2"": true, ""r6c3"": true, ""r6c4"": true, ""r6c5"": true, ""r6c6"": true, ""r6c7"": true, ""r6c8"": true}",ON,23,Balanced,6,8,0.7315998375415802
2026-10-09 15:43:14,1,"[""r1c1"", ""r1c2"", ""r1c3"", ""r1c4"", ""r1c5"", ""r1c6"", ""r1c7"", ""r1c8"", ""r2c1"", ""r2c2"", ""r2c3"", ""r2c4"", ""r2c5"", ""r2c6"", ""r2c7"", ""r2c8"", ""r3c1"", ""r3c2"", ""r3c3"", ""r3c4"", ""r3c5"", ""r3c6"", ""r3c7"", ""r3c8"", ""r4c1"", ""r4c2"", ""r4c3"", ""r4c4"", ""r4c5"", ""r4c6"", ""r4c7"", ""r4c8"", ""r5c1"", ""r5c2"", ""r5c3"", ""r5c4"", ""r5c5"", ""r5c6"", ""r5c7"", ""r5c8"", ""r6c1"", ""r6c2"", ""r6c3"", ""r6c4"", ""r6c5"", ""r6c6"", ""r6c7"", ""r6c8""]","{""r1c1"": true, ""r1c2"": true, ""r1c3"": true, ""r1c4"": true, ""r1c5"": true, ""r1c6"": true, ""r1c7"": true, ""r1c8"": true, ""r2c1"": true, ""r2c2"": true, ""r2c3"": true, ""r2c4"": true, ""r2c5"": true, ""r2c6"": true, ""r2c7"": true, ""r2c8"": true, ""r3c1"": true, ""r3c2"": true, ""r3c3"": true, ""r3c4"": true, ""r3c5"": true, ""r3c6"": true, ""r3c7"": true, ""r3c8"": true, ""r4c1"": true, ""r4c2"": true, ""r4c3"": true, ""r4c4"": true, ""r4c5"": true, ""r4c6"": true, ""r4c7"": true, ""r4c8"": true, ""r5c1"": true, ""r5c2"": true, ""r5c3"": true, ""r5c4"": true, ""r5c5"": true, ""r5c6"": true, ""r5c7"": true, ""r5c8"": true, ""r6c1"": true, ""r6c2"": true, ""r6c3"": true, ""r6c4"": true, ""r6c5"": true, ""r6c6"": true, ""r6c7"": true, ""r6c8"": true}",ON,23,Balanced,6,8,0.8842859268188477
2026-10-09 15:43:14,2,"[""r1c1"", ""r1c2"", ""r1c3"", ""r1c4"", ""r1c5"", ""r1c6"", ""r1c7"", ""r1c8"", ""r2c1"", ""r2c2"", ""r2c3"", ""r2c4"", ""r2c5"", ""r2c6"", ""r2c7"", ""r2c8"", ""r3c1"", ""r3c2"", ""r3c3"", ""r3c4"", ""r3c5"", ""r3c6"", ""r3c7"", ""r3c8"", ""r4c1"", ""r4c2"", ""r4c3"", ""r4c4"", ""r4c5"", ""r4c6"", ""r4c7"", ""r4c8"", ""r5c1"", ""r5c2"", ""r5c3"", ""r5c4"", ""r5c5"", ""r5c6"", ""r5c7"", ""r5c8"", ""r6c2"", ""r6c3"", ""r6c4"", ""r6c5"", ""r6c6"", ""r6c7"", ""r6c8""]","{""r1c1"": true, ""r1c2"": true, ""r1c3"": true, ""r1c4"": true, ""r1c5"": true, ""r1c6"": true, ""r1c7"": true, ""r1c8"": true, ""r2c1"": true, ""r2c2"": true, ""r2c3"": true, ""r2c4"": true, ""r2c5"": true, ""r2c6"": true, ""r2c7"": true, ""r2c8"": true, ""r3c1"": true, ""r3c2"": true, ""r3c3"": true, ""r3c4"": true, ""r3c5"": true, ""r3c6"": true, ""r3c7"": true, ""r3c8"": true, ""r4c1"": true, ""r4c2"": true, ""r4c3"": true, ""r4c4"": true, ""r4c5"": true, ""r4c6"": true, ""r4c7"": true, ""r4c8"": true, ""r5c1"": true, ""r5c2"": true, ""r5c3"": true, ""r5c4"": true, ""r5c5"": true, ""r5c6"": true, ""r5c7"": true, ""r5c8"": true, ""r6c1"": true, ""r6c2"": true, ""r6c3"": true, ""r6c4"": true, ""r6c5"": true, ""r6c6"": true, ""r6c7"": true, ""r6c8"": true}",ON,23,Balanced,6,8,0.777405172586441
2026-10-09 15:43:15,3,"[""r2c2"", ""r2c3"", ""r2c4"", ""r2c5"", ""r2c6"", ""r2c7"", ""r2c8"", ""r3c2"", ""r3c3"", ""r3c4"", ""r3c5"", ""r3c6"", ""r3c7"", ""r3c8"", ""r4c2"", ""r4c3"", ""r4c4"", ""r4c5"", ""r4c6"", ""r4c7"", ""r4c8"", ""r5c2"", ""r5c3"", ""r5c4"", ""r5c5"", ""r5c6"", ""r5c7"", ""r5c8"", ""r6c2"", ""r6c3"", ""r6c4"", ""r6c5"", ""r6c6"", ""r6c7"", ""r6c8""]","{""r1c1"": true, ""r1c2"": true, ""r1c3"": true, ""r1c4"": true, ""r1c5"": true, ""r1c6"": true, ""r1c7"": true, ""r1c8"": true, ""r2c1"": true, ""r2c2"": true, ""r2c3"": true, ""r2c4"": true, ""r2c5"": true, ""r2c6"": true, ""r2c7"": true, ""r2c8"": true, ""r3c1"": true, ""r3c2"": true, ""r3c3"": true, ""r3c4"": true, ""r3c5"": true, ""r3c6"": true, ""r3c7"": true, ""r3c8"": true, ""r4c1"": true, ""r4c2"": true, ""r4c3"": true, ""r4c4"": true, ""r4c5"": true, ""r4c6"": true, ""r4c7"": true, ""r4c8"": true, ""r5c1"": true, ""r5c2"": true, ""r5c3"": true, ""r5c4"": true, ""r5c5"": true, ""r5c6"": true, ""r5c7"": true, ""r5c8"": true, ""r6c1"": true, ""r6c2"": true, ""r6c3"": true, ""r6c4"": true, ""r6c5"": true, ""r6c6"": true, ""r6c7"": true, ""r6c8"": true}",ON,23,Balanced,6,8,0.7630331516265869
2026-10-09 15:43:16,2,"[""r2c2"", ""r2c3"", ""r2c4"", ""r2c5"", ""r2c6"", ""r2c7"", ""r2c8"", ""r3c2"", ""r3c3"", ""r3c4"", ""r3c5"", ""r3c6"", ""r3c7"", ""r3c8"", ""r4c1"", ""r4c2"", ""r4c3"", ""r4c4"", ""r4c5"", ""r4c6"", ""r4c7"", ""r5c1"", ""r5c2"", ""r5c3"", ""r5c4"", ""r5c5"", ""r5c6"", ""r5c7"", ""r6c1"", ""r6c2"", ""r6c3"", ""r6c4"", ""r6c5"", ""r6c6"", ""r6c7""]","{""r1c1"": true, ""r1c2"": true, ""r1c3"": true, ""r1c4"": true, ""r1c5"": true, ""r1c6"": true, ""r1c7"": true, ""r1c8"": true, ""r2c1"": true, ""r2c2"": true, ""r2c3"": true, ""r2c4"": true, ""r2c5"": true, ""r2c6"": true, ""r2c7"": true, ""r2c8"": true, ""r3c1"": true, ""r3c2"": true, ""r3c3"": true, ""r3c4"": true, ""r3c5"": true, ""r3c6"": true, ""r3c7"": true, ""r3c8"": true, ""r4c1"": true, ""r4c2"": true, ""r4c3"": true, ""r4c4"": true, ""r4c5"": true, ""r4c6"": true, ""r4c7"": true, ""r4c8"": true, ""r5c1"": true, ""r5c2"": true, ""r5c3"": true, ""r5c4"": true, ""r5c5"": true, ""r5c6"": true, ""r5c7"": true, ""r5c8"": true, ""r6c1"": true, ""r6c2"": true, ""r6c3"": true, ""r6c4"": true, ""r6c5"": true, ""r6c6"": true, ""r6c7"": true, ""r6c8"": true}",ON,23,Balanced,6,8,0.8328619599342346
2026-10-09 15:43:16,3,"[""r2c2"", ""r2c3"", ""r2c4"", ""r2c5"", ""r2c6"", ""r2c7"", ""r2c8"", ""r3c2"", ""r3c3"", ""r3c4"", ""r3c5"", ""r3c6"", ""r3c7"", ""r3c8"", ""r4c1"", ""r4c2"", ""r4c3"", ""r4c4"", ""r4c5"", ""r4c6"", ""r4c7"", ""r4c8"", ""r5c1"", ""r5c2"", ""r5c3"", ""r5c4"", ""r5c5"", ""r5c6"", ""r5c7"", ""r5c8"", ""r6c2"", ""r6c3"", ""r6c4"", ""r6c5"", ""r6c6"", ""r6c7"", ""r6c8""]","{""r1c1"": true, ""r1c2"": true, ""r1c3"": true, ""r1c4"": true, ""r1c5"": true, ""r1c6"": true, ""r1c7"": true, ""r1c8"": true, ""r2c1"": true, ""r2c2"": true, ""r2c3"": true, ""r2c4"": true, ""r2c5"": true, ""r2c6"": true, ""r2c7"": true, ""r2c8"": true, ""r3c1"": true, ""r3c2"": true, ""r3c3"": true, ""r3c4"": true, ""r3c5"": true, ""r3c6"": true, ""r3c7"": true, ""r3c8"": true, ""r4c1"": true, ""r4c2"": true, ""r4c3"": true, ""r4c4"": true, ""r4c5"": true, ""r4c6"": true, ""r4c7"": true, ""r4c8"": true, ""r5c1"": true, ""r5c2"": true, ""r5c3"": true, ""r5c4"": true, ""r5c5"": true, ""r5c6"": true, ""r5c7"": true, ""r5c8"": true, ""r6c1"": true, ""r6c2"": true, ""r6c3"": true, ""r6c4"": true, ""r6c5"": true, ""r6c6"": true, ""r6c7"": true, ""r6c8"": true}",ON,23,Balanced,6,8,0.7502709627151489
2026-10-09 15:43:17,2,"[""r3c8"", ""r4c1"", ""r4c2"", ""r4c3"", ""r4c7"", ""r4c8"", ""r5c1"", ""r5c2"", ""r5c3"", ""r5c7"", ""r5c8"", ""r6c1"", ""r6c2"", ""r6c3"", ""r6c7"", ""r6c8""]","{""r1c1"": true, ""r1c2"": true, ""r1c3"": true, ""r1c4"": true, ""r1c5"": true, ""r1c6"": true, ""r1c7"": true, ""r1c8"": true, ""r2c1"": true, ""r2c2"": true, ""r2c3"": true, ""r2c4"": true, ""r2c5"": true, ""r2c6"": true, ""r2c7"": true, ""r2c8"": true, ""r3c1"": true, ""r3c2"": true, ""r3c3"": true, ""r3c4"": true, ""r3c5"": true, ""r3c6"": true, ""r3c7"": true, ""r3c8"": true, ""r4c1"": true, ""r4c2"": true, ""r4c3"": true, ""r4c4"": true, ""r4c5"": true, ""r4c6"": true, ""r4c7"": true, ""r4c8"": true, ""r5c1"": true, ""r5c2"": true, ""r5c3"": true, ""r5c4"": true, ""r5c5"": true, ""r5c6"": true, ""r5c7"": true, ""r5c8"": true, ""r6c1"": true, ""r6c2"": true, ""r6c3"": true, ""r6c4"": true, ""r6c5"": true, ""r6c6"": true, ""r6c7"": true, ""r6c8"": true}",ON,23,Balanced,6,8,0.8538507521152496
2026-10-09 15:43:17,3,"[""r2c2"", ""r2c3"", ""r2c4"", ""r2c5"", ""r2c6"", ""r2c7"", ""r3c2"", ""r3c3"", ""r3c4"", ""r3c5"", ""r3c6"", ""r3c7"", ""r3c8"", ""r4c1"", ""r4c2"", ""r4c3"", ""r4c4"", ""r4c5"", ""r4c6"", ""r4c7"", ""r4c8"", ""r5c1"", ""r5c2"", ""r5c3"", ""r5c4"", ""r5c5"", ""r5c6"", ""r5c7"", ""r5c8"", ""r6c1"", ""r6c2"", ""r6c3"", ""r6c4"", ""r6c5"", ""r6c6"", ""r6c7"", ""r6c8""]","{""r1c1"": true, ""r1c2"": true, ""r1c3"": true, ""r1c4"": true, ""r1c5"": true, ""r1c6"": true, ""r1c7"": true, ""r1c8"": true, ""r2c1"": true, ""r2c2"": true, ""r2c3"": true, ""r2c4"": true, ""r2c5"": true, ""r2c6"": true, ""r2c7"": true, ""r2c8"": true, ""r3c1"": true, ""r3c2"": true, ""r3c3"": true, ""r3c4"": true, ""r3c5"": true, ""r3c6"": true, ""r3c7"": true, ""r3c8"": true, ""r4c1"": true, ""r4c2"": true, ""r4c3"": true, ""r4c4"": true, ""r4c5"": true, ""r4c6"": true, ""r4c7"": true, ""r4c8"": true, ""r5c1"": true, ""r5c2"": true, ""r5c3"": true, ""r5c4"": true, ""r5c5"": true, ""r5c6"": true, ""r5c7"": true, ""r5c8"": true, ""r6c1"": true, ""r6c2"": true, ""r6c3"": true, ""r6c4"": true, ""r6c5"": true, ""r6c6"": true, ""r6c7"": true, ""r6c8"": true}",ON,23,Balanced,6,8,0.7010520398616791
2026-10-09 15:43:20,2,"[""r2c2"", ""r2c3"", ""r2c4"", ""r2c5"", ""r2c6"", ""r2c7"", ""r2c8"", ""r3c2"", ""r3c3"", ""r3c4"", ""r3c5"", ""r3c6"", ""r3c7"", ""r3c8"", ""r4c1"", ""r4c2"", ""r4c3"", ""r4c4"", ""r4c5"", ""r4c6"", ""r4c7"", ""r4c8"", ""r5c1"", ""r5c2"", ""r5c3"", ""r5c4"", ""r5c5"", ""r5c6"", ""r5c7"", ""r6c1"", ""r6c2"", ""r6c3"", ""r6c4"", ""r6c5"", ""r6c6"", ""r6c7""]","{""r1c1"": true, ""r1c2"": true, ""r1c3"": true, ""r1c4"": true, ""r1c5"": true, ""r1c6"": true, ""r1c7"": true, ""r1c8"": true, ""r2c1"": true, ""r2c2"": true, ""r2c3"": true, ""r2c4"": true, ""r2c5"": true, ""r2c6"": true, ""r2c7"": true, ""r2c8"": true, ""r3c1"": true, ""r3c2"": true, ""r3c3"": true, ""r3c4"": true, ""r3c5"": true, ""r3c6"": true, ""r3c7"": true, ""r3c8"": true, ""r4c1"": true, ""r4c2"": true, ""r4c3"": true, ""r4c4"": true, ""r4c5"": true, ""r4c6"": true, ""r4c7"": true, ""r4c8"": true, ""r5c1"": true, ""r5c2"": true, ""r5c3"": true, ""r5c4"": true, ""r5c5"": true, ""r5c6"": true, ""r5c7"": true, ""r5c8"": true, ""r6c1"": true, ""r6c2"": true, ""r6c3"": true, ""r6c4"": true, ""r6c5"": true, ""r6c6"": true, ""r6c7"": true, ""r6c8"": true}",ON,23,Balanced,6,8,0.8894912004470825
2026-10-09 15:43:20,1,"[""r2c2"", ""r2c3"", ""r2c4"", ""r2c5"", ""r2c6"", ""r2c7"", ""r2c8"", ""r3c2"", ""r3c3"", ""r3c4"", ""r3c5"", ""r3c6"", ""r3c7"", ""r3c8"", ""r4c2"", ""r4c3"", ""r4c4"", ""r4c5"", ""r4c6"", ""r4c7"", ""r5c2"", ""r5c3"", ""r5c4"", ""r5c5"", ""r5c6"", ""r5c7"", ""r6c2"", ""r6c3"", ""r6c4"", ""r6c5"", ""r6c6"", ""r6c7""]","{""r1c1"": true, ""r1c2"": true, ""r1c3"": true, ""r1c4"": true, ""r1c5"": true, ""r1c6"": true, ""r1c7"": true, ""r1c8"": true, ""r2c1"": true, ""r2c2"": true, ""r2c3"": true, ""r2c4"": true, ""r2c5"": true, ""r2c6"": true, ""r2c7"": true, ""r2c8"": true, ""r3c1"": true, ""r3c2"": true, ""r3c3"": true, ""r3c4"": true, ""r3c5"": true, ""r3c6"": true, ""r3c7"": true, ""r3c8"": true, ""r4c1"": true, ""r4c2"": true, ""r4c3"": true, ""r4c4"": true, ""r4c5"": true, ""r4c6"": true, ""r4c7"": true, ""r4c8"": true, ""r5c1"": true, ""r5c2"": true, ""r5c3"": true, ""r5c4"": true, ""r5c5"": true, ""r5c6"": true, ""r5c7"": true, ""r5c8"": true, ""r6c1"": true, ""r6c2"": true, ""r6c3"": true, ""r6c4"": true, ""r6c5"": true, ""r6c6"": true, ""r6c7"": true, ""r6c8"": true}",ON,23,Balanced,6,8,0.893307626247406
2026-10-09 15:43:20,2,"[""r2c2"", ""r2c3"", ""r2c4"", ""r2c5"", ""r2c6"", ""r2c7"", ""r2c8"", ""r3c2"", ""r3c3"", ""r3c4"", ""r3c5"", ""r3c6"", ""r3c7"", ""r3c8"", ""r4c1"", ""r4c2"", ""r4c3"", ""r4c4"", ""r4c5"", ""r4c6"", ""r4c7"", ""r4c8"", ""r5c1"", ""r5c2"", ""r5c3"", ""r5c4"", ""r5c5"", ""r5c6"", ""r5c7"", ""r6c1"", ""r6c2"", ""r6c3"", ""r6c4"", ""r6c5"", ""r6c6"", ""r6c7""]","{""r1c1"": true, ""r1c2"": true, ""r1c3"": true, ""r1c4"": true, ""r1c5"": true, ""r1c6"": true, ""r1c7"": true, ""r1c8"": true, ""r2c1"": true, ""r2c2"": true, ""r2c3"": true, ""r2c4"": true, ""r2c5"": true, ""r2c6"": true, ""r2c7"": true, ""r2c8"": true, ""r3c1"": true, ""r3c2"": true, ""r3c3"": true, ""r3c4"": true, ""r3c5"": true, ""r3c6"": true, ""r3c7"": true, ""r3c8"": true, ""r4c1"": true, ""r4c2"": true, ""r4c3"": true, ""r4c4"": true, ""r4c5"": true, ""r4c6"": true, ""r4c7"": true, ""r4c8"": true, ""r5c1"": true, ""r5c2"": true, ""r5c3"": true, ""r5c4"": true, ""r5c5"": true, ""r5c6"": true, ""r5c7"": true, ""r5c8"": true, ""r6c1"": true, ""r6c2"": true, ""r6c3"": true, ""r6c4"": true, ""r6c5"": true, ""r6c6"": true, ""r6c7"": true, ""r6c8"": true}",ON,23,Balanced,6,8,0.7911405563354492
2026-10-09 15:43:21,1,"[""r4c1"", ""r4c2"", ""r4c3"", ""r4c4"", ""r5c1"", ""r5c2"", ""r5c3"", ""r5c4"", ""r6c1"", ""r6c2"", ""r6c3"", ""r6c4""]","{""r1c1"": true, ""r1c2"": true, ""r1c3"": true, ""r1c4"": true, ""r1c5"": true, ""r1c6"": true, ""r1c7"": true, ""r1c8"": true, ""r2c1"": true, ""r2c2"": true, ""r2c3"": true, ""r2c4"": true, ""r2c5"": true, ""r2c6"": true, ""r2c7"": true, ""r2c8"": true, ""r3c1"": true, ""r3c2"": true, ""r3c3"": true, ""r3c4"": true, ""r3c5"": true, ""r3c6"": true, ""r3c7"": true, ""r3c8"": true, ""r4c1"": true, ""r4c2"": true, ""r4c3"": true, ""r4c4"": true, ""r4c5"": true, ""r4c6"": true, ""r4c7"": true, ""r4c8"": true, ""r5c1"": true, ""r5c2"": true, ""r5c3"": true, ""r5c4"": true, ""r5c5"": true, ""r5c6"": true, ""r5c7"": true, ""r5c8"": true, ""r6c1"": true, ""r6c2"": true, ""r6c3"": true, ""r6c4"": true, ""r6c5"": true, ""r6c6"": true, ""r6c7"": true, ""r6c8"": true}",ON,23,Balanced,6,8,0.8955087065696716
2026-10-09 15:43:21,3,"[""r3c3"", ""r3c4"", ""r3c5"", ""r3c6"", ""r3c7"", ""r3c8"", ""r4c1"", ""r4c2"", ""r4c3"", ""r4c4"", ""r4c5"", ""r4c6"", ""r4c7"", ""r4c8"", ""r5c1"", ""r5c2"", ""r5c3"", ""r5c4"", ""r5c5"", ""r5c6"", ""r5c7"", ""r5c8"", ""r6c1"", ""r6c2"", ""r6c3"", ""r6c4"", ""r6c5"", ""r6c6"", ""r6c7""]","{""r1c1"": true, ""r1c2"": true, ""r1c3"": true, ""r1c4"": true, ""r1c5"": true, ""r1c6"": true, ""r1c7"": true, ""r1c8"": true, ""r2c1"": true, ""r2c2"": true, ""r2c3"": true, ""r2c4"": true, ""r2c5"": true, ""r2c6"": true, ""r2c7"": true, ""r2c8"": true, ""r3c1"": true, ""r3c2"": true, ""r3c3"": true, ""r3c4"": true, ""r3c5"": true, ""r3c6"": true, ""r3c7"": true, ""r3c8"": true, ""r4c1"": true, ""r4c2"": true, ""r4c3"": true, ""r4c4"": true, ""r4c5"": true, ""r4c6"": true, ""r4c7"": true, ""r4c8"": true, ""r5c1"": true, ""r5c2"": true, ""r5c3"": true, ""r5c4"": true, ""r5c5"": true, ""r5c6"": true, ""r5c7"": true, ""r5c8"": true, ""r6c1"": true, ""r6c2"": true, ""r6c3"": true, ""r6c4"": true, ""r6c5"": true, ""r6c6"": true, ""r6c7"": true, ""r6c8"": true}",ON,23,Balanced,6,8,0.7885957757631937
2026-10-09 15:43:21,2,"[""r2c3"", ""r2c4"", ""r2c5"", ""r2c6"", ""r2c7"", ""r2c8"", ""r3c3"", ""r3c4"", ""r3c5"", ""r3c6"", ""r3c7"", ""r3c8"", ""r4c1"", ""r4c2"", ""r4c3"", ""r4c4"", ""r4c5"", ""r4c6"", ""r4c7"", ""r4c8"", ""r5c1"", ""r5c2"", ""r5c3"", ""r5c4"", ""r5c5"", ""r5c6"", ""r5c7"", ""r5c8"", ""r6c1"", ""r6c2"", ""r6c3"", ""r6c4"", ""r6c5"", ""r6c6"", ""r6c7"", ""r6c8""]","{""r1c1"": true, ""r1c2"": true, ""r1c3"": true, ""r1c4"": true, ""r1c5"": true, ""r1c6"": true, ""r1c7"": true, ""r1c8"": true, ""r2c1"": true, ""r2c2"": true, ""r2c3"": true, ""r2c4"": true, ""r2c5"": true, ""r2c6"": true, ""r2c7"": true, ""r2c8"": true, ""r3c1"": true, ""r3c2"": true, ""r3c3"": true, ""r3c4"": true, ""r3c5"": true, ""r3c6"": true, ""r3c7"": true, ""r3c8"": true, ""r4c1"": true, ""r4c2"": true, ""r4c3"": true, ""r4c4"": true, ""r4c5"": true, ""r4c6"": true, ""r4c7"": true, ""r4c8"": true, ""r5c1"": true, ""r5c2"": true, ""r5c3"": true, ""r5c4"": true, ""r5c5"": true, ""r5c6"": true, ""r5c7"": true, ""r5c8"": true, ""r6c1"": true, ""r6c2"": true, ""r6c3"": true, ""r6c4"": true, ""r6c5"": true, ""r6c6"": true, ""r6c7"": true, ""r6c8"": true}",ON,23,Balanced,6,8,0.7465121448040009
2026-10-09 15:43:22,1,"[""r3c1"", ""r3c2"", ""r3c3"", ""r4c1"", ""r4c2"", ""r4c3"", ""r5c1"", ""r5c2"", ""r5c3"", ""r6c1"", ""r6c2"", ""r6c3"", ""r6c4""]","{""r1c1"": true, ""r1c2"": true, ""r1c3"": true, ""r1c4"": true, ""r1c5"": true, ""r1c6"": true, ""r1c7"": true, ""r1c8"": true, ""r2c1"": true, ""r2c2"": true, ""r2c3"": true, ""r2c4"": true, ""r2c5"": true, ""r2c6"": true, ""r2c7"": true, ""r2c8"": true, ""r3c1"": true, ""r3c2"": true, ""r3c3"": true, ""r3c4"": true, ""r3c5"": true, ""r3c6"": true, ""r3c7"": true, ""r3c8"": true, ""r4c1"": true, ""r4c2"": true, ""r4c3"": true, ""r4c4"": true, ""r4c5"": true, ""r4c6"": true, ""r4c7"": true, ""r4c8"": true, ""r5c1"": true, ""r5c2"": true, ""r5c3"": true, ""r5c4"": true, ""r5c5"": true, ""r5c6"": true, ""r5c7"": true, ""r5c8"": true, ""r6c1"": true, ""r6c2"": true, ""r6c3"": true, ""r6c4"": true, ""r6c5"": true, ""r6c6"": true, ""r6c7"": true, ""r6c8"": true}",ON,23,Balanced,6,8,0.6963059306144714
2026-10-09 15:43:22,2,"[""r2c3"", ""r2c4"", ""r2c5"", ""r2c6"", ""r2c7"", ""r2c8"", ""r3c1"", ""r3c2"", ""r3c3"", ""r3c4"", ""r3c5"", ""r3c6"", ""r3c7"", ""r3c8"", ""r4c1"", ""r4c2"", ""r4c3"", ""r4c4"", ""r4c5"", ""r4c6"", ""r4c7"", ""r4c8"", ""r5c1"", ""r5c2"", ""r5c3"", ""r5c4"", ""r5c5"", ""r5c6"", ""r5c7"", ""r5c8"", ""r6c1"", ""r6c2"", ""r6c3"", ""r6c4"", ""r6c5"", ""r6c6"", ""r6c7"", ""r6c8""]","{""r1c1"": true, ""r1c2"": true, ""r1c3"": true, ""r1c4"": true, ""r1c5"": true, ""r1c6"": true, ""r1c7"": true, ""r1c8"": true, ""r2c1"": true, ""r2c2"": true, ""r2c3"": true, ""r2c4"": true, ""r2c5"": true, ""r2c6"": true, ""r2c7"": true, ""r2c8"": true, ""r3c1"": true, ""r3c2"": true, ""r3c3"": true, ""r3c4"": true, ""r3c5"": true, ""r3c6"": true, ""r3c7"": true, ""r3c8"": true, ""r4c1"": true, ""r4c2"": true, ""r4c3"": true, ""r4c4"": true, ""r4c5"": true, ""r4c6"": true, ""r4c7"": true, ""r4c8"": true, ""r5c1"": true, ""r5c2"": true, ""r5c3"": true, ""r5c4"": true, ""r5c5"": true, ""r5c6"": true, ""r5c7"": true, ""r5c8"": true, ""r6c1"": true, ""r6c2"": true, ""r6c3"": true, ""r6c4"": true, ""r6c5"": true, ""r6c6"": true, ""r6c7"": true, ""r6c8"": true}",ON,23,Balanced,6,8,0.7521534860134125
2026-10-09 15:43:23,3,"[""r2c2"", ""r2c3"", ""r2c4"", ""r2c5"", ""r2c6"", ""r2c7"", ""r2c8"", ""r3c2"", ""r3c3"", ""r3c4"", ""r3c5"", ""r3c6"", ""r3c7"", ""r3c8"", ""r4c1"", ""r4c2"", ""r4c3"", ""r4c4"", ""r4c5"", ""r4c6"", ""r4c7"", ""r4c8"", ""r5c1"", ""r5c2"", ""r5c3"", ""r5c4"", ""r5c5"", ""r5c6"", ""r5c7"", ""r5c8"", ""r6c1"", ""r6c2"", ""r6c3"", ""r6c4"", ""r6c5"", ""r6c6"", ""r6c7"", ""r6c8""]","{""r1c1"": true, ""r1c2"": true, ""r1c3"": true, ""r1c4"": true, ""r1c5"": true, ""r1c6"": true, ""r1c7"": true, ""r1c8"": true, ""r2c1"": true, ""r2c2"": true, ""r2c3"": true, ""r2c4"": true, ""r2c5"": true, ""r2c6"": true, ""r2c7"": true, ""r2c8"": true, ""r3c1"": true, ""r3c2"": true, ""r3c3"": true, ""r3c4"": true, ""r3c5"": true, ""r3c6"": true, ""r3c7"": true, ""r3c8"": true, ""r4c1"": true, ""r4c2"": true, ""r4c3"": true, ""r4c4"": true, ""r4c5"": true, ""r4c6"": true, ""r4c7"": true, ""r4c8"": true, ""r5c1"": true, ""r5c2"": true, ""r5c3"": true, ""r5c4"": true, ""r5c5"": true, ""r5c6"": true, ""r5c7"": true, ""r5c8"": true, ""r6c1"": true, ""r6c2"": true, ""r6c3"": true, ""r6c4"": true, ""r6c5"": true, ""r6c6"": true, ""r6c7"": true, ""r6c8"": true}",ON,23,Balanced,6,8,0.6733255187670389
2026-10-09 15:43:23,2,"[""r4c1"", ""r4c2"", ""r4c3"", ""r4c4"", ""r5c1"", ""r5c2"", ""r5c3"", ""r5c4"", ""r6c1"", ""r6c2"", ""r6c3"", ""r6c4""]","{""r1c1"": true, ""r1c2"": true, ""r1c3"": true, ""r1c4"": true, ""r1c5"": true, ""r1c6"": true, ""r1c7"": true, ""r1c8"": true, ""r2c1"": true, ""r2c2"": true, ""r2c3"": true, ""r2c4"": true, ""r2c5"": true, ""r2c6"": true, ""r2c7"": true, ""r2c8"": true, ""r3c1"": true, ""r3c2"": true, ""r3c3"": true, ""r3c4"": true, ""r3c5"": true, ""r3c6"": true, ""r3c7"": true, ""r3c8"": true, ""r4c1"": true, ""r4c2"": true, ""r4c3"": true, ""r4c4"": true, ""r4c5"": true, ""r4c6"": true, ""r4c7"": true, ""r4c8"": true, ""r5c1"": true, ""r5c2"": true, ""r5c3"": true, ""r5c4"": true, ""r5c5"": true, ""r5c6"": true, ""r5c7"": true, ""r5c8"": true, ""r6c1"": true, ""r6c2"": true, ""r6c3"": true, ""r6c4"": true, ""r6c5"": true, ""r6c6"": true, ""r6c7"": true, ""r6c8"": true}",ON,23,Balanced,6,8,0.7766855657100677
2026-10-09 15:43:23,3,"[""r2c1"", ""r2c2"", ""r2c3"", ""r2c4"", ""r2c5"", ""r2c6"", ""r2c7"", ""r3c1"", ""r3c2"", ""r3c3"", ""r3c4"", ""r3c5"", ""r3c6"", ""r3c7"", ""r4c1"", ""r4c2"", ""r4c3"", ""r4c4"", ""r4c5"", ""r4c6"", ""r4c7"", ""r5c1"", ""r5c2"", ""r5c3"", ""r5c4"", ""r5c5"", ""r5c6"", ""r5c7"", ""r6c1"", ""r6c2"", ""r6c3"", ""r6c4"", ""r6c5"", ""r6c6"", ""r6c7""]","{""r1c1"": true, ""r1c2"": true, ""r1c3"": true, ""r1c4"": true, ""r1c5"": true, ""r1c6"": true, ""r1c7"": true, ""r1c8"": true, ""r2c1"": true, ""r2c2"": true, ""r2c3"": true, ""r2c4"": true, ""r2c5"": true, ""r2c6"": true, ""r2c7"": true, ""r2c8"": true, ""r3c1"": true, ""r3c2"": true, ""r3c3"": true, ""r3c4"": true, ""r3c5"": true, ""r3c6"": true, ""r3c7"": true, ""r3c8"": true, ""r4c1"": true, ""r4c2"": true, ""r4c3"": true, ""r4c4"": true, ""r4c5"": true, ""r4c6"": true, ""r4c7"": true, ""r4c8"": true, ""r5c1"": true, ""r5c2"": true, ""r5c3"": true, ""r5c4"": true, ""r5c5"": true, ""r5c6"": true, ""r5c7"": true, ""r5c8"": true, ""r6c1"": true, ""r6c2"": true, ""r6c3"": true, ""r6c4"": true, ""r6c5"": true, ""r6c6"": true, ""r6c7"": true, ""r6c8"": true}",ON,23,Balanced,6,8,0.7247115969657898
2026-10-09 15:43:23,2,"[""r3c4"", ""r3c5"", ""r3c6"", ""r3c7"", ""r3c8"", ""r4c1"", ""r4c2"", ""r4c3"", ""r4c4"", ""r4c5"", ""r4c6"", ""r4c7"", ""r4c8"", ""r5c1"", ""r5c2"", ""r5c3"", ""r5c4"", ""r5c5"", ""r5c6"", ""r5c7"", ""r5c8"", ""r6c1"", ""r6c2"", ""r6c3"", ""r6c4"", ""r6c5"", ""r6c6"", ""r6c7"", ""r6c8""]","{""r1c1"": true, ""r1c2"": true, ""r1c3"": true, ""r1c4"": true, ""r1c5"": true, ""r1c6"": true, ""r1c7"": true, ""r1c8"": true, ""r2c1"": true, ""r2c2"": true, ""r2c3"": true, ""r2c4"": true, ""r2c5"": true, ""r2c6"": true, ""r2c7"": true, ""r2c8"": true, ""r3c1"": true, ""r3c2"": true, ""r3c3"": true, ""r3c4"": true, ""r3c5"": true, ""r3c6"": true, ""r3c7"": true, ""r3c8"": true, ""r4c1"": true, ""r4c2"": true, ""r4c3"": true, ""r4c4"": true, ""r4c5"": true, ""r4c6"": true, ""r4c7"": true, ""r4c8"": true, ""r5c1"": true, ""r5c2"": true, ""r5c3"": true, ""r5c4"": true, ""r5c5"": true, ""r5c6"": true, ""r5c7"": true, ""r5c8"": true, ""r6c1"": true, ""r6c2"": true, ""r6c3"": true, ""r6c4"": true, ""r6c5"": true, ""r6c6"": true, ""r6c7"": true, ""r6c8"": true}",ON,23,Balanced,6,8,0.8665704131126404
2026-10-09 15:43:24,1,"[""r4c1"", ""r4c2"", ""r4c3"", ""r4c4"", ""r5c1"", ""r5c2"", ""r5c3"", ""r5c4"", ""r6c1"", ""r6c2"", ""r6c3"", ""r6c4""]","{""r1c1"": true, ""r1c2"": true, ""r1c3"": true, ""r1c4"": true, ""r1c5"": true, ""r1c6"": true, ""r1c7"": true, ""r1c8"": true, ""r2c1"": true, ""r2c2"": true, ""r2c3"": true, ""r2c4"": true, ""r2c5"": true, ""r2c6"": true, ""r2c7"": true, ""r2c8"": true, ""r3c1"": true, ""r3c2"": true, ""r3c3"": true, ""r3c4"": true, ""r3c5"": true, ""r3c6"": true, ""r3c7"": true, ""r3c8"": true, ""r4c1"": true, ""r4c2"": true, ""r4c3"": true, ""r4c4"": true, ""r4c5"": true, ""r4c6"": true, ""r4c7"": true, ""r4c8"": true, ""r5c1"": true, ""r5c2"": true, ""r5c3"": true, ""r5c4"": true, ""r5c5"": true, ""r5c6"": true, ""r5c7"": true, ""r5c8"": true, ""r6c1"": true, ""r6c2"": true, ""r6c3"": true, ""r6c4"": true, ""r6c5"": true, ""r6c6"": true, ""r6c7"": true, ""r6c8"": true}",ON,23,Balanced,6,8,0.8555257320404053
2026-10-09 15:43:24,2,"[""r3c4"", ""r3c5"", ""r3c6"", ""r3c7"", ""r3c8"", ""r4c1"", ""r4c2"", ""r4c3"", ""r4c4"", ""r4c5"", ""r4c6"", ""r4c7"", ""r4c8"", ""r5c1"", ""r5c2"", ""r5c3"", ""r5c4"", ""r5c5"", ""r5c6"", ""r5c7"", ""r5c8"", ""r6c1"", ""r6c2"", ""r6c3"", ""r6c4"", ""r6c5"", ""r6c6"", ""r6c7""]","{""r1c1"": true, ""r1c2"": true, ""r1c3"": true, ""r1c4"": true, ""r1c5"": true, ""r1c6"": true, ""r1c7"": true, ""r1c8"": true, ""r2c1"": true, ""r2c2"": true, ""r2c3"": true, ""r2c4"": true, ""r2c5"": true, ""r2c6"": true, ""r2c7"": true, ""r2c8"": true, ""r3c1"": true, ""r3c2"": true, ""r3c3"": true, ""r3c4"": true, ""r3c5"": true, ""r3c6"": true, ""r3c7"": true, ""r3c8"": true, ""r4c1"": true, ""r4c2"": true, ""r4c3"": true, ""r4c4"": true, ""r4c5"": true, ""r4c6"": true, ""r4c7"": true, ""r4c8"": true, ""r5c1"": true, ""r5c2"": true, ""r5c3"": true, ""r5c4"": true, ""r5c5"": true, ""r5c6"": true, ""r5c7"": true, ""r5c8"": true, ""r6c1"": true, ""r6c2"": true, ""r6c3"": true, ""r6c4"": true, ""r6c5"": true, ""r6c6"": true, ""r6c7"": true, ""r6c8"": true}",ON,23,Balanced,6,8,0.8021979629993439
2026-10-09 15:43:25,2,"[""r3c1"", ""r3c2"", ""r3c3"", ""r3c4"", ""r3c5"", ""r3c6"", ""r3c7"", ""r3c8"", ""r4c1"", ""r4c2"", ""r4c3"", ""r4c4"", ""r4c5"", ""r4c6"", ""r4c7"", ""r4c8"", ""r5c1"", ""r5c2"", ""r5c3"", ""r5c4"", ""r5c5"", ""r5c6"", ""r5c7"", ""r5c8"", ""r6c1"", ""r6c2"", ""r6c3"", ""r6c4"", ""r6c5"", ""r6c6"", ""r6c7"", ""r6c8""]","{""r1c1"": false, ""r1c2"": true, ""r1c3"": true, ""r1c4"": true, ""r1c5"": true, ""r1c6"": true, ""r1c7"": true, ""r1c8"": true, ""r2c1"": true, ""r2c2"": true, ""r2c3"": true, ""r2c4"": true, ""r2c5"": true, ""r2c6"": true, ""r2c7"": true, ""r2c8"": true, ""r3c1"": true, ""r3c2"": true, ""r3c3"": true, ""r3c4"": true, ""r3c5"": true, ""r3c6"": true, ""r3c7"": true, ""r3c8"": true, ""r4c1"": true, ""r4c2"": true, ""r4c3"": true, ""r4c4"": true, ""r4c5"": true, ""r4c6"": true, ""r4c7"": true, ""r4c8"": true, ""r5c1"": true, ""r5c2"": true, ""r5c3"": true, ""r5c4"": true, ""r5c5"": true, ""r5c6"": true, ""r5c7"": true, ""r5c8"": true, ""r6c1"": true, ""r6c2"": true, ""r6c3"": true, ""r6c4"": true, ""r6c5"": true, ""r6c6"": true, ""r6c7"": true, ""r6c8"": true}",ON,23,Balanced,6,8,0.8813963830471039
2026-10-09 15:43:26,1,"[""r2c3"", ""r2c4"", ""r2c5"", ""r2c6"", ""r2c7"", ""r2c8"", ""r3c3"", ""r3c4"", ""r3c5"", ""r3c6"", ""r3c7"", ""r3c8"", ""r4c4"", ""r4c5"", ""r4c6"", ""r4c7"", ""r4c8"", ""r5c4"", ""r5c5"", ""r5c6"", ""r5c7"", ""r5c8"", ""r6c4"", ""r6c5"", ""r6c6"", ""r6c7""]","{""r1c1"": false, ""r1c2"": true, ""r1c3"": true, ""r1c4"": true, ""r1c5"": true, ""r1c6"": true, ""r1c7"": true, ""r1c8"": true, ""r2c1"": true, ""r2c2"": true, ""r2c3"": true, ""r2c4"": true, ""r2c5"": true, ""r2c6"": true, ""r2c7"": true, ""r2c8"": true, ""r3c1"": true, ""r3c2"": true, ""r3c3"": true, ""r3c4"": true, ""r3c5"": true, ""r3c6"": true, ""r3c7"": true, ""r3c8"": true, ""r4c1"": true, ""r4c2"": true, ""r4c3"": true, ""r4c4"": true, ""r4c5"": true, ""r4c6"": true, ""r4c7"": true, ""r4c8"": true, ""r5c1"": true, ""r5c2"": true, ""r5c3"": true, ""r5c4"": true, ""r5c5"": true, ""r5c6"": true, ""r5c7"": true, ""r5c8"": true, ""r6c1"": true, ""r6c2"": true, ""r6c3"": true, ""r6c4"": true, ""r6c5"": true, ""r6c6"": true, ""r6c7"": true, ""r6c8"": true}",ON,23,Balanced,6,8,0.7819274663925171
2026-10-09 15:43:31,1,"[""r1c1"", ""r1c2"", ""r1c3"", ""r1c4"", ""r1c5"", ""r1c6"", ""r1c7"", ""r1c8"", ""r2c1"", ""r2c2"", ""r2c3"", ""r2c4"", ""r2c5"", ""r2c6"", ""r2c7"", ""r2c8"", ""r3c1"", ""r3c2"", ""r3c3"", ""r3c4"", ""r3c5"", ""r3c6"", ""r3c7"", ""r3c8"", ""r4c1"", ""r4c2"", ""r4c3"", ""r4c4"", ""r4c5"", ""r4c6"", ""r4c7"", ""r4c8"", ""r5c1"", ""r5c2"", ""r5c3"", ""r5c4"", ""r5c5"", ""r5c6"", ""r5c7"", ""r5c8"", ""r6c1"", ""r6c2"", ""r6c3"", ""r6c4"", ""r6c5"", ""r6c6"", ""r6c7"", ""r6c8""]","{""r1c1"": false, ""r1c2"": true, ""r1c3"": true, ""r1c4"": true, ""r1c5"": true, ""r1c6"": true, ""r1c7"": true, ""r1c8"": true, ""r2c1"": true, ""r2c2"": true, ""r2c3"": true, ""r2c4"": true, ""r2c5"": true, ""r2c6"": true, ""r2c7"": true, ""r2c8"": true, ""r3c1"": true, ""r3c2"": true, ""r3c3"": true, ""r3c4"": true, ""r3c5"": true, ""r3c6"": true, ""r3c7"": true, ""r3c8"": true, ""r4c1"": true, ""r4c2"": true, ""r4c3"": true, ""r4c4"": true, ""r4c5"": true, ""r4c6"": true, ""r4c7"": true, ""r4c8"": true, ""r5c1"": true, ""r5c2"": true, ""r5c3"": true, ""r5c4"": true, ""r5c5"": true, ""r5c6"": true, ""r5c7"": true, ""r5c8"": true, ""r6c1"": true, ""r6c2"": true, ""r6c3"": true, ""r6c4"": true, ""r6c5"": true, ""r6c6"": true, ""r6c7"": true, ""r6c8"": true}",ON,23,Balanced,6,8,0.896035373210907
2026-10-09 15:43:36,0,[],"{""r1c1"": false, ""r1c2"": true, ""r1c3"": true, ""r1c4"": true, ""r1c5"": true, ""r1c6"": true, ""r1c7"": true, ""r1c8"": true, ""r2c1"": true, ""r2c2"": true, ""r2c3"": true, ""r2c4"": true, ""r2c5"": true, ""r2c6"": true, ""r2c7"": true, ""r2c8"": true, ""r3c1"": true, ""r3c2"": true, ""r3c3"": true, ""r3c4"": true, ""r3c5"": true, ""r3c6"": true, ""r3c7"": true, ""r3c8"": true, ""r4c1"": true, ""r4c2"": true, ""r4c3"": true, ""r4c4"": true, ""r4c5"": true, ""r4c6"": true, ""r4c7"": true, ""r4c8"": true, ""r5c1"": true, ""r5c2"": true, ""r5c3"": true, ""r5c4"": true, ""r5c5"": true, ""r5c6"": true, ""r5c7"": true, ""r5c8"": true, ""r6c1"": true, ""r6c2"": true, ""r6c3"": true, ""r6c4"": true, ""r6c5"": true, ""r6c6"": true, ""r6c7"": true, ""r6c8"": true}",OFF,26,Balanced,6,8,
2026-10-09 15:43:36,1,"[""r1c1"", ""r1c2"", ""r1c3"", ""r1c4"", ""r1c5"", ""r1c6"", ""r1c7"", ""r1c8"", ""r2c1"", ""r2c2"", ""r2c3"", ""r2c4"", ""r2c5"", ""r2c6"", ""r2c7"", ""r2c8"", ""r3c1"", ""r3c2"", ""r3c3"", ""r3c4"", ""r3c5"", ""r3c6"", ""r3c7"", ""r3c8"", ""r4c1"", ""r4c2"", ""r4c3"", ""r4c4"", ""r4c5"", ""r4c6"", ""r4c7"", ""r4c8"", ""r5c1"", ""r5c2"", ""r5c3"", ""r5c4"", ""r5c5"", ""r5c6"", ""r5c7"", ""r5c8"", ""r6c1"", ""r6c2"", ""r6c3"", ""r6c4"", ""r6c5"", ""r6c6"", ""r6c7"", ""r6c8""]","{""r1c1"": false, ""r1c2"": true, ""r1c3"": true, ""r1c4"": true, ""r1c5"": true, ""r1c6"": true, ""r1c7"": true, ""r1c8"": true, ""r2c1"": true, ""r2c2"": true, ""r2c3"": true, ""r2c4"": true, ""r2c5"": true, ""r2c6"": true, ""r2c7"": true, ""r2c8"": true, ""r3c1"": true, ""r3c2"": true, ""r3c3"": true, ""r3c4"": true, ""r3c5"": true, ""r3c6"": true, ""r3c7"": true, ""r3c8"": true, ""r4c1"": true, ""r4c2"": true, ""r4c3"": true, ""r4c4"": true, ""r4c5"": true, ""r4c6"": true, ""r4c7"": true, ""r4c8"": true, ""r5c1"": true, ""r5c2"": true, ""r5c3"": true, ""r5c4"": true, ""r5c5"": true, ""r5c6"": true, ""r5c7"": true, ""r5c8"": true, ""r6c1"": true, ""r6c2"": true, ""r6c3"": true, ""r6c4"": true, ""r6c5"": true, ""r6c6"": true, ""r6c7"": true, ""r6c8"": true}",ON,23,Balanced,6,8,0.4688951373100281
2026-10-09 15:43:36,0,[],"{""r1c1"": false, ""r1c2"": true, ""r1c3"": true, ""r1c4"": true, ""r1c5"": true, ""r1c6"": true, ""r1c7"": true, ""r1c8"": true, ""r2c1"": true, ""r2c2"": true, ""r2c3"": true, ""r2c4"": true, ""r2c5"": true, ""r2c6"": true, ""r2c7"": true, ""r2c8"": true, ""r3c1"": true, ""r3c2"": true, ""r3c3"": true, ""r3c4"": true, ""r3c5"": true, ""r3c6"": true, ""r3c7"": true, ""r3c8"": true, ""r4c1"": true, ""r4c2"": true, ""r4c3"": true, ""r4c4"": true, ""r4c5"": true, ""r4c6"": true, ""r4c7"": true, ""r4c8"": true, ""r5c1"": true, ""r5c2"": true, ""r5c3"": true, ""r5c4"": true, ""r5c5"": true, ""r5c6"": true, ""r5c7"": true, ""r5c8"": true, ""r6c1"": true, ""r6c2"": true, ""r6c3"": true, ""r6c4"": true, ""r6c5"": true, ""r6c6"": true, ""r6c7"": true, ""r6c8"": true}",OFF,26,Balanced,6,8,
2026-10-09 15:43:37,1,"[""r1c1"", ""r1c2"", ""r1c3"", ""r1c4"", ""r1c5"", ""r1c6"", ""r1c7"", ""r1c8"", ""r2c1"", ""r2c2"", ""r2c3"", ""r2c4"", ""r2c5"", ""r2c6"", ""r2c7"", ""r2c8"", ""r3c1"", ""r3c2"", ""r3c3"", ""r3c4"", ""r3c5"", ""r3c6"", ""r3c7"", ""r3c8"", ""r4c1"", ""r4c2"", ""r4c3"", ""r4c4"", ""r4c5"", ""r4c6"", ""r4c7"", ""r4c8"", ""r5c1"", ""r5c2"", ""r5c3"", ""r5c4"", ""r5c5"", ""r5c6"", ""r5c7"", ""r5c8"", ""r6c1"", ""r6c2"", ""r6c3"", ""r6c4"", ""r6c5"", ""r6c6"", ""r6c7"", ""r6c8""]","{""r1c1"": false, ""r1c2"": true, ""r1c3"": true, ""r1c4"": true, ""r1c5"": true, ""r1c6"": true, ""r1c7"": true, ""r1c8"": true, ""r2c1"": true, ""r2c2"": true, ""r2c3"": true, ""r2c4"": true, ""r2c5"": true, ""r2c6"": true, ""r2c7"": true, ""r2c8"": true, ""r3c1"": true, ""r3c2"": true, ""r3c3"": true, ""r3c4"": true, ""r3c5"": true, ""r3c6"": true, ""r3c7"": true, ""r3c8"": true, ""r4c1"": true, ""r4c2"": true, ""r4c3"": true, ""r4c4"": true, ""r4c5"": true, ""r4c6"": true, ""r4c7"": true, ""r4c8"": true, ""r5c1"": true, ""r5c2"": true, ""r5c3"": true, ""r5c4"": true, ""r5c5"": true, ""r5c6"": true, ""r5c7"": true, ""r5c8"": true, ""r6c1"": true, ""r6c2"": true, ""r6c3"": true, ""r6c4"": true, ""r6c5"": true, ""r6c6"": true, ""r6c7"": true, ""r6c8"": true}",ON,23,Balanced,6,8,0.7081823945045471
2026-10-09 15:43:37,2,"[""r1c1"", ""r1c2"", ""r1c3"", ""r1c4"", ""r1c5"", ""r1c6"", ""r1c7"", ""r1c8"", ""r2c1"", ""r2c2"", ""r2c3"", ""r2c4"", ""r2c5"", ""r2c6"", ""r2c7"", ""r2c8"", ""r3c1"", ""r3c2"", ""r3c3"", ""r3c4"", ""r3c5"", ""r3c6"", ""r3c7"", ""r3c8"", ""r4c1"", ""r4c2"", ""r4c3"", ""r4c4"", ""r4c5"", ""r4c6"", ""r4c7"", ""r4c8"", ""r5c1"", ""r5c2"", ""r5c3"", ""r5c4"", ""r5c5"", ""r5c6"", ""r5c7"", ""r5c8"", ""r6c1"", ""r6c2"", ""r6c3"", ""r6c4"", ""r6c5"", ""r6c6"", ""r6c7"", ""r6c8""]","{""r1c1"": false, ""r1c2"": true, ""r1c3"": true, ""r1c4"": true, ""r1c5"": true, ""r1c6"": true, ""r1c7"": true, ""r1c8"": true, ""r2c1"": true, ""r2c2"": true, ""r2c3"": true, ""r2c4"": true, ""r2c5"": true, ""r2c6"": true, ""r2c7"": true, ""r2c8"": true, ""r3c1"": true, ""r3c2"": true, ""r3c3"": true, ""r3c4"": true, ""r3c5"": true, ""r3c6"": true, ""r3c7"": true, ""r3c8"": true, ""r4c1"": true, ""r4c2"": true, ""r4c3"": true, ""r4c4"": true, ""r4c5"": true, ""r4c6"": true, ""r4c7"": true, ""r4c8"": true, ""r5c1"": true, ""r5c2"": true, ""r5c3"": true, ""r5c4"": true, ""r5c5"": true, ""r5c6"": true, ""r5c7"": true, ""r5c8"": true, ""r6c1"": true, ""r6c2"": true, ""r6c3"": true, ""r6c4"": true, ""r6c5"": true, ""r6c6"": true, ""r6c7"": true, ""r6c8"": true}",ON,23,Balanced,6,8,0.576710894703865
2026-10-09 15:43:37,1,"[""r1c1"", ""r1c2"", ""r1c3"", ""r1c4"", ""r1c5"", ""r1c6"", ""r1c7"", ""r1c8"", ""r2c1"", ""r2c2"", ""r2c3"", ""r2c4"", ""r2c5"", ""r2c6"", ""r2c7"", ""r2c8"", ""r3c1"", ""r3c2"", ""r3c3"", ""r3c4"", ""r3c5"", ""r3c6"", ""r3c7"", ""r3c8"", ""r4c1"", ""r4c2"", ""r4c3"", ""r4c4"", ""r4c5"", ""r4c6"", ""r4c7"", ""r4c8"", ""r5c1"", ""r5c2"", ""r5c3"", ""r5c4"", ""r5c5"", ""r5c6"", ""r5c7"", ""r5c8"", ""r6c1"", ""r6c2"", ""r6c3"", ""r6c4"", ""r6c5"", ""r6c6"", ""r6c7"", ""r6c8""]","{""r1c1"": false, ""r1c2"": true, ""r1c3"": true, ""r1c4"": true, ""r1c5"": true, ""r1c6"": true, ""r1c7"": true, ""r1c8"": true, ""r2c1"": true, ""r2c2"": true, ""r2c3"": true, ""r2c4"": true, ""r2c5"": true, ""r2c6"": true, ""r2c7"": true, ""r2c8"": true, ""r3c1"": true, ""r3c2"": true, ""r3c3"": true, ""r3c4"": true, ""r3c5"": true, ""r3c6"": true, ""r3c7"": true, ""r3c8"": true, ""r4c1"": true, ""r4c2"": true, ""r4c3"": true, ""r4c4"": true, ""r4c5"": true, ""r4c6"": true, ""r4c7"": true, ""r4c8"": true, ""r5c1"": true, ""r5c2"": true, ""r5c3"": true, ""r5c4"": true, ""r5c5"": true, ""r5c6"": true, ""r5c7"": true, ""r5c8"": true, ""r6c1"": true, ""r6c2"": true, ""r6c3"": true, ""r6c4"": true, ""r6c5"": true, ""r6c6"": true, ""r6c7"": true, ""r6c8"": true}",ON,23,Balanced,6,8,0.5391812920570374
2026-10-09 15:43:38,2,"[""r1c1"", ""r1c2"", ""r1c3"", ""r1c4"", ""r1c5"", ""r1c6"", ""r1c7"", ""r1c8"", ""r2c1"", ""r2c2"", ""r2c3"", ""r2c4"", ""r2c5"", ""r2c6"", ""r2c7"", ""r2c8"", ""r3c1"", ""r3c2"", ""r3c3"", ""r3c4"", ""r3c5"", ""r3c6"", ""r3c7"", ""r3c8"", ""r4c1"", ""r4c2"", ""r4c3"", ""r4c4"", ""r4c5"", ""r4c6"", ""r4c7"", ""r4c8"", ""r5c1"", ""r5c2"", ""r5c3"", ""r5c4"", ""r5c5"", ""r5c6"", ""r5c7"", ""r5c8"", ""r6c1"", ""r6c2"", ""r6c3"", ""r6c4"", ""r6c5"", ""r6c6"", ""r6c7"", ""r6c8""]","{""r1c1"": false, ""r1c2"": true, ""r1c3"": true, ""r1c4"": true, ""r1c5"": true, ""r1c6"": true, ""r1c7"": true, ""r1c8"": true, ""r2c1"": true, ""r2c2"": true, ""r2c3"": true, ""r2c4"": true, ""r2c5"": true, ""r2c6"": true, ""r2c7"": true, ""r2c8"": true, ""r3c1"": true, ""r3c2"": true, ""r3c3"": true, ""r3c4"": true, ""r3c5"": true, ""r3c6"": true, ""r3c7"": true, ""r3c8"": true, ""r4c1"": true, ""r4c2"": true, ""r4c3"": true, ""r4c4"": true, ""r4c5"": true, ""r4c6"": true, ""r4c7"": true, ""r4c8"": true, ""r5c1"": true, ""r5c2"": true, ""r5c3"": true, ""r5c4"": true, ""r5c5"": true, ""r5c6"": true, ""r5c7"": true, ""r5c8"": true, ""r6c1"": true, ""r6c2"": true, ""r6c3"": true, ""r6c4"": true, ""r6c5"": true, ""r6c6"": true, ""r6c7"": true, ""r6c8"": true}",ON,23,Balanced,6,8,0.6418431103229523
2026-10-09 15:43:38,1,"[""r1c1"", ""r1c2"", ""r1c3"", ""r1c4"", ""r1c5"", ""r1c6"", ""r1c7"", ""r1c8"", ""r2c1"", ""r2c2"", ""r2c3"", ""r2c4"", ""r2c5"", ""r2c6"", ""r2c7"", ""r2c8"", ""r3c1"", ""r3c2"", ""r3c3"", ""r3c4"", ""r3c5"", ""r3c6"", ""r3c7"", ""r3c8"", ""r4c1"", ""r4c2"", ""r4c3"", ""r4c4"", ""r4c5"", ""r4c6"", ""r4c7"", ""r4c8"", ""r5c1"", ""r5c2"", ""r5c3"", ""r5c4"", ""r5c5"", ""r5c6"", ""r5c7"", ""r5c8"", ""r6c1"", ""r6c2"", ""r6c3"", ""r6c4"", ""r6c5"", ""r6c6"", ""r6c7"", ""r6c8""]","{""r1c1"": false, ""r1c2"": true, ""r1c3"": true, ""r1c4"": true, ""r1c5"": true, ""r1c6"": true, ""r1c7"": true, ""r1c8"": true, ""r2c1"": true, ""r2c2"": true, ""r2c3"": true, ""r2c4"": true, ""r2c5"": true, ""r2c6"": true, ""r2c7"": true, ""r2c8"": true, ""r3c1"": true, ""r3c2"": true, ""r3c3"": true, ""r3c4"": true, ""r3c5"": true, ""r3c6"": true, ""r3c7"": true, ""r3c8"": true, ""r4c1"": true, ""r4c2"": true, ""r4c3"": true, ""r4c4"": true, ""r4c5"": true, ""r4c6"": true, ""r4c7"": true, ""r4c8"": true, ""r5c1"": true, ""r5c2"": true, ""r5c3"": true, ""r5c4"": true, ""r5c5"": true, ""r5c6"": true, ""r5c7"": true, ""r5c8"": true, ""r6c1"": true, ""r6c2"": true, ""r6c3"": true, ""r6c4"": true, ""r6c5"": true, ""r6c6"": true, ""r6c7"": true, ""r6c8"": true}",ON,23,Balanced,6,8,0.7603101134300232
2026-10-09 15:43:39,2,"[""r1c1"", ""r1c2"", ""r1c3"", ""r1c4"", ""r1c5"", ""r1c6"", ""r1c7"", ""r1c8"", ""r2c1"", ""r2c2"", ""r2c3"", ""r2c4"", ""r2c5"", ""r2c6"", ""r2c7"", ""r2c8"", ""r3c1"", ""r3c2"", ""r3c3"", ""r3c4"", ""r3c5"", ""r3c6"", ""r3c7"", ""r3c8"", ""r4c1"", ""r4c2"", ""r4c3"", ""r4c4"", ""r4c5"", ""r4c6"", ""r4c7"", ""r4c8"", ""r5c1"", ""r5c2"", ""r5c3"", ""r5c4"", ""r5c5"", ""r5c6"", ""r5c7"", ""r5c8"", ""r6c1"", ""r6c2"", ""r6c3"", ""r6c4"", ""r6c5"", ""r6c6"", ""r6c7"", ""r6c8""]","{""r1c1"": false, ""r1c2"": true, ""r1c3"": true, ""r1c4"": true, ""r1c5"": true, ""r1c6"": true, ""r1c7"": true, ""r1c8"": true, ""r2c1"": true, ""r2c2"": true, ""r2c3"": true, ""r2c4"": true, ""r2c5"": true, ""r2c6"": true, ""r2c7"": true, ""r2c8"": true, ""r3c1"": true, ""r3c2"": true, ""r3c3"": true, ""r3c4"": true, ""r3c5"": true, ""r3c6"": true, ""r3c7"": true, ""r3c8"": true, ""r4c1"": true, ""r4c2"": true, ""r4c3"": true, ""r4c4"": true, ""r4c5"": true, ""r4c6"": true, ""r4c7"": true, ""r4c8"": true, ""r5c1"": true, ""r5c2"": true, ""r5c3"": true, ""r5c4"": true, ""r5c5"": true, ""r5c6"": true, ""r5c7"": true, ""r5c8"": true, ""r6c1"": true, ""r6c2"": true, ""r6c3"": true, ""r6c4"": true, ""r6c5"": true, ""r6c6"": true, ""r6c7"": true, ""r6c8"": true}",ON,23,Balanced,6,8,0.6561979800462723
2026-10-09 15:43:39,1,"[""r1c1"", ""r1c2"", ""r1c3"", ""r1c4"", ""r1c5"", ""r1c6"", ""r1c7"", ""r1c8"", ""r2c1"", ""r2c2"", ""r2c3"", ""r2c4"", ""r2c5"", ""r2c6"", ""r2c7"", ""r2c8"", ""r3c1"", ""r3c2"", ""r3c3"", ""r3c4"", ""r3c5"", ""r3c6"", ""r3c7"", ""r3c8"", ""r4c1"", ""r4c2"", ""r4c3"", ""r4c4"", ""r4c5"", ""r4c6"", ""r4c7"", ""r4c8"", ""r5c1"", ""r5c2"", ""r5c3"", ""r5c4"", ""r5c5"", ""r5c6"", ""r5c7"", ""r5c8"", ""r6c1"", ""r6c2"", ""r6c3"", ""r6c4"", ""r6c5"", ""r6c6"", ""r6c7"", ""r6c8""]","{""r1c1"": false, ""r1c2"": true, ""r1c3"": true, ""r1c4"": true, ""r1c5"": true, ""r1c6"": true, ""r1c7"": true, ""r1c8"": true, ""r2c1"": true, ""r2c2"": true, ""r2c3"": true, ""r2c4"": true, ""r2c5"": true, ""r2c6"": true, ""r2c7"": true, ""r2c8"": true, ""r3c1"": true, ""r3c2"": true, ""r3c3"": true, ""r3c4"": true, ""r3c5"": true, ""r3c6"": true, ""r3c7"": true, ""r3c8"": true, ""r4c1"": true, ""r4c2"": true, ""r4c3"": true, ""r4c4"": true, ""r4c5"": true, ""r4c6"": true, ""r4c7"": true, ""r4c8"": true, ""r5c1"": true, ""r5c2"": true, ""r5c3"": true, ""r5c4"": true, ""r5c5"": true, ""r5c6"": true, ""r5c7"": true, ""r5c8"": true, ""r6c1"": true, ""r6c2"": true, ""r6c3"": true, ""r6c4"": true, ""r6c5"": true, ""r6c6"": true, ""r6c7"": true, ""r6c8"": true}",ON,23,Balanced,6,8,0.8897377848625183
2026-10-09 15:43:39,2,"[""r1c1"", ""r1c2"", ""r1c3"", ""r1c4"", ""r1c5"", ""r1c6"", ""r1c7"", ""r1c8"", ""r2c1"", ""r2c2"", ""r2c3"", ""r2c4"", ""r2c5"", ""r2c6"", ""r2c7"", ""r2c8"", ""r3c1"", ""r3c2"", ""r3c3"", ""r3c4"", ""r3c5"", ""r3c6"", ""r3c7"", ""r3c8"", ""r4c1"", ""r4c2"", ""r4c3"", ""r4c4"", ""r4c5"", ""r4c6"", ""r4c7"", ""r4c8"", ""r5c1"", ""r5c2"", ""r5c3"", ""r5c4"", ""r5c5"", ""r5c6"", ""r5c7"", ""r5c8"", ""r6c1"", ""r6c2"", ""r6c3"", ""r6c4"", ""r6c5"", ""r6c6"", ""r6c7"", ""r6c8""]","{""r1c1"": false, ""r1c2"": true, ""r1c3"": true, ""r1c4"": true, ""r1c5"": true, ""r1c6"": true, ""r1c7"": true, ""r1c8"": true, ""r2c1"": true, ""r2c2"": true, ""r2c3"": true, ""r2c4"": true, ""r2c5"": true, ""r2c6"": true, ""r2c7"": true, ""r2c8"": true, ""r3c1"": true, ""r3c2"": true, ""r3c3"": true, ""r3c4"": true, ""r3c5"": true, ""r3c6"": true, ""r3c7"": true, ""r3c8"": true, ""r4c1"": true, ""r4c2"": true, ""r4c3"": true, ""r4c4"": true, ""r4c5"": true, ""r4c6"": true, ""r4c7"": true, ""r4c8"": true, ""r5c1"": true, ""r5c2"": true, ""r5c3"": true, ""r5c4"": true, ""r5c5"": true, ""r5c6"": true, ""r5c7"": true, ""r5c8"": true, ""r6c1"": true, ""r6c2"": true, ""r6c3"": true, ""r6c4"": true, ""r6c5"": true, ""r6c6"": true, ""r6c7"": true, ""r6c8"": true}",ON,23,Balanced,6,8,0.709894061088562
2026-10-09 15:43:39,1,"[""r1c1"", ""r1c2"", ""r1c3"", ""r1c4"", ""r1c5"", ""r1c6"", ""r1c7"", ""r1c8"", ""r2c1"", ""r2c2"", ""r2c3"", ""r2c4"", ""r2c5"", ""r2c6"", ""r2c7"", ""r2c8"", ""r3c1"", ""r3c2"", ""r3c3"", ""r3c4"", ""r3c5"", ""r3c6"", ""r3c7"", ""r3c8"", ""r4c1"", ""r4c2"", ""r4c3"", ""r4c4"", ""r4c5"", ""r4c6"", ""r4c7"", ""r4c8"", ""r5c1"", ""r5c2"", ""r5c3"", ""r5c4"", ""r5c5"", ""r5c6"", ""r5c7"", ""r5c8"", ""r6c1"", ""r6c2"", ""r6c3"", ""r6c4"", ""r6c5"", ""r6c6"", ""r6c7"", ""r6c8""]","{""r1c1"": false, ""r1c2"": true, ""r1c3"": true, ""r1c4"": true, ""r1c5"": true, ""r1c6"": true, ""r1c7"": true, ""r1c8"": true, ""r2c1"": true, ""r2c2"": true, ""r2c3"": true, ""r2c4"": true, ""r2c5"": true, ""r2c6"": true, ""r2c7"": true, ""r2c8"": true, ""r3c1"": true, ""r3c2"": true, ""r3c3"": true, ""r3c4"": true, ""r3c5"": true, ""r3c6"": true, ""r3c7"": true, ""r3c8"": true, ""r4c1"": true, ""r4c2"": true, ""r4c3"": true, ""r4c4"": true, ""r4c5"": true, ""r4c6"": true, ""r4c7"": true, ""r4c8"": true, ""r5c1"": true, ""r5c2"": true, ""r5c3"": true, ""r5c4"": true, ""r5c5"": true, ""r5c6"": true, ""r5c7"": true, ""r5c8"": true, ""r6c1"": true, ""r6c2"": true, ""r6c3"": true, ""r6c4"": true, ""r6c5"": true, ""r6c6"": true, ""r6c7"": true, ""r6c8"": true}",ON,23,Balanced,6,8,0.8967364430427551
2026-10-09 15:43:40,2,"[""r1c1"", ""r1c2"", ""r1c3"", ""r1c4"", ""r1c5"", ""r1c6"", ""r1c7"", ""r1c8"", ""r2c1"", ""r2c2"", ""r2c3"", ""r2c4"", ""r2c5"", ""r2c6"", ""r2c7"", ""r2c8"", ""r3c1"", ""r3c2"", ""r3c3"", ""r3c4"", ""r3c5"", ""r3c6"", ""r3c7"", ""r3c8"", ""r4c1"", ""r4c2"", ""r4c3"", ""r4c4"", ""r4c5"", ""r4c6"", ""r4c7"", ""r4c8"", ""r5c1"", ""r5c2"", ""r5c3"", ""r5c4"", ""r5c5"", ""r5c6"", ""r5c7"", ""r5c8"", ""r6c1"", ""r6c2"", ""r6c3"", ""r6c4"", ""r6c5"", ""r6c6"", ""r6c7"", ""r6c8""]","{""r1c1"": false, ""r1c2"": true, ""r1c3"": true, ""r1c4"": true, ""r1c5"": true, ""r1c6"": true, ""r1c7"": true, ""r1c8"": true, ""r2c1"": true, ""r2c2"": true, ""r2c3"": true, ""r2c4"": true, ""r2c5"": true, ""r2c6"": true, ""r2c7"": true, ""r2c8"": true, ""r3c1"": true, ""r3c2"": true, ""r3c3"": true, ""r3c4"": true, ""r3c5"": true, ""r3c6"": true, ""r3c7"": true, ""r3c8"": true, ""r4c1"": true, ""r4c2"": true, ""r4c3"": true, ""r4c4"": true, ""r4c5"": true, ""r4c6"": true, ""r4c7"": true, ""r4c8"": true, ""r5c1"": true, ""r5c2"": true, ""r5c3"": true, ""r5c4"": true, ""r5c5"": true, ""r5c6"": true, ""r5c7"": true, ""r5c8"": true, ""r6c1"": true, ""r6c2"": true, ""r6c3"": true, ""r6c4"": true, ""r6c5"": true, ""r6c6"": true, ""r6c7"": true, ""r6c8"": true}",ON,23,Balanced,6,8,0.7120587229728699
2026-10-09 15:43:40,1,"[""r1c1"", ""r1c2"", ""r1c3"", ""r1c4"", ""r1c5"", ""r1c6"", ""r1c7"", ""r1c8"", ""r2c1"", ""r2c2"", ""r2c3"", ""r2c4"", ""r2c5"", ""r2c6"", ""r2c7"", ""r2c8"", ""r3c1"", ""r3c2"", ""r3c3"", ""r3c4"", ""r3c5"", ""r3c6"", ""r3c7"", ""r3c8"", ""r4c1"", ""r4c2"", ""r4c3"", ""r4c4"", ""r4c5"", ""r4c6"", ""r4c7"", ""r4c8"", ""r5c1"", ""r5c2"", ""r5c3"", ""r5c4"", ""r5c5"", ""r5c6"", ""r5c7"", ""r5c8"", ""r6c1"", ""r6c2"", ""r6c3"", ""r6c4"", ""r6c5"", ""r6c6"", ""r6c7"", ""r6c8""]","{""r1c1"": false, ""r1c2"": true, ""r1c3"": true, ""r1c4"": true, ""r1c5"": true, ""r1c6"": true, ""r1c7"": true, ""r1c8"": true, ""r2c1"": true, ""r2c2"": true, ""r2c3"": true, ""r2c4"": true, ""r2c5"": true, ""r2c6"": true, ""r2c7"": true, ""r2c8"": true, ""r3c1"": true, ""r3c2"": true, ""r3c3"": true, ""r3c4"": true, ""r3c5"": true, ""r3c6"": true, ""r3c7"": true, ""r3c8"": true, ""r4c1"": true, ""r4c2"": true, ""r4c3"": true, ""r4c4"": true, ""r4c5"": true, ""r4c6"": true, ""r4c7"": true, ""r4c8"": true, ""r5c1"": true, ""r5c2"": true, ""r5c3"": true, ""r5c4"": true, ""r5c5"": true, ""r5c6"": true, ""r5c7"": true, ""r5c8"": true, ""r6c1"": true, ""r6c2"": true, ""r6c3"": true, ""r6c4"": true, ""r6c5"": true, ""r6c6"": true, ""r6c7"": true, ""r6c8"": true}",ON,23,Balanced,6,8,0.9164111614227295
2026-10-09 15:43:40,2,"[""r1c1"", ""r1c2"", ""r1c3"", ""r1c4"", ""r1c5"", ""r1c6"", ""r1c7"", ""r1c8"", ""r2c1"", ""r2c2"", ""r2c3"", ""r2c4"", ""r2c5"", ""r2c6"", ""r2c7"", ""r2c8"", ""r3c1"", ""r3c2"", ""r3c3"", ""r3c4"", ""r3c5"", ""r3c6"", ""r3c7"", ""r3c8"", ""r4c1"", ""r4c2"", ""r4c3"", ""r4c4"", ""r4c5"", ""r4c6"", ""r4c7"", ""r4c8"", ""r5c1"", ""r5c2"", ""r5c3"", ""r5c4"", ""r5c5"", ""r5c6"", ""r5c7"", ""r5c8"", ""r6c1"", ""r6c2"", ""r6c3"", ""r6c4"", ""r6c5"", ""r6c6"", ""r6c7"", ""r6c8""]","{""r1c1"": false, ""r1c2"": true, ""r1c3"": true, ""r1c4"": true, ""r1c5"": true, ""r1c6"": true, ""r1c7"": true, ""r1c8"": true, ""r2c1"": true, ""r2c2"": true, ""r2c3"": true, ""r2c4"": true, ""r2c5"": true, ""r2c6"": true, ""r2c7"": true, ""r2c8"": true, ""r3c1"": true, ""r3c2"": true, ""r3c3"": true, ""r3c4"": true, ""r3c5"": true, ""r3c6"": true, ""r3c7"": true, ""r3c8"": true, ""r4c1"": true, ""r4c2"": true, ""r4c3"": true, ""r4c4"": true, ""r4c5"": true, ""r4c6"": true, ""r4c7"": true, ""r4c8"": true, ""r5c1"": true, ""r5c2"": true, ""r5c3"": true, ""r5c4"": true, ""r5c5"": true, ""r5c6"": true, ""r5c7"": true, ""r5c8"": true, ""r6c1"": true, ""r6c2"": true, ""r6c3"": true, ""r6c4"": true, ""r6c5"": true, ""r6c6"": true, ""r6c7"": true, ""r6c8"": true}",ON,23,Balanced,6,8,0.6869533509016037
2026-10-09 15:43:40,1,"[""r1c1"", ""r1c2"", ""r1c3"", ""r1c4"", ""r1c5"", ""r1c6"", ""r1c7"", ""r1c8"", ""r2c1"", ""r2c2"", ""r2c3"", ""r2c4"", ""r2c5"", ""r2c6"", ""r2c7"", ""r2c8"", ""r3c1"", ""r3c2"", ""r3c3"", ""r3c4"", ""r3c5"", ""r3c6"", ""r3c7"", ""r3c8"", ""r4c1"", ""r4c2"", ""r4c3"", ""r4c4"", ""r4c5"", ""r4c6"", ""r4c7"", ""r4c8"", ""r5c1"", ""r5c2"", ""r5c3"", ""r5c4"", ""r5c5"", ""r5c6"", ""r5c7"", ""r5c8"", ""r6c1"", ""r6c2"", ""r6c3"", ""r6c4"", ""r6c5"", ""r6c6"", ""r6c7"", ""r6c8""]","{""r1c1"": false, ""r1c2"": true, ""r1c3"": true, ""r1c4"": true, ""r1c5"": true, ""r1c6"": true, ""r1c7"": true, ""r1c8"": true, ""r2c1"": true, ""r2c2"": true, ""r2c3"": true, ""r2c4"": true, ""r2c5"": true, ""r2c6"": true, ""r2c7"": true, ""r2c8"": true, ""r3c1"": true, ""r3c2"": true, ""r3c3"": true, ""r3c4"": true, ""r3c5"": true, ""r3c6"": true, ""r3c7"": true, ""r3c8"": true, ""r4c1"": true, ""r4c2"": true, ""r4c3"": true, ""r4c4"": true, ""r4c5"": true, ""r4c6"": true, ""r4c7"": true, ""r4c8"": true, ""r5c1"": true, ""r5c2"": true, ""r5c3"": true, ""r5c4"": true, ""r5c5"": true, ""r5c6"": true, ""r5c7"": true, ""r5c8"": true, ""r6c1"": true, ""r6c2"": true, ""r6c3"": true, ""r6c4"": true, ""r6c5"": true, ""r6c6"": true, ""r6c7"": true, ""r6c8"": true}",ON,23,Balanced,6,8,0.9149725437164307
2026-10-09 15:43:44,2,"[""r1c1"", ""r1c2"", ""r1c3"", ""r1c4"", ""r1c5"", ""r1c6"", ""r1c7"", ""r1c8"", ""r2c1"", ""r2c2"", ""r2c3"", ""r2c4"", ""r2c5"", ""r2c6"", ""r2c7"", ""r2c8"", ""r3c1"", ""r3c2"", ""r3c3"", ""r3c4"", ""r3c5"", ""r3c6"", ""r3c7"", ""r3c8"", ""r4c1"", ""r4c2"", ""r4c3"", ""r4c4"", ""r4c5"", ""r4c6"", ""r4c7"", ""r4c8"", ""r5c1"", ""r5c2"", ""r5c3"", ""r5c4"", ""r5c5"", ""r5c6"", ""r5c7"", ""r5c8"", ""r6c1"", ""r6c2"", ""r6c3"", ""r6c4"", ""r6c5"", ""r6c6"", ""r6c7"", ""r6c8""]","{""r1c1"": false, ""r1c2"": true, ""r1c3"": true, ""r1c4"": true, ""r1c5"": true, ""r1c6"": true, ""r1c7"": true, ""r1c8"": true, ""r2c1"": true, ""r2c2"": true, ""r2c3"": true, ""r2c4"": true, ""r2c5"": true, ""r2c6"": true, ""r2c7"": true, ""r2c8"": true, ""r3c1"": true, ""r3c2"": true, ""r3c3"": true, ""r3c4"": true, ""r3c5"": true, ""r3c6"": true, ""r3c7"": true, ""r3c8"": true, ""r4c1"": true, ""r4c2"": true, ""r4c3"": true, ""r4c4"": true, ""r4c5"": true, ""r4c6"": true, ""r4c7"": true, ""r4c8"": true, ""r5c1"": true, ""r5c2"": true, ""r5c3"": true, ""r5c4"": true, ""r5c5"": true, ""r5c6"": true, ""r5c7"": true, ""r5c8"": true, ""r6c1"": true, ""r6c2"": true, ""r6c3"": true, ""r6c4"": true, ""r6c5"": true, ""r6c6"": true, ""r6c7"": true, ""r6c8"": true}",ON,23,Balanced,6,8,0.8936336636543274
2026-10-09 15:43:44,3,"[""r1c1"", ""r1c2"", ""r1c3"", ""r1c4"", ""r1c5"", ""r1c6"", ""r1c7"", ""r1c8"", ""r2c1"", ""r2c2"", ""r2c3"", ""r2c4"", ""r2c5"", ""r2c6"", ""r2c7"", ""r2c8"", ""r3c1"", ""r3c2"", ""r3c3"", ""r3c4"", ""r3c5"", ""r3c6"", ""r3c7"", ""r3c8"", ""r4c1"", ""r4c2"", ""r4c3"", ""r4c4"", ""r4c5"", ""r4c6"", ""r4c7"", ""r4c8"", ""r5c1"", ""r5c2"", ""r5c3"", ""r5c4"", ""r5c5"", ""r5c6"", ""r5c7"", ""r5c8"", ""r6c1"", ""r6c2"", ""r6c3"", ""r6c4"", ""r6c5"", ""r6c6"", ""r6c7"", ""r6c8""]","{""r1c1"": false, ""r1c2"": true, ""r1c3"": true, ""r1c4"": true, ""r1c5"": true, ""r1c6"": true, ""r1c7"": true, ""r1c8"": true, ""r2c1"": true, ""r2c2"": true, ""r2c3"": true, ""r2c4"": true, ""r2c5"": true, ""r2c6"": true, ""r2c7"": true, ""r2c8"": true, ""r3c1"": true, ""r3c2"": true, ""r3c3"": true, ""r3c4"": true, ""r3c5"": true, ""r3c6"": true, ""r3c7"": true, ""r3c8"": true, ""r4c1"": true, ""r4c2"": true, ""r4c3"": true, ""r4c4"": true, ""r4c5"": true, ""r4c6"": true, ""r4c7"": true, ""r4c8"": true, ""r5c1"": true, ""r5c2"": true, ""r5c3"": true, ""r5c4"": true, ""r5c5"": true, ""r5c6"": true, ""r5c7"": true, ""r5c8"": true, ""r6c1"": true, ""r6c2"": true, ""r6c3"": true, ""r6c4"": true, ""r6c5"": true, ""r6c6"": true, ""r6c7"": true, ""r6c8"": true}",ON,23,Balanced,6,8,0.712710311015447
2026-10-09 15:43:44,1,"[""r1c1"", ""r1c2"", ""r1c3"", ""r1c4"", ""r1c5"", ""r1c6"", ""r1c7"", ""r1c8"", ""r2c1"", ""r2c2"", ""r2c3"", ""r2c4"", ""r2c5"", ""r2c6"", ""r2c7"", ""r2c8"", ""r3c1"", ""r3c2"", ""r3c3"", ""r3c4"", ""r3c5"", ""r3c6"", ""r3c7"", ""r3c8"", ""r4c1"", ""r4c2"", ""r4c3"", ""r4c4"", ""r4c5"", ""r4c6"", ""r4c7"", ""r4c8"", ""r5c1"", ""r5c2"", ""r5c3"", ""r5c4"", ""r5c5"", ""r5c6"", ""r5c7"", ""r5c8"", ""r6c1"", ""r6c2"", ""r6c3"", ""r6c4"", ""r6c5"", ""r6c6"", ""r6c7"", ""r6c8""]","{""r1c1"": false, ""r1c2"": true, ""r1c3"": true, ""r1c4"": true, ""r1c5"": true, ""r1c6"": true, ""r1c7"": true, ""r1c8"": true, ""r2c1"": true, ""r2c2"": true, ""r2c3"": true, ""r2c4"": true, ""r2c5"": true, ""r2c6"": true, ""r2c7"": true, ""r2c8"": true, ""r3c1"": true, ""r3c2"": true, ""r3c3"": true, ""r3c4"": true, ""r3c5"": true, ""r3c6"": true, ""r3c7"": true, ""r3c8"": true, ""r4c1"": true, ""r4c2"": true, ""r4c3"": true, ""r4c4"": true, ""r4c5"": true, ""r4c6"": true, ""r4c7"": true, ""r4c8"": true, ""r5c1"": true, ""r5c2"": true, ""r5c3"": true, ""r5c4"": true, ""r5c5"": true, ""r5c6"": true, ""r5c7"": true, ""r5c8"": true, ""r6c1"": true, ""r6c2"": true, ""r6c3"": true, ""r6c4"": true, ""r6c5"": true, ""r6c6"": true, ""r6c7"": true, ""r6c8"": true}",ON,23,Balanced,6,8,0.9337038397789001
2026-10-09 15:43:45,2,"[""r1c1"", ""r1c2"", ""r1c3"", ""r1c4"", ""r1c5"", ""r1c6"", ""r1c7"", ""r1c8"", ""r2c1"", ""r2c2"", ""r2c3"", ""r2c4"", ""r2c5"", ""r2c6"", ""r2c7"", ""r2c8"", ""r3c1"", ""r3c2"", ""r3c3"", ""r3c4"", ""r3c5"", ""r3c6"", ""r3c7"", ""r3c8"", ""r4c1"", ""r4c2"", ""r4c3"", ""r4c4"", ""r4c5"", ""r4c6"", ""r4c7"", ""r4c8"", ""r5c1"", ""r5c2"", ""r5c3"", ""r5c4"", ""r5c5"", ""r5c6"", ""r5c7"", ""r5c8"", ""r6c1"", ""r6c2"", ""r6c3"", ""r6c4"", ""r6c5"", ""r6c6"", ""r6c7"", ""r6c8""]","{""r1c1"": false, ""r1c2"": true, ""r1c3"": true, ""r1c4"": true, ""r1c5"": true, ""r1c6"": true, ""r1c7"": true, ""r1c8"": true, ""r2c1"": true, ""r2c2"": true, ""r2c3"": true, ""r2c4"": true, ""r2c5"": true, ""r2c6"": true, ""r2c7"": true, ""r2c8"": true, ""r3c1"": true, ""r3c2"": true, ""r3c3"": true, ""r3c4"": true, ""r3c5"": true, ""r3c6"": true, ""r3c7"": true, ""r3c8"": true, ""r4c1"": true, ""r4c2"": true, ""r4c3"": true, ""r4c4"": true, ""r4c5"": true, ""r4c6"": true, ""r4c7"": true, ""r4c8"": true, ""r5c1"": true, ""r5c2"": true, ""r5c3"": true, ""r5c4"": true, ""r5c5"": true, ""r5c6"": true, ""r5c7"": true, ""r5c8"": true, ""r6c1"": true, ""r6c2"": true, ""r6c3"": true, ""r6c4"": true, ""r6c5"": true, ""r6c6"": true, ""r6c7"": true, ""r6c8"": true}",ON,23,Balanced,6,8,0.7932702898979187
2026-10-09 15:43:45,3,"[""r1c1"", ""r1c2"", ""r1c3"", ""r1c4"", ""r1c5"", ""r1c6"", ""r1c7"", ""r1c8"", ""r2c1"", ""r2c2"", ""r2c3"", ""r2c4"", ""r2c5"", ""r2c6"", ""r2c7"", ""r2c8"", ""r3c1"", ""r3c2"", ""r3c3"", ""r3c4"", ""r3c5"", ""r3c6"", ""r3c7"", ""r3c8"", ""r4c1"", ""r4c2"", ""r4c3"", ""r4c4"", ""r4c5"", ""r4c6"", ""r4c7"", ""r4c8"", ""r5c1"", ""r5c2"", ""r5c3"", ""r5c4"", ""r5c5"", ""r5c6"", ""r5c7"", ""r5c8"", ""r6c1"", ""r6c2"", ""r6c3"", ""r6c4"", ""r6c5"", ""r6c6"", ""r6c7"", ""r6c8""]","{""r1c1"": false, ""r1c2"": true, ""r1c3"": true, ""r1c4"": true, ""r1c5"": true, ""r1c6"": true, ""r1c7"": true, ""r1c8"": true, ""r2c1"": true, ""r2c2"": true, ""r2c3"": true, ""r2c4"": true, ""r2c5"": true, ""r2c6"": true, ""r2c7"": true, ""r2c8"": true, ""r3c1"": true, ""r3c2"": true, ""r3c3"": true, ""r3c4"": true, ""r3c5"": true, ""r3c6"": true, ""r3c7"": true, ""r3c8"": true, ""r4c1"": true, ""r4c2"": true, ""r4c3"": true, ""r4c4"": true, ""r4c5"": true, ""r4c6"": true, ""r4c7"": true, ""r4c8"": true, ""r5c1"": true, ""r5c2"": true, ""r5c3"": true, ""r5c4"": true, ""r5c5"": true, ""r5c6"": true, ""r5c7"": true, ""r5c8"": true, ""r6c1"": true, ""r6c2"": true, ""r6c3"": true, ""r6c4"": true, ""r6c5"": true, ""r6c6"": true, ""r6c7"": true, ""r6c8"": true}",ON,23,Balanced,6,8,0.6965793967247009
2026-10-09 15:43:45,2,"[""r1c1"", ""r1c2"", ""r1c3"", ""r1c4"", ""r1c5"", ""r1c6"", ""r1c7"", ""r1c8"", ""r2c1"", ""r2c2"", ""r2c3"", ""r2c4"", ""r2c5"", ""r2c6"", ""r2c7"", ""r2c8"", ""r3c1"", ""r3c2"", ""r3c3"", ""r3c4"", ""r3c5"", ""r3c6"", ""r3c7"", ""r3c8"", ""r4c1"", ""r4c2"", ""r4c3"", ""r4c4"", ""r4c5"", ""r4c6"", ""r4c7"", ""r4c8"", ""r5c1"", ""r5c2"", ""r5c3"", ""r5c4"", ""r5c5"", ""r5c6"", ""r5c7"", ""r5c8"", ""r6c1"", ""r6c2"", ""r6c3"", ""r6c4"", ""r6c5"", ""r6c6"", ""r6c7"", ""r6c8""]","{""r1c1"": false, ""r1c2"": true, ""r1c3"": true, ""r1c4"": true, ""r1c5"": true, ""r1c6"": true, ""r1c7"": true, ""r1c8"": true, ""r2c1"": true, ""r2c2"": true, ""r2c3"": true, ""r2c4"": true, ""r2c5"": true, ""r2c6"": true, ""r2c7"": true, ""r2c8"": true, ""r3c1"": true, ""r3c2"": true, ""r3c3"": true, ""r3c4"": true, ""r3c5"": true, ""r3c6"": true, ""r3c7"": true, ""r3c8"": true, ""r4c1"": true, ""r4c2"": true, ""r4c3"": true, ""r4c4"": true, ""r4c5"": true, ""r4c6"": true, ""r4c7"": true, ""r4c8"": true, ""r5c1"": true, ""r5c2"": true, ""r5c3"": true, ""r5c4"": true, ""r5c5"": true, ""r5c6"": true, ""r5c7"": true, ""r5c8"": true, ""r6c1"": true, ""r6c2"": true, ""r6c3"": true, ""r6c4"": true, ""r6c5"": true, ""r6c6"": true, ""r6c7"": true, ""r6c8"": true}",ON,23,Balanced,6,8,0.786734938621521
2026-10-09 15:43:45,1,"[""r1c1"", ""r1c2"", ""r1c3"", ""r1c4"", ""r1c5"", ""r1c6"", ""r1c7"", ""r1c8"", ""r2c1"", ""r2c2"", ""r2c3"", ""r2c4"", ""r2c5"", ""r2c6"", ""r2c7"", ""r2c8"", ""r3c1"", ""r3c2"", ""r3c3"", ""r3c4"", ""r3c5"", ""r3c6"", ""r3c7"", ""r3c8"", ""r4c1"", ""r4c2"", ""r4c3"", ""r4c4"", ""r4c5"", ""r4c6"", ""r4c7"", ""r4c8"", ""r5c1"", ""r5c2"", ""r5c3"", ""r5c4"", ""r5c5"", ""r5c6"", ""r5c7"", ""r6c1"", ""r6c2"", ""r6c3"", ""r6c4"", ""r6c5"", ""r6c6"", ""r6c7""]","{""r1c1"": false, ""r1c2"": true, ""r1c3"": true, ""r1c4"": true, ""r1c5"": true, ""r1c6"": true, ""r1c7"": true, ""r1c8"": true, ""r2c1"": true, ""r2c2"": true, ""r2c3"": true, ""r2c4"": true, ""r2c5"": true, ""r2c6"": true, ""r2c7"": true, ""r2c8"": true, ""r3c1"": true, ""r3c2"": true, ""r3c3"": true, ""r3c4"": true, ""r3c5"": true, ""r3c6"": true, ""r3c7"": true, ""r3c8"": true, ""r4c1"": true, ""r4c2"": true, ""r4c3"": true, ""r4c4"": true, ""r4c5"": true, ""r4c6"": true, ""r4c7"": true, ""r4c8"": true, ""r5c1"": true, ""r5c2"": true, ""r5c3"": true, ""r5c4"": true, ""r5c5"": true, ""r5c6"": true, ""r5c7"": true, ""r5c8"": true, ""r6c1"": true, ""r6c2"": true, ""r6c3"": true, ""r6c4"": true, ""r6c5"": true, ""r6c6"": true, ""r6c7"": true, ""r6c8"": true}",ON,23,Balanced,6,8,0.9401515126228333
2026-10-09 15:43:47,2,"[""r3c2"", ""r3c3"", ""r3c4"", ""r3c5"", ""r3c6"", ""r3c7"", ""r3c8"", ""r4c1"", ""r4c2"", ""r4c3"", ""r4c4"", ""r4c5"", ""r4c6"", ""r4c7"", ""r4c8"", ""r5c1"", ""r5c2"", ""r5c3"", ""r5c4"", ""r5c5"", ""r5c6"", ""r5c7"", ""r5c8"", ""r6c1"", ""r6c2"", ""r6c3"", ""r6c4"", ""r6c5"", ""r6c6"", ""r6c7"", ""r6c8""]","{""r1c1"": false, ""r1c2"": true, ""r1c3"": true, ""r1c4"": true, ""r1c5"": true, ""r1c6"": true, ""r1c7"": true, ""r1c8"": true, ""r2c1"": true, ""r2c2"": true, ""r2c3"": true, ""r2c4"": true, ""r2c5"": true, ""r2c6"": true, ""r2c7"": true, ""r2c8"": true, ""r3c1"": true, ""r3c2"": true, ""r3c3"": true, ""r3c4"": true, ""r3c5"": true, ""r3c6"": true, ""r3c7"": true, ""r3c8"": true, ""r4c1"": true, ""r4c2"": true, ""r4c3"": true, ""r4c4"": true, ""r4c5"": true, ""r4c6"": true, ""r4c7"": true, ""r4c8"": true, ""r5c1"": true, ""r5c2"": true, ""r5c3"": true, ""r5c4"": true, ""r5c5"": true, ""r5c6"": true, ""r5c7"": true, ""r5c8"": true, ""r6c1"": true, ""r6c2"": true, ""r6c3"": true, ""r6c4"": true, ""r6c5"": true, ""r6c6"": true, ""r6c7"": true, ""r6c8"": true}",ON,23,Balanced,6,8,0.8680155575275421
2026-10-09 15:43:48,3,"[""r4c1"", ""r4c2"", ""r4c3"", ""r4c4"", ""r4c5"", ""r4c6"", ""r4c7"", ""r4c8"", ""r5c1"", ""r5c2"", ""r5c3"", ""r5c4"", ""r5c5"", ""r5c6"", ""r5c7"", ""r6c1"", ""r6c2"", ""r6c3"", ""r6c4"", ""r6c5"", ""r6c6"", ""r6c7"", ""r6c8""]","{""r1c1"": false, ""r1c2"": true, ""r1c3"": true, ""r1c4"": true, ""r1c5"": true, ""r1c6"": true, ""r1c7"": true, ""r1c8"": true, ""r2c1"": true, ""r2c2"": true, ""r2c3"": true, ""r2c4"": true, ""r2c5"": true, ""r2c6"": true, ""r2c7"": true, ""r2c8"": true, ""r3c1"": true, ""r3c2"": true, ""r3c3"": true, ""r3c4"": true, ""r3c5"": true, ""r3c6"": true, ""r3c7"": true, ""r3c8"": true, ""r4c1"": true, ""r4c2"": true, ""r4c3"": true, ""r4c4"": true, ""r4c5"": true, ""r4c6"": true, ""r4c7"": true, ""r4c8"": true, ""r5c1"": true, ""r5c2"": true, ""r5c3"": true, ""r5c4"": true, ""r5c5"": true, ""r5c6"": true, ""r5c7"": true, ""r5c8"": true, ""r6c1"": true, ""r6c2"": true, ""r6c3"": true, ""r6c4"": true, ""r6c5"": true, ""r6c6"": true, ""r6c7"": true, ""r6c8"": true}",ON,23,Balanced,6,8,0.735032856464386
2026-10-09 15:43:48,2,"[""r3c2"", ""r3c3"", ""r3c4"", ""r3c5"", ""r3c6"", ""r3c7"", ""r3c8"", ""r4c1"", ""r4c2"", ""r4c3"", ""r4c4"", ""r4c5"", ""r4c6"", ""r4c7"", ""r4c8"", ""r5c1"", ""r5c2"", ""r5c3"", ""r5c4"", ""r5c5"", ""r5c6"", ""r5c7"", ""r5c8"", ""r6c1"", ""r6c2"", ""r6c3"", ""r6c4"", ""r6c5"", ""r6c6"", ""r6c7"", ""r6c8""]","{""r1c1"": false, ""r1c2"": true, ""r1c3"": true, ""r1c4"": true, ""r1c5"": true, ""r1c6"": true, ""r1c7"": true, ""r1c8"": true, ""r2c1"": true, ""r2c2"": true, ""r2c3"": true, ""r2c4"": true, ""r2c5"": true, ""r2c6"": true, ""r2c7"": true, ""r2c8"": true, ""r3c1"": true, ""r3c2"": true, ""r3c3"": true, ""r3c4"": true, ""r3c5"": true, ""r3c6"": true, ""r3c7"": true, ""r3c8"": true, ""r4c1"": true, ""r4c2"": true, ""r4c3"": true, ""r4c4"": true, ""r4c5"": true, ""r4c6"": true, ""r4c7"": true, ""r4c8"": true, ""r5c1"": true, ""r5c2"": true, ""r5c3"": true, ""r5c4"": true, ""r5c5"": true, ""r5c6"": true, ""r5c7"": true, ""r5c8"": true, ""r6c1"": true, ""r6c2"": true, ""r6c3"": true, ""r6c4"": true, ""r6c5"": true, ""r6c6"": true, ""r6c7"": true, ""r6c8"": true}",ON,23,Balanced,6,8,0.8467468917369843
2026-10-09 15:43:48,3,"[""r3c2"", ""r3c3"", ""r3c4"", ""r3c5"", ""r3c6"", ""r3c7"", ""r3c8"", ""r4c1"", ""r4c2"", ""r4c3"", ""r4c4"", ""r4c5"", ""r4c6"", ""r4c7"", ""r4c8"", ""r5c1"", ""r5c2"", ""r5c3"", ""r5c4"", ""r5c5"", ""r5c6"", ""r5c7"", ""r5c8"", ""r6c1"", ""r6c2"", ""r6c3"", ""r6c4"", ""r6c5"", ""r6c6"", ""r6c7"", ""r6c8""]","{""r1c1"": false, ""r1c2"": true, ""r1c3"": true, ""r1c4"": true, ""r1c5"": true, ""r1c6"": true, ""r1c7"": true, ""r1c8"": true, ""r2c1"": true, ""r2c2"": true, ""r2c3"": true, ""r2c4"": true, ""r2c5"": true, ""r2c6"": true, ""r2c7"": true, ""r2c8"": true, ""r3c1"": true, ""r3c2"": true, ""r3c3"": true, ""r3c4"": true, ""r3c5"": true, ""r3c6"": true, ""r3c7"": true, ""r3c8"": true, ""r4c1"": true, ""r4c2"": true, ""r4c3"": true, ""r4c4"": true, ""r4c5"": true, ""r4c6"": true, ""r4c7"": true, ""r4c8"": true, ""r5c1"": true, ""r5c2"": true, ""r5c3"": true, ""r5c4"": true, ""r5c5"": true, ""r5c6"": true, ""r5c7"": true, ""r5c8"": true, ""r6c1"": true, ""r6c2"": true, ""r6c3"": true, ""r6c4"": true, ""r6c5"": true, ""r6c6"": true, ""r6c7"": true, ""r6c8"": true}",ON,23,Balanced,6,8,0.7766972184181213
2026-10-09 15:43:49,2,"[""r3c2"", ""r3c3"", ""r3c4"", ""r3c5"", ""r3c6"", ""r3c7"", ""r3c8"", ""r4c1"", ""r4c2"", ""r4c3"", ""r4c4"", ""r4c5"", ""r4c6"", ""r4c7"", ""r4c8"", ""r5c1"", ""r5c2"", ""r5c3"", ""r5c4"", ""r5c5"", ""r5c6"", ""r5c7"", ""r5c8"", ""r6c1"", ""r6c2"", ""r6c3"", ""r6c4"", ""r6c5"", ""r6c6"", ""r6c7"", ""r6c8""]","{""r1c1"": false, ""r1c2"": true, ""r1c3"": true, ""r1c4"": true, ""r1c5"": true, ""r1c6"": true, ""r1c7"": true, ""r1c8"": true, ""r2c1"": true, ""r2c2"": true, ""r2c3"": true, ""r2c4"": true, ""r2c5"": true, ""r2c6"": true, ""r2c7"": true, ""r2c8"": true, ""r3c1"": true, ""r3c2"": true, ""r3c3"": true, ""r3c4"": true, ""r3c5"": true, ""r3c6"": true, ""r3c7"": true, ""r3c8"": true, ""r4c1"": true, ""r4c2"": true, ""r4c3"": true, ""r4c4"": true, ""r4c5"": true, ""r4c6"": true, ""r4c7"": true, ""r4c8"": true, ""r5c1"": true, ""r5c2"": true, ""r5c3"": true, ""r5c4"": true, ""r5c5"": true, ""r5c6"": true, ""r5c7"": true, ""r5c8"": true, ""r6c1"": true, ""r6c2"": true, ""r6c3"": true, ""r6c4"": true, ""r6c5"": true, ""r6c6"": true, ""r6c7"": true, ""r6c8"": true}",ON,23,Balanced,6,8,0.7832996547222137
2026-10-09 15:43:49,1,"[""r3c2"", ""r3c3"", ""r3c4"", ""r3c5"", ""r3c6"", ""r3c7"", ""r3c8"", ""r4c2"", ""r4c3"", ""r4c4"", ""r4c5"", ""r4c6"", ""r4c7"", ""r4c8"", ""r5c2"", ""r5c3"", ""r5c4"", ""r5c5"", ""r5c6"", ""r5c7"", ""r5c8"", ""r6c2"", ""r6c3"", ""r6c4"", ""r6c5"", ""r6c6"", ""r6c7"", ""r6c8""]","{""r1c1"": false, ""r1c2"": true, ""r1c3"": true, ""r1c4"": true, ""r1c5"": true, ""r1c6"": true, ""r1c7"": true, ""r1c8"": true, ""r2c1"": true, ""r2c2"": true, ""r2c3"": true, ""r2c4"": true, ""r2c5"": true, ""r2c6"": true, ""r2c7"": true, ""r2c8"": true, ""r3c1"": true, ""r3c2"": true, ""r3c3"": true, ""r3c4"": true, ""r3c5"": true, ""r3c6"": true, ""r3c7"": true, ""r3c8"": true, ""r4c1"": true, ""r4c2"": true, ""r4c3"": true, ""r4c4"": true, ""r4c5"": true, ""r4c6"": true, ""r4c7"": true, ""r4c8"": true, ""r5c1"": true, ""r5c2"": true, ""r5c3"": true, ""r5c4"": true, ""r5c5"": true, ""r5c6"": true, ""r5c7"": true, ""r5c8"": true, ""r6c1"": true, ""r6c2"": true, ""r6c3"": true, ""r6c4"": true, ""r6c5"": true, ""r6c6"": true, ""r6c7"": true, ""r6c8"": true}",ON,23,Balanced,6,8,0.91217041015625
2026-10-09 15:43:49,2,"[""r3c2"", ""r3c3"", ""r3c4"", ""r3c5"", ""r3c6"", ""r3c7"", ""r3c8"", ""r4c2"", ""r4c3"", ""r4c4"", ""r4c5"", ""r4c6"", ""r4c7"", ""r4c8"", ""r5c2"", ""r5c3"", ""r5c4"", ""r5c5"", ""r5c6"", ""r5c7"", ""r5c8"", ""r6c2"", ""r6c3"", ""r6c4"", ""r6c5"", ""r6c6"", ""r6c7"", ""r6c8""]","{""r1c1"": false, ""r1c2"": true, ""r1c3"": true, ""r1c4"": true, ""r1c5"": true, ""r1c6"": true, ""r1c7"": true, ""r1c8"": true, ""r2c1"": true, ""r2c2"": true, ""r2c3"": true, ""r2c4"": true, ""r2c5"": true, ""r2c6"": true, ""r2c7"": true, ""r2c8"": true, ""r3c1"": true, ""r3c2"": true, ""r3c3"": true, ""r3c4"": true, ""r3c5"": true, ""r3c6"": true, ""r3c7"": true, ""r3c8"": true, ""r4c1"": true, ""r4c2"": true, ""r4c3"": true, ""r4c4"": true, ""r4c5"": true, ""r4c6"": true, ""r4c7"": true, ""r4c8"": true, ""r5c1"": true, ""r5c2"": true, ""r5c3"": true, ""r5c4"": true, ""r5c5"": true, ""r5c6"": true, ""r5c7"": true, ""r5c8"": true, ""r6c1"": true, ""r6c2"": true, ""r6c3"": true, ""r6c4"": true, ""r6c5"": true, ""r6c6"": true, ""r6c7"": true, ""r6c8"": true}",ON,23,Balanced,6,8,0.6970602720975876
2026-10-09 15:43:49,3,"[""r3c2"", ""r3c3"", ""r3c4"", ""r3c5"", ""r3c6"", ""r3c7"", ""r3c8"", ""r4c2"", ""r4c3"", ""r4c4"", ""r4c5"", ""r4c6"", ""r4c7"", ""r4c8"", ""r5c2"", ""r5c3"", ""r5c4"", ""r5c5"", ""r5c6"", ""r5c7"", ""r5c8"", ""r6c1"", ""r6c2"", ""r6c3"", ""r6c4"", ""r6c5"", ""r6c6"", ""r6c7"", ""r6c8""]","{""r1c1"": false, ""r1c2"": true, ""r1c3"": true, ""r1c4"": true, ""r1c5"": true, ""r1c6"": true, ""r1c7"": true, ""r1c8"": true, ""r2c1"": true, ""r2c2"": true, ""r2c3"": true, ""r2c4"": true, ""r2c5"": true, ""r2c6"": true, ""r2c7"": true, ""r2c8"": true, ""r3c1"": true, ""r3c2"": true, ""r3c3"": true, ""r3c4"": true, ""r3c5"": true, ""r3c6"": true, ""r3c7"": true, ""r3c8"": true, ""r4c1"": true, ""r4c2"": true, ""r4c3"": true, ""r4c4"": true, ""r4c5"": true, ""r4c6"": true, ""r4c7"": true, ""r4c8"": true, ""r5c1"": true, ""r5c2"": true, ""r5c3"": true, ""r5c4"": true, ""r5c5"": true, ""r5c6"": true, ""r5c7"": true, ""r5c8"": true, ""r6c1"": true, ""r6c2"": true, ""r6c3"": true, ""r6c4"": true, ""r6c5"": true, ""r6c6"": true, ""r6c7"": true, ""r6c8"": true}",ON,23,Balanced,6,8,0.6957451005776724
